event_id,activity,timestamp,object_ids,attr__quantity,attr__unit,attr__value,attr__currency,attr__material,attr__movement_type,attr__billing_category
e74,Create Goods Movement (from Order),2020-03-26T08:12:48+00:00,0000019068;4900005426,2.0,ST,0.0,EUR,R-F100,601, 
e75,Create Goods Movement (from Delivery),2020-03-26T08:12:48+00:00,0080018917;4900005426,2.0,ST,0.0,EUR,R-F100,601, 
e1,Create Invoice (from Order),2020-03-26T08:12:57+00:00,0000019068;0090040438,2.0,ST,5200.0,EUR, , ,L
e2,Create Invoice (from Delivery),2020-03-26T08:12:57+00:00,0080018917;0090040438,2.0,ST,5200.0,EUR, , ,L
e76,Create Order (from Quotation),2020-03-26T23:51:12+00:00,0000019071;0020000271,1.0,ST,920.0,EUR, , , 
e79,Create Goods Movement (from Order),2020-03-27T08:11:39+00:00,0000019073;4900005439,1.0,ST,0.0,EUR,T-VPC98,601, 
e80,Create Goods Movement (from Delivery),2020-03-27T08:11:39+00:00,0080018919;4900005439,1.0,ST,0.0,EUR,T-VPC98,601, 
e81,Create Invoice (from Order),2020-03-27T08:12:07+00:00,0000019073;0090040439,1.0,ST,212.0,EUR, , ,L
e82,Create Invoice (from Delivery),2020-03-27T08:12:07+00:00,0080018919;0090040439,1.0,ST,212.0,EUR, , ,L
e77,Create Order (from Quotation),2020-03-27T08:12:14+00:00,0000019074;0020000274,0.0, ,800.0,EUR, , , 
e78,Create Order (from Quotation),2020-03-27T08:12:15+00:00,0000019074;0020000274,1.0,ST,800.0,EUR, , , 
e3,Create Goods Movement (from Order),2020-03-27T13:38:56+00:00,0000019077;4900005445,2.0,ST,140.0,EUR,T-VPC00,601, 
e4,Create Goods Movement (from Delivery),2020-03-27T13:38:56+00:00,0080018920;4900005445,2.0,ST,140.0,EUR,T-VPC00,601, 
e83,Create Invoice (from Order),2020-03-27T13:44:54+00:00,0000019077;0090040440,2.0,ST,1600.0,EUR, , ,L
e84,Create Invoice (from Delivery),2020-03-27T13:44:54+00:00,0080018920;0090040440,2.0,ST,1600.0,EUR, , ,L
e6,Create Goods Movement (from Order),2020-03-27T22:35:24+00:00,0000019078;4900005446,4.0,ST,0.0,EUR,T-VPC98,601, 
e7,Create Goods Movement (from Delivery),2020-03-27T22:35:24+00:00,0080018922;4900005446,4.0,ST,0.0,EUR,T-VPC98,601, 
e5,Create Goods Movement (from Order),2020-03-28T04:06:44+00:00,0000019080;4900005447,6.0,ST,28.2,EUR,T-VPC98,601, 
e9,Create Goods Movement (from Delivery),2020-03-28T04:06:44+00:00,0080018924;4900005447,6.0,ST,28.2,EUR,T-VPC98,601, 
e85,Create Invoice (from Order),2020-03-28T04:11:37+00:00,0000019080;0090040441,6.0,ST,600.0,EUR, , ,L
e86,Create Invoice (from Delivery),2020-03-28T04:11:37+00:00,0080018924;0090040441,6.0,ST,600.0,EUR, , ,L
e8,Create Goods Movement (from Order),2020-05-06T07:24:51+00:00,0000019084;4900005522,10.0,ST,5744.5,EUR,P-102,601, 
e10,Create Goods Movement (from Delivery),2020-05-06T07:24:51+00:00,0080018926;4900005522,10.0,ST,5744.5,EUR,P-102,601, 
e11,Create Invoice (from Order),2020-05-06T07:25:40+00:00,0000019084;0090040442,10.0,ST,9900.0,EUR, , ,L
e12,Create Invoice (from Delivery),2020-05-06T07:25:40+00:00,0080018926;0090040442,10.0,ST,9900.0,EUR, , ,L
e99,Create Goods Movement (from Order),2020-05-07T07:54:05+00:00,0000019086;4900005523,10.0,ST,2400.0,EUR,P-105,601, 
e100,Create Goods Movement (from Delivery),2020-05-07T07:54:05+00:00,0080018927;4900005523,10.0,ST,2400.0,EUR,P-105,601, 
e87,Create Invoice (from Order),2020-05-07T07:56:08+00:00,0000019086;0090040443,10.0,ST,4900.0,EUR, , ,O
e88,Create Invoice (from Delivery),2020-05-07T07:56:08+00:00,0080018927;0090040443,10.0,ST,4900.0,EUR, , ,O
e13,Create Goods Movement (from Order),2020-05-07T10:43:45+00:00,0000019087;4900005524,5.0,ST,1200.0,EUR,P-105,601, 
e14,Create Goods Movement (from Delivery),2020-05-07T10:43:45+00:00,0080018928;4900005524,5.0,ST,1200.0,EUR,P-105,601, 
e15,Create Invoice (from Order),2020-05-07T10:43:58+00:00,0000019087;0090040444,5.0,ST,2500.0,EUR, , ,L
e16,Create Invoice (from Delivery),2020-05-07T10:43:58+00:00,0080018928;0090040444,5.0,ST,2500.0,EUR, , ,L
e101,Create Goods Movement (from Order),2020-05-07T13:17:20+00:00,0000019088;4900005525,1.0,ST,240.0,EUR,P-105,601, 
e102,Create Goods Movement (from Delivery),2020-05-07T13:17:20+00:00,0080018929;4900005525,1.0,ST,240.0,EUR,P-105,601, 
e103,Create Goods Movement (from Order),2020-05-08T00:55:42+00:00,0000019089;4900005526,5.0,ST,1200.0,EUR,P-105,601, 
e104,Create Goods Movement (from Delivery),2020-05-08T00:55:42+00:00,0080018930;4900005526,5.0,ST,1200.0,EUR,P-105,601, 
e105,Create Invoice (from Order),2020-05-08T01:03:11+00:00,0000019089;0090040445,5.0,ST,2500.0,EUR, , ,L
e106,Create Invoice (from Delivery),2020-05-08T01:03:11+00:00,0080018930;0090040445,5.0,ST,2500.0,EUR, , ,L
e107,Create Goods Movement (from Order),2020-05-08T01:48:25+00:00,0000019090;4900005527,5.0,ST,3162.7,EUR,P-101,601, 
e108,Create Goods Movement (from Delivery),2020-05-08T01:48:25+00:00,0080018931;4900005527,5.0,ST,3162.7,EUR,P-101,601, 
e109,Create Invoice (from Order),2020-05-08T01:48:50+00:00,0000019090;0090040446,5.0,ST,13396.0,EUR, , ,L
e110,Create Invoice (from Delivery),2020-05-08T01:48:50+00:00,0080018931;0090040446,5.0,ST,13396.0,EUR, , ,L
e111,Create Goods Movement (from Order),2020-05-08T02:13:28+00:00,0000019091;4900005528,10.0,ST,6325.4,EUR,P-101,601, 
e112,Create Goods Movement (from Delivery),2020-05-08T02:13:28+00:00,0080018932;4900005528,10.0,ST,6325.4,EUR,P-101,601, 
e113,Create Invoice (from Order),2020-05-08T02:13:44+00:00,0000019091;0090040447,10.0,ST,28688.24,EUR, , ,L
e114,Create Invoice (from Delivery),2020-05-08T02:13:44+00:00,0080018932;0090040447,10.0,ST,28688.24,EUR, , ,L
e115,Create Goods Movement (from Order),2020-05-08T04:06:58+00:00,0000019092;4900005529,2.0,ST,1265.08,EUR,P-101,601, 
e116,Create Goods Movement (from Delivery),2020-05-08T04:06:58+00:00,0080018933;4900005529,2.0,ST,1265.08,EUR,P-101,601, 
e117,Create Invoice (from Order),2020-05-08T04:07:59+00:00,0000019092;0090040448,2.0,ST,5570.06,EUR, , ,L
e118,Create Invoice (from Delivery),2020-05-08T04:07:59+00:00,0080018933;0090040448,2.0,ST,5570.06,EUR, , ,L
e119,Create Goods Movement (from Order),2020-05-08T05:18:27+00:00,0000019093;4900005530,30.0,ST,18976.2,EUR,P-101,601, 
e120,Create Goods Movement (from Delivery),2020-05-08T05:18:27+00:00,0080018934;4900005530,30.0,ST,18976.2,EUR,P-101,601, 
e121,Create Invoice (from Order),2020-05-08T05:19:06+00:00,0000019093;0090040449,30.0,ST,87672.24,EUR, , ,L
e122,Create Invoice (from Delivery),2020-05-08T05:19:06+00:00,0080018934;0090040449,30.0,ST,87672.24,EUR, , ,L
e123,Create Goods Movement (from Order),2020-05-08T05:22:05+00:00,0000019094;4900005531,10.0,ST,5744.5,EUR,P-102,601, 
e124,Create Goods Movement (from Delivery),2020-05-08T05:22:05+00:00,0080018935;4900005531,10.0,ST,5744.5,EUR,P-102,601, 
e17,Create Invoice (from Delivery),2020-05-08T05:22:12+00:00,0080018935;0090040450,10.0,ST,302800.0,EUR, , ,L
e125,Create Invoice (from Order),2020-05-08T05:22:12+00:00,0000019094;0090040450,10.0,ST,302800.0,EUR, , ,L
e32,Create Goods Movement (from Order),2020-05-08T05:25:12+00:00,0000019095;4900005532,10.0,ST,5744.5,EUR,P-102,601, 
e33,Create Goods Movement (from Delivery),2020-05-08T05:25:12+00:00,0080018936;4900005532,10.0,ST,5744.5,EUR,P-102,601, 
e34,Create Invoice (from Order),2020-05-08T05:25:19+00:00,0000019095;0090040451,10.0,ST,802800.0,EUR, , ,L
e35,Create Invoice (from Delivery),2020-05-08T05:25:19+00:00,0080018936;0090040451,10.0,ST,802800.0,EUR, , ,L
e18,Create Goods Movement (from Order),2020-05-09T06:31:45+00:00,0000019096;4900005534,10.0,ST,5744.5,EUR,P-102,601, 
e19,Create Goods Movement (from Delivery),2020-05-09T06:31:45+00:00,0080018938;4900005534,10.0,ST,5744.5,EUR,P-102,601, 
e20,Create Invoice (from Order),2020-05-09T06:40:09+00:00,0000019096;0090040452,10.0,ST,67600.0,EUR, , ,L
e21,Create Invoice (from Delivery),2020-05-09T06:40:09+00:00,0080018938;0090040452,10.0,ST,67600.0,EUR, , ,L
e89,Create Goods Movement (from Order),2020-05-09T07:21:56+00:00,0000019101;4900005535,1.0,ST,574.45,EUR,P-102,601, 
e90,Create Goods Movement (from Delivery),2020-05-09T07:21:56+00:00,0080018940;4900005535,1.0,ST,574.45,EUR,P-102,601, 
e91,Create Goods Movement (from Order),2020-05-09T07:21:58+00:00,0000019105;4900005536,1.0,ST,574.45,EUR,P-102,601, 
e92,Create Goods Movement (from Order),2020-05-09T07:21:58+00:00,0000019105;4900005536,2.0,ST,1265.08,EUR,P-101,601, 
e93,Create Goods Movement (from Delivery),2020-05-09T07:21:58+00:00,0080018941;4900005536,1.0,ST,574.45,EUR,P-102,601, 
e94,Create Goods Movement (from Delivery),2020-05-09T07:21:58+00:00,0080018941;4900005536,2.0,ST,1265.08,EUR,P-101,601, 
e95,Create Goods Movement (from Order),2020-05-09T07:22:03+00:00,0000019102;4900005537,1.0,ST,574.45,EUR,P-102,601, 
e96,Create Goods Movement (from Delivery),2020-05-09T07:22:03+00:00,0080018942;4900005537,1.0,ST,574.45,EUR,P-102,601, 
e22,Create Goods Movement (from Order),2020-05-09T07:22:35+00:00,0000019106;4900005538,2.0,ST,1148.9,EUR,P-102,601, 
e23,Create Goods Movement (from Delivery),2020-05-09T07:22:35+00:00,0080018944;4900005538,2.0,ST,1148.9,EUR,P-102,601, 
e24,Create Goods Movement (from Order),2020-05-09T07:27:05+00:00,0000019104;4900005539,5.0,ST,2872.25,EUR,P-102,601, 
e25,Create Goods Movement (from Delivery),2020-05-09T07:27:05+00:00,0080018939;4900005539,5.0,ST,2872.25,EUR,P-102,601, 
e26,Create Goods Movement (from Order),2020-05-09T07:27:26+00:00,0000019103;4900005540,1.0,ST,574.45,EUR,P-102,601, 
e27,Create Goods Movement (from Delivery),2020-05-09T07:27:26+00:00,0080018943;4900005540,1.0,ST,574.45,EUR,P-102,601, 
e28,Create Goods Movement (from Order),2020-05-09T07:29:33+00:00,0000019107;4900005541,1.0,ST,574.45,EUR,P-102,601, 
e29,Create Goods Movement (from Delivery),2020-05-09T07:29:33+00:00,0080018945;4900005541,1.0,ST,574.45,EUR,P-102,601, 
e30,Create Invoice (from Order),2020-05-09T07:37:38+00:00,0000019105;0090040453,1.0,ST,6800.0,EUR, , ,L
e31,Create Invoice (from Order),2020-05-09T07:37:38+00:00,0000019105;0090040453,2.0,ST,9360.0,EUR, , ,L
e36,Create Invoice (from Delivery),2020-05-09T07:37:38+00:00,0080018941;0090040453,1.0,ST,6800.0,EUR, , ,L
e37,Create Invoice (from Delivery),2020-05-09T07:37:38+00:00,0080018941;0090040453,2.0,ST,9360.0,EUR, , ,L
e38,Create Invoice (from Order),2020-05-09T07:38:00+00:00,0000019107;0090040454,1.0,ST,6800.0,EUR, , ,L
e39,Create Invoice (from Delivery),2020-05-09T07:38:00+00:00,0080018945;0090040454,1.0,ST,6800.0,EUR, , ,L
e40,Create Invoice (from Order),2020-05-09T07:38:24+00:00,0000019106;0090040455,2.0,ST,13600.0,EUR, , ,L
e41,Create Invoice (from Delivery),2020-05-09T07:38:24+00:00,0080018944;0090040455,2.0,ST,13600.0,EUR, , ,L
e42,Create Invoice (from Order),2020-05-09T07:38:31+00:00,0000019104;0090040456,5.0,ST,34000.0,EUR, , ,L
e43,Create Invoice (from Delivery),2020-05-09T07:38:31+00:00,0080018939;0090040456,5.0,ST,34000.0,EUR, , ,L
e44,Create Invoice (from Order),2020-05-09T07:39:32+00:00,0000019103;0090040457,1.0,ST,1000.0,EUR, , ,L
e45,Create Invoice (from Delivery),2020-05-09T07:39:32+00:00,0080018943;0090040457,1.0,ST,1000.0,EUR, , ,L
e46,Create Invoice (from Order),2020-05-09T07:40:59+00:00,0000019102;0090040458,1.0,ST,6760.0,EUR, , ,L
e47,Create Invoice (from Delivery),2020-05-09T07:40:59+00:00,0080018942;0090040458,1.0,ST,6760.0,EUR, , ,L
e97,Create Quotation (from Inquiry),2020-06-28T11:08:54+00:00,0010000088;0020000275,0.0, ,800000.0,EUR, , , 
e98,Create Quotation (from Inquiry),2020-06-28T11:08:54+00:00,0010000088;0020000275,1.0,ST,800000.0,EUR, , , 
e49,Create Quotation (from Inquiry),2020-06-29T05:37:48+00:00,0010000089;0020000276,0.0, ,600000.0,EUR, , , 
e50,Create Quotation (from Inquiry),2020-06-29T05:37:48+00:00,0010000089;0020000276,1.0,ST,600000.0,EUR, , , 
e51,Create Order (from Inquiry),2020-06-29T05:42:46+00:00,0000019125;0010000089,1.0,ST,600000.0,EUR, , , 
e52,Create Order (from Quotation),2020-06-29T05:42:46+00:00,0000019125;0020000276,0.0, ,600000.0,EUR, , , 
e53,Create Order (from Quotation),2020-06-29T05:42:46+00:00,0000019125;0020000276,1.0,ST,600000.0,EUR, , , 
e48,Create Goods Movement (from Order),2020-06-30T07:10:18+00:00,0000019134;1828951000,1.0,ST,0.0,EUR,000000000000000757, , 
e54,Create Goods Movement (from Delivery),2020-06-30T07:10:18+00:00,0080018951;1828951000,1.0,ST,0.0,EUR,000000000000000757, , 
e55,Create Invoice (from Order),2020-06-30T07:11:37+00:00,0000019134;0090040459,1.0,ST,10.0,EUR, , ,L
e56,Create Invoice (from Delivery),2020-06-30T07:11:37+00:00,0080018951;0090040459,1.0,ST,10.0,EUR, , ,L
e57,Create Purchase Order (from Order),2020-06-30T11:13:48+00:00,0000019136;4500019826,5.0,ST,78.69,EUR, , , 
e58,Create Invoice (from Order),2020-07-03T06:58:04+00:00,0000019154;0090040460,1.0,ST,10.0,EUR, , ,L
e59,Create Invoice (from Delivery),2020-07-03T06:58:04+00:00,0080018953;0090040460,1.0,ST,10.0,EUR, , ,L
e60,Create Invoice (from Order),2020-07-03T07:16:52+00:00,0000019156;0090040461,1.0,ST,10.0,EUR, , ,L
e61,Create Invoice (from Delivery),2020-07-03T07:16:52+00:00,0080018955;0090040461,1.0,ST,10.0,EUR, , ,L
e62,Create Invoice (from Order),2020-07-03T07:18:05+00:00,0000019157;0090040462,1.0,ST,10.0,EUR, , ,L
e63,Create Invoice (from Delivery),2020-07-03T07:18:05+00:00,0080018956;0090040462,1.0,ST,10.0,EUR, , ,L
e64,Create Invoice (from Order),2020-07-03T07:41:43+00:00,0000019158;0090040463,1.0,ST,10.0,EUR, , ,L
e65,Create Invoice (from Delivery),2020-07-03T07:41:43+00:00,0080018957;0090040463,1.0,ST,10.0,EUR, , ,L
e66,Create Goods Movement (from Order),2020-07-09T13:13:01+00:00,0000019174;4900005628,1.0,ST,706.62,EUR,P-100,601, 
e67,Create Goods Movement (from Delivery),2020-07-09T13:13:01+00:00,0080018972;4900005628,1.0,ST,706.62,EUR,P-100,601, 
e68,Create Invoice (from Order),2020-07-09T13:13:36+00:00,0000019174;0090040464,1.0,ST,2600.0,EUR, , ,L
e69,Create Invoice (from Delivery),2020-07-09T13:13:36+00:00,0080018972;0090040464,1.0,ST,2600.0,EUR, , ,L
e70,Create Goods Movement (from Order),2020-07-09T23:15:28+00:00,0000019175;4900005629,1.0,ST,706.62,EUR,P-100,601, 
e71,Create Goods Movement (from Delivery),2020-07-09T23:15:28+00:00,0080018973;4900005629,1.0,ST,706.62,EUR,P-100,601, 
e72,Create Goods Movement (from Order),2020-07-11T01:47:21+00:00,0005000028;4900005630,1.0,ST,706.62,EUR,P-100,601, 
e73,Create Goods Movement (from Delivery),2020-07-11T01:47:21+00:00,0087000002;4900005630,1.0,ST,706.62,EUR,P-100,601, 
e201,Create Goods Movement (from Order),2020-07-11T01:50:41+00:00,0005000029;4900005631,1.0,ST,706.62,EUR,P-100,601, 
e202,Create Goods Movement (from Delivery),2020-07-11T01:50:41+00:00,0087000003;4900005631,1.0,ST,706.62,EUR,P-100,601, 
e177,Create Goods Movement (from Order),2020-07-11T02:22:20+00:00,0005000030;4900005632,1.0,ST,706.62,EUR,P-100,601, 
e178,Create Goods Movement (from Delivery),2020-07-11T02:22:20+00:00,0087000004;4900005632,1.0,ST,706.62,EUR,P-100,601, 
e126,Create Invoice (from Order),2020-07-11T02:22:25+00:00,0005000030;0090040465,1.0,ST,2600.0,EUR, , ,L
e127,Create Invoice (from Delivery),2020-07-11T02:22:25+00:00,0087000004;0090040465,1.0,ST,2600.0,EUR, , ,L
e154,Create Goods Movement (from Delivery),2020-07-19T12:40:17+00:00,0000019182;4900005645,1.0,ST,511291.88,EUR,T-20000N,281, 
e155,Create Goods Movement (from Order),2020-07-21T03:04:53+00:00,0000019188;4900005647,6.0,ST,3255.3,EUR,000000000000000578,601, 
e156,Create Goods Movement (from Delivery),2020-07-21T03:04:53+00:00,0080018976;4900005647,6.0,ST,3255.3,EUR,000000000000000578,601, 
e157,Create Invoice (from Order),2020-07-21T03:06:17+00:00,0000019188;0090040466,6.0,ST,3900.0,EUR, , ,L
e158,Create Invoice (from Delivery),2020-07-21T03:06:17+00:00,0080018976;0090040466,6.0,ST,3900.0,EUR, , ,L
e128,Create Goods Movement (from Order),2020-07-21T04:09:20+00:00,0000019189;4900005650,127.0,ST,0.0,EUR,T-AS100,601, 
e129,Create Goods Movement (from Delivery),2020-07-21T04:09:20+00:00,0080018977;4900005650,127.0,ST,0.0,EUR,T-AS100,601, 
e227,Create Goods Movement (from Order),2020-08-07T08:22:57+00:00,0000019194;4900005666,2.0,ST,1413.24,EUR,P-100,601, 
e228,Create Goods Movement (from Delivery),2020-08-07T08:22:57+00:00,0080018981;4900005666,2.0,ST,1413.24,EUR,P-100,601, 
e229,Create Goods Movement (from Order),2020-08-13T08:56:54+00:00,0000019197;4900005670,1.0,ST,706.62,EUR,P-100,601, 
e230,Create Goods Movement (from Order),2020-08-13T08:56:54+00:00,0000019197;4900005670,1.0,ST,632.54,EUR,P-101,601, 
e231,Create Goods Movement (from Delivery),2020-08-13T08:56:54+00:00,0080018982;4900005670,1.0,ST,706.62,EUR,P-100,601, 
e232,Create Goods Movement (from Delivery),2020-08-13T08:56:54+00:00,0080018982;4900005670,1.0,ST,632.54,EUR,P-101,601, 
e233,Create Invoice (from Order),2020-08-13T08:57:06+00:00,0000019197;0090040467,1.0,ST,2600.0,EUR, , ,L
e234,Create Invoice (from Order),2020-08-13T08:57:06+00:00,0000019197;0090040467,1.0,ST,2679.2,EUR, , ,L
e235,Create Invoice (from Delivery),2020-08-13T08:57:06+00:00,0080018982;0090040467,1.0,ST,2600.0,EUR, , ,L
e236,Create Invoice (from Delivery),2020-08-13T08:57:06+00:00,0080018982;0090040467,1.0,ST,2679.2,EUR, , ,L
e130,Create Goods Movement (from Order),2020-08-13T23:52:35+00:00,0000019198;4900005671,2.0,ST,1413.24,EUR,P-100,601, 
e131,Create Goods Movement (from Order),2020-08-13T23:52:35+00:00,0000019198;4900005671,2.0,ST,1265.08,EUR,P-101,601, 
e132,Create Goods Movement (from Delivery),2020-08-13T23:52:35+00:00,0080018983;4900005671,2.0,ST,1413.24,EUR,P-100,601, 
e133,Create Goods Movement (from Delivery),2020-08-13T23:52:35+00:00,0080018983;4900005671,2.0,ST,1265.08,EUR,P-101,601, 
e134,Create Invoice (from Order),2020-08-13T23:52:44+00:00,0000019198;0090040468,2.0,ST,5200.0,EUR, , ,L
e135,Create Invoice (from Order),2020-08-13T23:52:44+00:00,0000019198;0090040468,2.0,ST,5358.4,EUR, , ,L
e136,Create Invoice (from Delivery),2020-08-13T23:52:44+00:00,0080018983;0090040468,2.0,ST,5200.0,EUR, , ,L
e137,Create Invoice (from Delivery),2020-08-13T23:52:44+00:00,0080018983;0090040468,2.0,ST,5358.4,EUR, , ,L
e203,Create Goods Movement (from Order),2020-08-16T12:23:48+00:00,0005000038;4900005672,1.0,ST,706.62,EUR,P-100,601, 
e204,Create Goods Movement (from Order),2020-08-16T12:23:48+00:00,0005000038;4900005672,4.0,ST,2530.16,EUR,P-101,601, 
e205,Create Goods Movement (from Delivery),2020-08-16T12:23:48+00:00,0087000007;4900005672,1.0,ST,706.62,EUR,P-100,601, 
e206,Create Goods Movement (from Delivery),2020-08-16T12:23:48+00:00,0087000007;4900005672,4.0,ST,2530.16,EUR,P-101,601, 
e237,Create Invoice (from Order),2020-08-16T12:23:54+00:00,0005000038;0090040469,1.0,ST,2600.0,EUR, , ,L
e238,Create Invoice (from Order),2020-08-16T12:23:54+00:00,0005000038;0090040469,4.0,ST,10716.8,EUR, , ,L
e239,Create Invoice (from Delivery),2020-08-16T12:23:54+00:00,0087000007;0090040469,1.0,ST,2600.0,EUR, , ,L
e240,Create Invoice (from Delivery),2020-08-16T12:23:54+00:00,0087000007;0090040469,4.0,ST,10716.8,EUR, , ,L
e241,Create Goods Movement (from Order),2020-08-16T23:04:41+00:00,0005000040;2300009000,0.0,ST,0.0,EUR,P-100, , 
e242,Create Goods Movement (from Order),2020-08-16T23:04:41+00:00,0005000040;4900005673,4.0,ST,2530.16,EUR,P-101,601, 
e243,Create Goods Movement (from Delivery),2020-08-16T23:04:41+00:00,0087000009;2300009000,0.0,ST,0.0,EUR,P-100, , 
e244,Create Goods Movement (from Delivery),2020-08-16T23:04:41+00:00,0087000009;4900005673,4.0,ST,2530.16,EUR,P-101,601, 
e159,Create Invoice (from Order),2020-08-16T23:04:47+00:00,0005000040;0090040470,0.0,ST,0.0,EUR, , ,L
e160,Create Invoice (from Order),2020-08-16T23:04:47+00:00,0005000040;0090040470,4.0,ST,10716.8,EUR, , ,L
e161,Create Invoice (from Delivery),2020-08-16T23:04:47+00:00,0087000009;0090040470,0.0,ST,0.0,EUR, , ,L
e162,Create Invoice (from Delivery),2020-08-16T23:04:47+00:00,0087000009;0090040470,4.0,ST,10716.8,EUR, , ,L
e138,Create Goods Movement (from Order),2020-08-16T23:28:00+00:00,0005002002;2300010000,0.0,ST,0.0,EUR,P-100, , 
e139,Create Goods Movement (from Order),2020-08-16T23:28:00+00:00,0005002002;4900005674,4.0,ST,2530.16,EUR,P-101,601, 
e140,Create Goods Movement (from Delivery),2020-08-16T23:28:00+00:00,0087000010;2300010000,0.0,ST,0.0,EUR,P-100, , 
e141,Create Goods Movement (from Delivery),2020-08-16T23:28:00+00:00,0087000010;4900005674,4.0,ST,2530.16,EUR,P-101,601, 
e142,Create Invoice (from Order),2020-08-16T23:28:13+00:00,0005002002;0090040471,0.0,ST,0.0,EUR, , ,L
e143,Create Invoice (from Order),2020-08-16T23:28:13+00:00,0005002002;0090040471,4.0,ST,10716.8,EUR, , ,L
e144,Create Invoice (from Delivery),2020-08-16T23:28:13+00:00,0087000010;0090040471,0.0,ST,0.0,EUR, , ,L
e145,Create Invoice (from Delivery),2020-08-16T23:28:13+00:00,0087000010;0090040471,4.0,ST,10716.8,EUR, , ,L
e163,Create Goods Movement (from Order),2020-08-16T23:31:57+00:00,0005002003;2300011000,0.0,ST,0.0,EUR,P-100, , 
e164,Create Goods Movement (from Order),2020-08-16T23:31:57+00:00,0005002003;4900005675,4.0,ST,2530.16,EUR,P-101,601, 
e165,Create Goods Movement (from Delivery),2020-08-16T23:31:57+00:00,0087000011;2300011000,0.0,ST,0.0,EUR,P-100, , 
e166,Create Goods Movement (from Delivery),2020-08-16T23:31:57+00:00,0087000011;4900005675,4.0,ST,2530.16,EUR,P-101,601, 
e146,Create Invoice (from Order),2020-08-16T23:32:07+00:00,0005002003;0090040472,0.0,ST,0.0,EUR, , ,L
e147,Create Invoice (from Order),2020-08-16T23:32:07+00:00,0005002003;0090040472,4.0,ST,10716.8,EUR, , ,L
e148,Create Invoice (from Delivery),2020-08-16T23:32:07+00:00,0087000011;0090040472,0.0,ST,0.0,EUR, , ,L
e149,Create Invoice (from Delivery),2020-08-16T23:32:07+00:00,0087000011;0090040472,4.0,ST,10716.8,EUR, , ,L
e179,Create Goods Movement (from Order),2020-08-16T23:36:23+00:00,0005002004;2300012000,0.0,ST,0.0,EUR,P-100, , 
e180,Create Goods Movement (from Order),2020-08-16T23:36:23+00:00,0005002004;4900005676,4.0,ST,2530.16,EUR,P-101,601, 
e181,Create Goods Movement (from Delivery),2020-08-16T23:36:23+00:00,0087000012;2300012000,0.0,ST,0.0,EUR,P-100, , 
e182,Create Goods Movement (from Delivery),2020-08-16T23:36:23+00:00,0087000012;4900005676,4.0,ST,2530.16,EUR,P-101,601, 
e150,Create Invoice (from Order),2020-08-16T23:36:32+00:00,0005002004;0090040473,0.0,ST,0.0,EUR, , ,L
e151,Create Invoice (from Order),2020-08-16T23:36:32+00:00,0005002004;0090040473,4.0,ST,10716.8,EUR, , ,L
e152,Create Invoice (from Delivery),2020-08-16T23:36:32+00:00,0087000012;0090040473,0.0,ST,0.0,EUR, , ,L
e153,Create Invoice (from Delivery),2020-08-16T23:36:32+00:00,0087000012;0090040473,4.0,ST,10716.8,EUR, , ,L
e167,Create Goods Movement (from Order),2020-08-16T23:40:26+00:00,0005002005;2300013000,0.0,ST,0.0,EUR,P-100, , 
e168,Create Goods Movement (from Order),2020-08-16T23:40:26+00:00,0005002005;4900005677,4.0,ST,2530.16,EUR,P-101,601, 
e169,Create Goods Movement (from Delivery),2020-08-16T23:40:26+00:00,0087000013;2300013000,0.0,ST,0.0,EUR,P-100, , 
e170,Create Goods Movement (from Delivery),2020-08-16T23:40:26+00:00,0087000013;4900005677,4.0,ST,2530.16,EUR,P-101,601, 
e171,Create Invoice (from Order),2020-08-16T23:40:38+00:00,0005002005;0090040474,0.0,ST,0.0,EUR, , ,L
e172,Create Invoice (from Order),2020-08-16T23:40:38+00:00,0005002005;0090040474,4.0,ST,10716.8,EUR, , ,L
e173,Create Invoice (from Delivery),2020-08-16T23:40:38+00:00,0087000013;0090040474,0.0,ST,0.0,EUR, , ,L
e174,Create Invoice (from Delivery),2020-08-16T23:40:38+00:00,0087000013;0090040474,4.0,ST,10716.8,EUR, , ,L
e175,Create Goods Movement (from Order),2020-08-16T23:44:57+00:00,0005002006;2300014000,0.0,ST,0.0,EUR,P-100, , 
e176,Create Goods Movement (from Order),2020-08-16T23:44:57+00:00,0005002006;4900005678,4.0,ST,2530.16,EUR,P-101,601, 
e183,Create Goods Movement (from Delivery),2020-08-16T23:44:57+00:00,0087000014;2300014000,0.0,ST,0.0,EUR,P-100, , 
e184,Create Goods Movement (from Delivery),2020-08-16T23:44:57+00:00,0087000014;4900005678,4.0,ST,2530.16,EUR,P-101,601, 
e207,Create Invoice (from Order),2020-08-16T23:45:08+00:00,0005002006;0090040475,0.0,ST,0.0,EUR, , ,L
e208,Create Invoice (from Order),2020-08-16T23:45:08+00:00,0005002006;0090040475,4.0,ST,10716.8,EUR, , ,L
e209,Create Invoice (from Delivery),2020-08-16T23:45:08+00:00,0087000014;0090040475,0.0,ST,0.0,EUR, , ,L
e210,Create Invoice (from Delivery),2020-08-16T23:45:08+00:00,0087000014;0090040475,4.0,ST,10716.8,EUR, , ,L
e185,Create Goods Movement (from Order),2020-08-16T23:48:55+00:00,0005002007;2300015000,0.0,ST,0.0,EUR,P-100, , 
e186,Create Goods Movement (from Order),2020-08-16T23:48:55+00:00,0005002007;4900005679,4.0,ST,2530.16,EUR,P-101,601, 
e187,Create Goods Movement (from Delivery),2020-08-16T23:48:55+00:00,0087000015;2300015000,0.0,ST,0.0,EUR,P-100, , 
e188,Create Goods Movement (from Delivery),2020-08-16T23:48:55+00:00,0087000015;4900005679,4.0,ST,2530.16,EUR,P-101,601, 
e189,Create Invoice (from Order),2020-08-16T23:49:05+00:00,0005002007;0090040476,0.0,ST,0.0,EUR, , ,L
e190,Create Invoice (from Order),2020-08-16T23:49:05+00:00,0005002007;0090040476,4.0,ST,10716.8,EUR, , ,L
e191,Create Invoice (from Delivery),2020-08-16T23:49:05+00:00,0087000015;0090040476,0.0,ST,0.0,EUR, , ,L
e192,Create Invoice (from Delivery),2020-08-16T23:49:05+00:00,0087000015;0090040476,4.0,ST,10716.8,EUR, , ,L
e193,Create Goods Movement (from Order),2020-08-16T23:52:44+00:00,0005002008;2300016000,0.0,ST,0.0,EUR,P-100, , 
e194,Create Goods Movement (from Order),2020-08-16T23:52:44+00:00,0005002008;4900005680,4.0,ST,2530.16,EUR,P-101,601, 
e195,Create Goods Movement (from Delivery),2020-08-16T23:52:44+00:00,0087000016;2300016000,0.0,ST,0.0,EUR,P-100, , 
e196,Create Goods Movement (from Delivery),2020-08-16T23:52:44+00:00,0087000016;4900005680,4.0,ST,2530.16,EUR,P-101,601, 
e197,Create Invoice (from Order),2020-08-16T23:52:56+00:00,0005002008;0090040477,0.0,ST,0.0,EUR, , ,L
e198,Create Invoice (from Order),2020-08-16T23:52:56+00:00,0005002008;0090040477,4.0,ST,10716.8,EUR, , ,L
e199,Create Invoice (from Delivery),2020-08-16T23:52:56+00:00,0087000016;0090040477,0.0,ST,0.0,EUR, , ,L
e200,Create Invoice (from Delivery),2020-08-16T23:52:56+00:00,0087000016;0090040477,4.0,ST,10716.8,EUR, , ,L
e211,Create Goods Movement (from Order),2020-08-16T23:57:25+00:00,0005002009;2300017000,0.0,ST,0.0,EUR,P-100, , 
e212,Create Goods Movement (from Order),2020-08-16T23:57:25+00:00,0005002009;4900005681,4.0,ST,2530.16,EUR,P-101,601, 
e213,Create Goods Movement (from Delivery),2020-08-16T23:57:25+00:00,0087000017;2300017000,0.0,ST,0.0,EUR,P-100, , 
e214,Create Goods Movement (from Delivery),2020-08-16T23:57:25+00:00,0087000017;4900005681,4.0,ST,2530.16,EUR,P-101,601, 
e215,Create Invoice (from Order),2020-08-16T23:57:36+00:00,0005002009;0090040478,0.0,ST,0.0,EUR, , ,L
e216,Create Invoice (from Order),2020-08-16T23:57:36+00:00,0005002009;0090040478,4.0,ST,10716.8,EUR, , ,L
e217,Create Invoice (from Delivery),2020-08-16T23:57:36+00:00,0087000017;0090040478,0.0,ST,0.0,EUR, , ,L
e218,Create Invoice (from Delivery),2020-08-16T23:57:36+00:00,0087000017;0090040478,4.0,ST,10716.8,EUR, , ,L
e219,Create Goods Movement (from Order),2020-08-17T00:01:32+00:00,0005002010;2300018000,0.0,ST,0.0,EUR,P-100, , 
e220,Create Goods Movement (from Order),2020-08-17T00:01:32+00:00,0005002010;4900005682,4.0,ST,2530.16,EUR,P-101,601, 
e221,Create Goods Movement (from Delivery),2020-08-17T00:01:32+00:00,0087000018;2300018000,0.0,ST,0.0,EUR,P-100, , 
e222,Create Goods Movement (from Delivery),2020-08-17T00:01:32+00:00,0087000018;4900005682,4.0,ST,2530.16,EUR,P-101,601, 
e223,Create Invoice (from Order),2020-08-17T00:01:45+00:00,0005002010;0090040479,0.0,ST,0.0,EUR, , ,L
e224,Create Invoice (from Order),2020-08-17T00:01:45+00:00,0005002010;0090040479,4.0,ST,10716.8,EUR, , ,L
e225,Create Invoice (from Delivery),2020-08-17T00:01:45+00:00,0087000018;0090040479,0.0,ST,0.0,EUR, , ,L
e226,Create Invoice (from Delivery),2020-08-17T00:01:45+00:00,0087000018;0090040479,4.0,ST,10716.8,EUR, , ,L
e3446,Create Goods Movement (from Order),2020-08-17T00:05:56+00:00,0005002011;2300019000,0.0,ST,0.0,EUR,P-100, , 
e3447,Create Goods Movement (from Order),2020-08-17T00:05:56+00:00,0005002011;4900005683,4.0,ST,2530.16,EUR,P-101,601, 
e3448,Create Goods Movement (from Delivery),2020-08-17T00:05:56+00:00,0087000019;2300019000,0.0,ST,0.0,EUR,P-100, , 
e3449,Create Goods Movement (from Delivery),2020-08-17T00:05:56+00:00,0087000019;4900005683,4.0,ST,2530.16,EUR,P-101,601, 
e741,Create Invoice (from Order),2020-08-17T00:06:08+00:00,0005002011;0090040480,0.0,ST,0.0,EUR, , ,L
e742,Create Invoice (from Order),2020-08-17T00:06:08+00:00,0005002011;0090040480,4.0,ST,10716.8,EUR, , ,L
e743,Create Invoice (from Delivery),2020-08-17T00:06:08+00:00,0087000019;0090040480,0.0,ST,0.0,EUR, , ,L
e744,Create Invoice (from Delivery),2020-08-17T00:06:08+00:00,0087000019;0090040480,4.0,ST,10716.8,EUR, , ,L
e1039,Create Goods Movement (from Order),2020-08-17T00:06:51+00:00,0005002012;2300020000,0.0,ST,0.0,EUR,P-100, , 
e1040,Create Goods Movement (from Order),2020-08-17T00:06:51+00:00,0005002012;4900005684,2.0,ST,1265.08,EUR,P-101,601, 
e1041,Create Goods Movement (from Delivery),2020-08-17T00:06:51+00:00,0087000020;2300020000,0.0,ST,0.0,EUR,P-100, , 
e1042,Create Goods Movement (from Delivery),2020-08-17T00:06:51+00:00,0087000020;4900005684,2.0,ST,1265.08,EUR,P-101,601, 
e745,Create Invoice (from Order),2020-08-17T00:07:03+00:00,0005002012;0090040481,0.0,ST,0.0,EUR, , ,L
e746,Create Invoice (from Order),2020-08-17T00:07:03+00:00,0005002012;0090040481,2.0,ST,5358.4,EUR, , ,L
e747,Create Invoice (from Delivery),2020-08-17T00:07:03+00:00,0087000020;0090040481,0.0,ST,0.0,EUR, , ,L
e748,Create Invoice (from Delivery),2020-08-17T00:07:03+00:00,0087000020;0090040481,2.0,ST,5358.4,EUR, , ,L
e3479,Create Goods Movement (from Order),2020-08-17T00:07:48+00:00,0005002013;2300021000,0.0,ST,0.0,EUR,P-100, , 
e3480,Create Goods Movement (from Order),2020-08-17T00:07:48+00:00,0005002013;4900005685,2.0,ST,1265.08,EUR,P-101,601, 
e3481,Create Goods Movement (from Delivery),2020-08-17T00:07:48+00:00,0087000021;2300021000,0.0,ST,0.0,EUR,P-100, , 
e3482,Create Goods Movement (from Delivery),2020-08-17T00:07:48+00:00,0087000021;4900005685,2.0,ST,1265.08,EUR,P-101,601, 
e1760,Create Invoice (from Order),2020-08-17T00:07:59+00:00,0005002013;0090040482,0.0,ST,0.0,EUR, , ,L
e1761,Create Invoice (from Order),2020-08-17T00:07:59+00:00,0005002013;0090040482,2.0,ST,5358.4,EUR, , ,L
e1762,Create Invoice (from Delivery),2020-08-17T00:07:59+00:00,0087000021;0090040482,0.0,ST,0.0,EUR, , ,L
e1763,Create Invoice (from Delivery),2020-08-17T00:07:59+00:00,0087000021;0090040482,2.0,ST,5358.4,EUR, , ,L
e947,Create Goods Movement (from Order),2020-08-17T00:08:39+00:00,0005002014;2300022000,0.0,ST,0.0,EUR,P-100, , 
e948,Create Goods Movement (from Order),2020-08-17T00:08:39+00:00,0005002014;4900005686,2.0,ST,1265.08,EUR,P-101,601, 
e949,Create Goods Movement (from Delivery),2020-08-17T00:08:39+00:00,0087000022;2300022000,0.0,ST,0.0,EUR,P-100, , 
e950,Create Goods Movement (from Delivery),2020-08-17T00:08:39+00:00,0087000022;4900005686,2.0,ST,1265.08,EUR,P-101,601, 
e1764,Create Invoice (from Order),2020-08-17T00:08:50+00:00,0005002014;0090040483,0.0,ST,0.0,EUR, , ,L
e1765,Create Invoice (from Order),2020-08-17T00:08:50+00:00,0005002014;0090040483,2.0,ST,5358.4,EUR, , ,L
e1766,Create Invoice (from Delivery),2020-08-17T00:08:50+00:00,0087000022;0090040483,0.0,ST,0.0,EUR, , ,L
e1767,Create Invoice (from Delivery),2020-08-17T00:08:50+00:00,0087000022;0090040483,2.0,ST,5358.4,EUR, , ,L
e3423,Create Goods Movement (from Order),2020-08-17T00:09:33+00:00,0005002015;2300023000,0.0,ST,0.0,EUR,P-100, , 
e3424,Create Goods Movement (from Order),2020-08-17T00:09:33+00:00,0005002015;4900005687,2.0,ST,1265.08,EUR,P-101,601, 
e3425,Create Goods Movement (from Delivery),2020-08-17T00:09:33+00:00,0087000023;2300023000,0.0,ST,0.0,EUR,P-100, , 
e3426,Create Goods Movement (from Delivery),2020-08-17T00:09:33+00:00,0087000023;4900005687,2.0,ST,1265.08,EUR,P-101,601, 
e1768,Create Invoice (from Order),2020-08-17T00:09:44+00:00,0005002015;0090040484,0.0,ST,0.0,EUR, , ,L
e1769,Create Invoice (from Order),2020-08-17T00:09:44+00:00,0005002015;0090040484,2.0,ST,5358.4,EUR, , ,L
e1770,Create Invoice (from Delivery),2020-08-17T00:09:44+00:00,0087000023;0090040484,0.0,ST,0.0,EUR, , ,L
e1771,Create Invoice (from Delivery),2020-08-17T00:09:44+00:00,0087000023;0090040484,2.0,ST,5358.4,EUR, , ,L
e3483,Create Goods Movement (from Order),2020-08-17T00:10:27+00:00,0005002016;2300024000,0.0,ST,0.0,EUR,P-100, , 
e3484,Create Goods Movement (from Order),2020-08-17T00:10:27+00:00,0005002016;4900005688,2.0,ST,1265.08,EUR,P-101,601, 
e3485,Create Goods Movement (from Delivery),2020-08-17T00:10:27+00:00,0087000024;2300024000,0.0,ST,0.0,EUR,P-100, , 
e3486,Create Goods Movement (from Delivery),2020-08-17T00:10:27+00:00,0087000024;4900005688,2.0,ST,1265.08,EUR,P-101,601, 
e1772,Create Invoice (from Order),2020-08-17T00:10:37+00:00,0005002016;0090040485,0.0,ST,0.0,EUR, , ,L
e1773,Create Invoice (from Order),2020-08-17T00:10:37+00:00,0005002016;0090040485,2.0,ST,5358.4,EUR, , ,L
e1774,Create Invoice (from Delivery),2020-08-17T00:10:37+00:00,0087000024;0090040485,0.0,ST,0.0,EUR, , ,L
e1775,Create Invoice (from Delivery),2020-08-17T00:10:37+00:00,0087000024;0090040485,2.0,ST,5358.4,EUR, , ,L
e951,Create Goods Movement (from Order),2020-08-17T00:11:20+00:00,0005002017;2300025000,0.0,ST,0.0,EUR,P-100, , 
e952,Create Goods Movement (from Order),2020-08-17T00:11:20+00:00,0005002017;4900005689,2.0,ST,1265.08,EUR,P-101,601, 
e953,Create Goods Movement (from Delivery),2020-08-17T00:11:20+00:00,0087000025;2300025000,0.0,ST,0.0,EUR,P-100, , 
e954,Create Goods Movement (from Delivery),2020-08-17T00:11:20+00:00,0087000025;4900005689,2.0,ST,1265.08,EUR,P-101,601, 
e1776,Create Invoice (from Order),2020-08-17T00:11:31+00:00,0005002017;0090040486,0.0,ST,0.0,EUR, , ,L
e1777,Create Invoice (from Order),2020-08-17T00:11:31+00:00,0005002017;0090040486,2.0,ST,5358.4,EUR, , ,L
e1778,Create Invoice (from Delivery),2020-08-17T00:11:31+00:00,0087000025;0090040486,0.0,ST,0.0,EUR, , ,L
e1779,Create Invoice (from Delivery),2020-08-17T00:11:31+00:00,0087000025;0090040486,2.0,ST,5358.4,EUR, , ,L
e3487,Create Goods Movement (from Order),2020-08-17T00:12:17+00:00,0005002018;2300026000,0.0,ST,0.0,EUR,P-100, , 
e3488,Create Goods Movement (from Order),2020-08-17T00:12:17+00:00,0005002018;4900005690,2.0,ST,1265.08,EUR,P-101,601, 
e3489,Create Goods Movement (from Delivery),2020-08-17T00:12:17+00:00,0087000026;2300026000,0.0,ST,0.0,EUR,P-100, , 
e3490,Create Goods Movement (from Delivery),2020-08-17T00:12:17+00:00,0087000026;4900005690,2.0,ST,1265.08,EUR,P-101,601, 
e749,Create Invoice (from Order),2020-08-17T00:12:27+00:00,0005002018;0090040487,0.0,ST,0.0,EUR, , ,L
e750,Create Invoice (from Order),2020-08-17T00:12:27+00:00,0005002018;0090040487,2.0,ST,5358.4,EUR, , ,L
e751,Create Invoice (from Delivery),2020-08-17T00:12:27+00:00,0087000026;0090040487,0.0,ST,0.0,EUR, , ,L
e752,Create Invoice (from Delivery),2020-08-17T00:12:27+00:00,0087000026;0090040487,2.0,ST,5358.4,EUR, , ,L
e1108,Create Goods Movement (from Order),2020-08-17T00:13:11+00:00,0005002019;2300027000,0.0,ST,0.0,EUR,P-100, , 
e1109,Create Goods Movement (from Order),2020-08-17T00:13:11+00:00,0005002019;4900005691,2.0,ST,1265.08,EUR,P-101,601, 
e1110,Create Goods Movement (from Delivery),2020-08-17T00:13:11+00:00,0087000027;2300027000,0.0,ST,0.0,EUR,P-100, , 
e1111,Create Goods Movement (from Delivery),2020-08-17T00:13:11+00:00,0087000027;4900005691,2.0,ST,1265.08,EUR,P-101,601, 
e3306,Create Invoice (from Order),2020-08-17T00:13:23+00:00,0005002019;0090040488,0.0,ST,0.0,EUR, , ,L
e3307,Create Invoice (from Order),2020-08-17T00:13:23+00:00,0005002019;0090040488,2.0,ST,5358.4,EUR, , ,L
e3308,Create Invoice (from Delivery),2020-08-17T00:13:23+00:00,0087000027;0090040488,0.0,ST,0.0,EUR, , ,L
e3309,Create Invoice (from Delivery),2020-08-17T00:13:23+00:00,0087000027;0090040488,2.0,ST,5358.4,EUR, , ,L
e1070,Create Goods Movement (from Order),2020-08-17T00:14:10+00:00,0005002020;2300028000,0.0,ST,0.0,EUR,P-100, , 
e1071,Create Goods Movement (from Order),2020-08-17T00:14:10+00:00,0005002020;4900005692,2.0,ST,1265.08,EUR,P-101,601, 
e1072,Create Goods Movement (from Delivery),2020-08-17T00:14:10+00:00,0087000028;2300028000,0.0,ST,0.0,EUR,P-100, , 
e1073,Create Goods Movement (from Delivery),2020-08-17T00:14:10+00:00,0087000028;4900005692,2.0,ST,1265.08,EUR,P-101,601, 
e3310,Create Invoice (from Order),2020-08-17T00:14:21+00:00,0005002020;0090040489,0.0,ST,0.0,EUR, , ,L
e3311,Create Invoice (from Order),2020-08-17T00:14:21+00:00,0005002020;0090040489,2.0,ST,5358.4,EUR, , ,L
e3312,Create Invoice (from Delivery),2020-08-17T00:14:21+00:00,0087000028;0090040489,0.0,ST,0.0,EUR, , ,L
e3313,Create Invoice (from Delivery),2020-08-17T00:14:21+00:00,0087000028;0090040489,2.0,ST,5358.4,EUR, , ,L
e1440,Create Goods Movement (from Order),2020-08-17T00:15:04+00:00,0005002021;2300029000,0.0,ST,0.0,EUR,P-100, , 
e1441,Create Goods Movement (from Order),2020-08-17T00:15:04+00:00,0005002021;4900005693,2.0,ST,1265.08,EUR,P-101,601, 
e1442,Create Goods Movement (from Delivery),2020-08-17T00:15:04+00:00,0087000029;2300029000,0.0,ST,0.0,EUR,P-100, , 
e1443,Create Goods Movement (from Delivery),2020-08-17T00:15:04+00:00,0087000029;4900005693,2.0,ST,1265.08,EUR,P-101,601, 
e3314,Create Invoice (from Order),2020-08-17T00:15:17+00:00,0005002021;0090040490,0.0,ST,0.0,EUR, , ,L
e3315,Create Invoice (from Order),2020-08-17T00:15:17+00:00,0005002021;0090040490,2.0,ST,5358.4,EUR, , ,L
e3316,Create Invoice (from Delivery),2020-08-17T00:15:17+00:00,0087000029;0090040490,0.0,ST,0.0,EUR, , ,L
e3317,Create Invoice (from Delivery),2020-08-17T00:15:17+00:00,0087000029;0090040490,2.0,ST,5358.4,EUR, , ,L
e1444,Create Goods Movement (from Order),2020-08-17T00:58:29+00:00,0005002023;2300031000,0.0,ST,0.0,EUR,P-100, , 
e1445,Create Goods Movement (from Order),2020-08-17T00:58:29+00:00,0005002023;4900005694,4.0,ST,2530.16,EUR,P-101,601, 
e1446,Create Goods Movement (from Delivery),2020-08-17T00:58:29+00:00,0087000031;2300031000,0.0,ST,0.0,EUR,P-100, , 
e1447,Create Goods Movement (from Delivery),2020-08-17T00:58:29+00:00,0087000031;4900005694,4.0,ST,2530.16,EUR,P-101,601, 
e3378,Create Invoice (from Order),2020-08-17T00:58:44+00:00,0005002023;0090040491,0.0,ST,0.0,EUR, , ,L
e3379,Create Invoice (from Order),2020-08-17T00:58:44+00:00,0005002023;0090040491,4.0,ST,10716.8,EUR, , ,L
e3380,Create Invoice (from Delivery),2020-08-17T00:58:44+00:00,0087000031;0090040491,0.0,ST,0.0,EUR, , ,L
e3381,Create Invoice (from Delivery),2020-08-17T00:58:44+00:00,0087000031;0090040491,4.0,ST,10716.8,EUR, , ,L
e1074,Create Goods Movement (from Order),2020-08-17T01:02:41+00:00,0005002024;2300032000,0.0,ST,0.0,EUR,P-100, , 
e1075,Create Goods Movement (from Order),2020-08-17T01:02:41+00:00,0005002024;4900005695,4.0,ST,2530.16,EUR,P-101,601, 
e1076,Create Goods Movement (from Delivery),2020-08-17T01:02:41+00:00,0087000032;2300032000,0.0,ST,0.0,EUR,P-100, , 
e1077,Create Goods Movement (from Delivery),2020-08-17T01:02:41+00:00,0087000032;4900005695,4.0,ST,2530.16,EUR,P-101,601, 
e3382,Create Invoice (from Order),2020-08-17T01:02:50+00:00,0005002024;0090040492,0.0,ST,0.0,EUR, , ,L
e3383,Create Invoice (from Order),2020-08-17T01:02:50+00:00,0005002024;0090040492,4.0,ST,10716.8,EUR, , ,L
e3384,Create Invoice (from Delivery),2020-08-17T01:02:50+00:00,0087000032;0090040492,0.0,ST,0.0,EUR, , ,L
e3385,Create Invoice (from Delivery),2020-08-17T01:02:50+00:00,0087000032;0090040492,4.0,ST,10716.8,EUR, , ,L
e870,Create Goods Movement (from Order),2020-08-17T01:06:19+00:00,0005002025;2300033000,0.0,ST,0.0,EUR,P-100, , 
e871,Create Goods Movement (from Order),2020-08-17T01:06:19+00:00,0005002025;4900005696,4.0,ST,2530.16,EUR,P-101,601, 
e872,Create Goods Movement (from Delivery),2020-08-17T01:06:19+00:00,0087000033;2300033000,0.0,ST,0.0,EUR,P-100, , 
e873,Create Goods Movement (from Delivery),2020-08-17T01:06:19+00:00,0087000033;4900005696,4.0,ST,2530.16,EUR,P-101,601, 
e3386,Create Invoice (from Order),2020-08-17T01:06:30+00:00,0005002025;0090040493,0.0,ST,0.0,EUR, , ,L
e3387,Create Invoice (from Order),2020-08-17T01:06:30+00:00,0005002025;0090040493,4.0,ST,10716.8,EUR, , ,L
e3388,Create Invoice (from Delivery),2020-08-17T01:06:30+00:00,0087000033;0090040493,0.0,ST,0.0,EUR, , ,L
e3389,Create Invoice (from Delivery),2020-08-17T01:06:30+00:00,0087000033;0090040493,4.0,ST,10716.8,EUR, , ,L
e557,Create Goods Movement (from Order),2020-08-17T01:10:38+00:00,0005002026;2300034000,0.0,ST,0.0,EUR,P-100, , 
e558,Create Goods Movement (from Order),2020-08-17T01:10:38+00:00,0005002026;4900005697,4.0,ST,2530.16,EUR,P-101,601, 
e559,Create Goods Movement (from Delivery),2020-08-17T01:10:38+00:00,0087000034;2300034000,0.0,ST,0.0,EUR,P-100, , 
e560,Create Goods Movement (from Delivery),2020-08-17T01:10:38+00:00,0087000034;4900005697,4.0,ST,2530.16,EUR,P-101,601, 
e3491,Create Invoice (from Order),2020-08-17T01:10:48+00:00,0005002026;0090040494,0.0,ST,0.0,EUR, , ,L
e3492,Create Invoice (from Order),2020-08-17T01:10:48+00:00,0005002026;0090040494,4.0,ST,10716.8,EUR, , ,L
e3493,Create Invoice (from Delivery),2020-08-17T01:10:48+00:00,0087000034;0090040494,0.0,ST,0.0,EUR, , ,L
e3494,Create Invoice (from Delivery),2020-08-17T01:10:48+00:00,0087000034;0090040494,4.0,ST,10716.8,EUR, , ,L
e1112,Create Goods Movement (from Order),2020-08-17T01:14:43+00:00,0005002027;2300035000,0.0,ST,0.0,EUR,P-100, , 
e1113,Create Goods Movement (from Order),2020-08-17T01:14:43+00:00,0005002027;4900005698,4.0,ST,2530.16,EUR,P-101,601, 
e1114,Create Goods Movement (from Delivery),2020-08-17T01:14:43+00:00,0087000035;2300035000,0.0,ST,0.0,EUR,P-100, , 
e1115,Create Goods Movement (from Delivery),2020-08-17T01:14:43+00:00,0087000035;4900005698,4.0,ST,2530.16,EUR,P-101,601, 
e1525,Create Invoice (from Order),2020-08-17T01:14:54+00:00,0005002027;0090040495,0.0,ST,0.0,EUR, , ,L
e1526,Create Invoice (from Order),2020-08-17T01:14:54+00:00,0005002027;0090040495,4.0,ST,10716.8,EUR, , ,L
e1527,Create Invoice (from Delivery),2020-08-17T01:14:54+00:00,0087000035;0090040495,0.0,ST,0.0,EUR, , ,L
e1528,Create Invoice (from Delivery),2020-08-17T01:14:54+00:00,0087000035;0090040495,4.0,ST,10716.8,EUR, , ,L
e1078,Create Goods Movement (from Order),2020-08-17T01:18:42+00:00,0005002028;2300036000,0.0,ST,0.0,EUR,P-100, , 
e1079,Create Goods Movement (from Order),2020-08-17T01:18:42+00:00,0005002028;4900005699,4.0,ST,2530.16,EUR,P-101,601, 
e1080,Create Goods Movement (from Delivery),2020-08-17T01:18:42+00:00,0087000036;2300036000,0.0,ST,0.0,EUR,P-100, , 
e1081,Create Goods Movement (from Delivery),2020-08-17T01:18:42+00:00,0087000036;4900005699,4.0,ST,2530.16,EUR,P-101,601, 
e1141,Create Invoice (from Order),2020-08-17T01:18:51+00:00,0005002028;0090040496,0.0,ST,0.0,EUR, , ,L
e1142,Create Invoice (from Order),2020-08-17T01:18:51+00:00,0005002028;0090040496,4.0,ST,10716.8,EUR, , ,L
e1143,Create Invoice (from Delivery),2020-08-17T01:18:51+00:00,0087000036;0090040496,0.0,ST,0.0,EUR, , ,L
e1144,Create Invoice (from Delivery),2020-08-17T01:18:51+00:00,0087000036;0090040496,4.0,ST,10716.8,EUR, , ,L
e1082,Create Goods Movement (from Order),2020-08-17T01:22:40+00:00,0005002029;2300037000,0.0,ST,0.0,EUR,P-100, , 
e1083,Create Goods Movement (from Order),2020-08-17T01:22:40+00:00,0005002029;4900005700,4.0,ST,2530.16,EUR,P-101,601, 
e1084,Create Goods Movement (from Delivery),2020-08-17T01:22:40+00:00,0087000037;2300037000,0.0,ST,0.0,EUR,P-100, , 
e1085,Create Goods Movement (from Delivery),2020-08-17T01:22:40+00:00,0087000037;4900005700,4.0,ST,2530.16,EUR,P-101,601, 
e1529,Create Invoice (from Order),2020-08-17T01:22:50+00:00,0005002029;0090040497,0.0,ST,0.0,EUR, , ,L
e1530,Create Invoice (from Order),2020-08-17T01:22:50+00:00,0005002029;0090040497,4.0,ST,10716.8,EUR, , ,L
e1531,Create Invoice (from Delivery),2020-08-17T01:22:50+00:00,0087000037;0090040497,0.0,ST,0.0,EUR, , ,L
e1532,Create Invoice (from Delivery),2020-08-17T01:22:50+00:00,0087000037;0090040497,4.0,ST,10716.8,EUR, , ,L
e561,Create Goods Movement (from Order),2020-08-17T01:26:28+00:00,0005002030;2300038000,0.0,ST,0.0,EUR,P-100, , 
e562,Create Goods Movement (from Order),2020-08-17T01:26:28+00:00,0005002030;4900005701,4.0,ST,2530.16,EUR,P-101,601, 
e563,Create Goods Movement (from Delivery),2020-08-17T01:26:28+00:00,0087000038;2300038000,0.0,ST,0.0,EUR,P-100, , 
e564,Create Goods Movement (from Delivery),2020-08-17T01:26:28+00:00,0087000038;4900005701,4.0,ST,2530.16,EUR,P-101,601, 
e1533,Create Invoice (from Order),2020-08-17T01:26:38+00:00,0005002030;0090040498,0.0,ST,0.0,EUR, , ,L
e1534,Create Invoice (from Order),2020-08-17T01:26:38+00:00,0005002030;0090040498,4.0,ST,10716.8,EUR, , ,L
e1535,Create Invoice (from Delivery),2020-08-17T01:26:38+00:00,0087000038;0090040498,0.0,ST,0.0,EUR, , ,L
e1536,Create Invoice (from Delivery),2020-08-17T01:26:38+00:00,0087000038;0090040498,4.0,ST,10716.8,EUR, , ,L
e3427,Create Goods Movement (from Order),2020-08-17T01:31:06+00:00,0005002031;2300039000,0.0,ST,0.0,EUR,P-100, , 
e3428,Create Goods Movement (from Order),2020-08-17T01:31:06+00:00,0005002031;4900005702,4.0,ST,2530.16,EUR,P-101,601, 
e3429,Create Goods Movement (from Delivery),2020-08-17T01:31:06+00:00,0087000039;2300039000,0.0,ST,0.0,EUR,P-100, , 
e3430,Create Goods Movement (from Delivery),2020-08-17T01:31:06+00:00,0087000039;4900005702,4.0,ST,2530.16,EUR,P-101,601, 
e1537,Create Invoice (from Order),2020-08-17T01:35:58+00:00,0005002031;0090040499,0.0,ST,0.0,EUR, , ,L
e1538,Create Invoice (from Order),2020-08-17T01:35:58+00:00,0005002031;0090040499,4.0,ST,10716.8,EUR, , ,L
e1539,Create Invoice (from Delivery),2020-08-17T01:35:58+00:00,0087000039;0090040499,0.0,ST,0.0,EUR, , ,L
e1540,Create Invoice (from Delivery),2020-08-17T01:35:58+00:00,0087000039;0090040499,4.0,ST,10716.8,EUR, , ,L
e1448,Create Goods Movement (from Order),2020-08-17T01:47:47+00:00,0005002032;2300040000,0.0,ST,0.0,EUR,P-100, , 
e1449,Create Goods Movement (from Order),2020-08-17T01:47:47+00:00,0005002032;4900005703,4.0,ST,2530.16,EUR,P-101,601, 
e1450,Create Goods Movement (from Delivery),2020-08-17T01:47:47+00:00,0087000040;2300040000,0.0,ST,0.0,EUR,P-100, , 
e1451,Create Goods Movement (from Delivery),2020-08-17T01:47:47+00:00,0087000040;4900005703,4.0,ST,2530.16,EUR,P-101,601, 
e1145,Create Invoice (from Order),2020-08-17T01:47:57+00:00,0005002032;0090040500,0.0,ST,0.0,EUR, , ,L
e1146,Create Invoice (from Order),2020-08-17T01:47:57+00:00,0005002032;0090040500,4.0,ST,10716.8,EUR, , ,L
e1147,Create Invoice (from Delivery),2020-08-17T01:47:57+00:00,0087000040;0090040500,0.0,ST,0.0,EUR, , ,L
e1148,Create Invoice (from Delivery),2020-08-17T01:47:57+00:00,0087000040;0090040500,4.0,ST,10716.8,EUR, , ,L
e1043,Create Goods Movement (from Order),2020-08-17T01:48:47+00:00,0005002033;2300041000,0.0,ST,0.0,EUR,P-100, , 
e1044,Create Goods Movement (from Order),2020-08-17T01:48:47+00:00,0005002033;4900005704,2.0,ST,1265.08,EUR,P-101,601, 
e1045,Create Goods Movement (from Delivery),2020-08-17T01:48:47+00:00,0087000041;2300041000,0.0,ST,0.0,EUR,P-100, , 
e1046,Create Goods Movement (from Delivery),2020-08-17T01:48:47+00:00,0087000041;4900005704,2.0,ST,1265.08,EUR,P-101,601, 
e501,Create Invoice (from Order),2020-08-17T01:48:57+00:00,0005002033;0090040501,0.0,ST,0.0,EUR, , ,L
e502,Create Invoice (from Order),2020-08-17T01:48:57+00:00,0005002033;0090040501,2.0,ST,5358.4,EUR, , ,L
e503,Create Invoice (from Delivery),2020-08-17T01:48:57+00:00,0087000041;0090040501,0.0,ST,0.0,EUR, , ,L
e504,Create Invoice (from Delivery),2020-08-17T01:48:57+00:00,0087000041;0090040501,2.0,ST,5358.4,EUR, , ,L
e3495,Create Goods Movement (from Order),2020-08-17T01:49:44+00:00,0005002034;2300042000,0.0,ST,0.0,EUR,P-100, , 
e3496,Create Goods Movement (from Order),2020-08-17T01:49:44+00:00,0005002034;4900005705,2.0,ST,1265.08,EUR,P-101,601, 
e3497,Create Goods Movement (from Delivery),2020-08-17T01:49:44+00:00,0087000042;2300042000,0.0,ST,0.0,EUR,P-100, , 
e3498,Create Goods Movement (from Delivery),2020-08-17T01:49:44+00:00,0087000042;4900005705,2.0,ST,1265.08,EUR,P-101,601, 
e505,Create Invoice (from Order),2020-08-17T01:49:55+00:00,0005002034;0090040502,0.0,ST,0.0,EUR, , ,L
e506,Create Invoice (from Order),2020-08-17T01:49:55+00:00,0005002034;0090040502,2.0,ST,5358.4,EUR, , ,L
e507,Create Invoice (from Delivery),2020-08-17T01:49:55+00:00,0087000042;0090040502,0.0,ST,0.0,EUR, , ,L
e508,Create Invoice (from Delivery),2020-08-17T01:49:55+00:00,0087000042;0090040502,2.0,ST,5358.4,EUR, , ,L
e3499,Create Goods Movement (from Order),2020-08-17T01:50:36+00:00,0005002035;2300043000,0.0,ST,0.0,EUR,P-100, , 
e3500,Create Goods Movement (from Order),2020-08-17T01:50:36+00:00,0005002035;4900005706,2.0,ST,1265.08,EUR,P-101,601, 
e3501,Create Goods Movement (from Delivery),2020-08-17T01:50:36+00:00,0087000043;2300043000,0.0,ST,0.0,EUR,P-100, , 
e3502,Create Goods Movement (from Delivery),2020-08-17T01:50:36+00:00,0087000043;4900005706,2.0,ST,1265.08,EUR,P-101,601, 
e509,Create Invoice (from Order),2020-08-17T01:50:47+00:00,0005002035;0090040503,0.0,ST,0.0,EUR, , ,L
e510,Create Invoice (from Order),2020-08-17T01:50:47+00:00,0005002035;0090040503,2.0,ST,5358.4,EUR, , ,L
e511,Create Invoice (from Delivery),2020-08-17T01:50:47+00:00,0087000043;0090040503,0.0,ST,0.0,EUR, , ,L
e512,Create Invoice (from Delivery),2020-08-17T01:50:47+00:00,0087000043;0090040503,2.0,ST,5358.4,EUR, , ,L
e874,Create Goods Movement (from Order),2020-08-17T01:51:33+00:00,0005002036;2300044000,0.0,ST,0.0,EUR,P-100, , 
e875,Create Goods Movement (from Order),2020-08-17T01:51:33+00:00,0005002036;4900005707,2.0,ST,1265.08,EUR,P-101,601, 
e876,Create Goods Movement (from Delivery),2020-08-17T01:51:33+00:00,0087000044;2300044000,0.0,ST,0.0,EUR,P-100, , 
e877,Create Goods Movement (from Delivery),2020-08-17T01:51:33+00:00,0087000044;4900005707,2.0,ST,1265.08,EUR,P-101,601, 
e513,Create Invoice (from Order),2020-08-17T01:51:44+00:00,0005002036;0090040504,0.0,ST,0.0,EUR, , ,L
e514,Create Invoice (from Order),2020-08-17T01:51:44+00:00,0005002036;0090040504,2.0,ST,5358.4,EUR, , ,L
e515,Create Invoice (from Delivery),2020-08-17T01:51:44+00:00,0087000044;0090040504,0.0,ST,0.0,EUR, , ,L
e516,Create Invoice (from Delivery),2020-08-17T01:51:44+00:00,0087000044;0090040504,2.0,ST,5358.4,EUR, , ,L
e1047,Create Goods Movement (from Order),2020-08-17T01:52:28+00:00,0005002037;2300045000,0.0,ST,0.0,EUR,P-100, , 
e1048,Create Goods Movement (from Order),2020-08-17T01:52:28+00:00,0005002037;4900005708,2.0,ST,1265.08,EUR,P-101,601, 
e1049,Create Goods Movement (from Delivery),2020-08-17T01:52:28+00:00,0087000045;2300045000,0.0,ST,0.0,EUR,P-100, , 
e1050,Create Goods Movement (from Delivery),2020-08-17T01:52:28+00:00,0087000045;4900005708,2.0,ST,1265.08,EUR,P-101,601, 
e1149,Create Invoice (from Order),2020-08-17T01:52:37+00:00,0005002037;0090040505,0.0,ST,0.0,EUR, , ,L
e1150,Create Invoice (from Order),2020-08-17T01:52:37+00:00,0005002037;0090040505,2.0,ST,5358.4,EUR, , ,L
e1151,Create Invoice (from Delivery),2020-08-17T01:52:37+00:00,0087000045;0090040505,0.0,ST,0.0,EUR, , ,L
e1152,Create Invoice (from Delivery),2020-08-17T01:52:37+00:00,0087000045;0090040505,2.0,ST,5358.4,EUR, , ,L
e1452,Create Goods Movement (from Order),2020-08-17T01:53:19+00:00,0005002038;2300046000,0.0,ST,0.0,EUR,P-100, , 
e1453,Create Goods Movement (from Order),2020-08-17T01:53:19+00:00,0005002038;4900005709,2.0,ST,1265.08,EUR,P-101,601, 
e1454,Create Goods Movement (from Delivery),2020-08-17T01:53:19+00:00,0087000046;2300046000,0.0,ST,0.0,EUR,P-100, , 
e1455,Create Goods Movement (from Delivery),2020-08-17T01:53:19+00:00,0087000046;4900005709,2.0,ST,1265.08,EUR,P-101,601, 
e1153,Create Invoice (from Order),2020-08-17T01:53:30+00:00,0005002038;0090040506,0.0,ST,0.0,EUR, , ,L
e1154,Create Invoice (from Order),2020-08-17T01:53:30+00:00,0005002038;0090040506,2.0,ST,5358.4,EUR, , ,L
e1155,Create Invoice (from Delivery),2020-08-17T01:53:30+00:00,0087000046;0090040506,0.0,ST,0.0,EUR, , ,L
e1156,Create Invoice (from Delivery),2020-08-17T01:53:30+00:00,0087000046;0090040506,2.0,ST,5358.4,EUR, , ,L
e955,Create Goods Movement (from Order),2020-08-17T01:54:18+00:00,0005002039;2300047000,0.0,ST,0.0,EUR,P-100, , 
e956,Create Goods Movement (from Order),2020-08-17T01:54:18+00:00,0005002039;4900005710,2.0,ST,1265.08,EUR,P-101,601, 
e957,Create Goods Movement (from Delivery),2020-08-17T01:54:18+00:00,0087000047;2300047000,0.0,ST,0.0,EUR,P-100, , 
e958,Create Goods Movement (from Delivery),2020-08-17T01:54:18+00:00,0087000047;4900005710,2.0,ST,1265.08,EUR,P-101,601, 
e517,Create Invoice (from Order),2020-08-17T01:54:31+00:00,0005002039;0090040507,0.0,ST,0.0,EUR, , ,L
e518,Create Invoice (from Order),2020-08-17T01:54:31+00:00,0005002039;0090040507,2.0,ST,5358.4,EUR, , ,L
e519,Create Invoice (from Delivery),2020-08-17T01:54:31+00:00,0087000047;0090040507,0.0,ST,0.0,EUR, , ,L
e520,Create Invoice (from Delivery),2020-08-17T01:54:31+00:00,0087000047;0090040507,2.0,ST,5358.4,EUR, , ,L
e959,Create Goods Movement (from Order),2020-08-17T01:55:17+00:00,0005002040;2300048000,0.0,ST,0.0,EUR,P-100, , 
e960,Create Goods Movement (from Order),2020-08-17T01:55:17+00:00,0005002040;4900005711,2.0,ST,1265.08,EUR,P-101,601, 
e961,Create Goods Movement (from Delivery),2020-08-17T01:55:17+00:00,0087000048;2300048000,0.0,ST,0.0,EUR,P-100, , 
e962,Create Goods Movement (from Delivery),2020-08-17T01:55:17+00:00,0087000048;4900005711,2.0,ST,1265.08,EUR,P-101,601, 
e521,Create Invoice (from Order),2020-08-17T01:55:29+00:00,0005002040;0090040508,0.0,ST,0.0,EUR, , ,L
e522,Create Invoice (from Order),2020-08-17T01:55:29+00:00,0005002040;0090040508,2.0,ST,5358.4,EUR, , ,L
e523,Create Invoice (from Delivery),2020-08-17T01:55:29+00:00,0087000048;0090040508,0.0,ST,0.0,EUR, , ,L
e524,Create Invoice (from Delivery),2020-08-17T01:55:29+00:00,0087000048;0090040508,2.0,ST,5358.4,EUR, , ,L
e878,Create Goods Movement (from Order),2020-08-17T01:56:13+00:00,0005002041;2300049000,0.0,ST,0.0,EUR,P-100, , 
e879,Create Goods Movement (from Order),2020-08-17T01:56:13+00:00,0005002041;4900005712,2.0,ST,1265.08,EUR,P-101,601, 
e880,Create Goods Movement (from Delivery),2020-08-17T01:56:13+00:00,0087000049;2300049000,0.0,ST,0.0,EUR,P-100, , 
e881,Create Goods Movement (from Delivery),2020-08-17T01:56:13+00:00,0087000049;4900005712,2.0,ST,1265.08,EUR,P-101,601, 
e525,Create Invoice (from Order),2020-08-17T01:56:24+00:00,0005002041;0090040509,0.0,ST,0.0,EUR, , ,L
e526,Create Invoice (from Order),2020-08-17T01:56:24+00:00,0005002041;0090040509,2.0,ST,5358.4,EUR, , ,L
e527,Create Invoice (from Delivery),2020-08-17T01:56:24+00:00,0087000049;0090040509,0.0,ST,0.0,EUR, , ,L
e528,Create Invoice (from Delivery),2020-08-17T01:56:24+00:00,0087000049;0090040509,2.0,ST,5358.4,EUR, , ,L
e1541,Create Invoice (from Order),2020-09-22T01:26:34+00:00,0000019175;0090040510,1.0,ST,2600.0,EUR, , ,L
e1542,Create Invoice (from Delivery),2020-09-22T01:26:34+00:00,0080018973;0090040510,1.0,ST,2600.0,EUR, , ,L
e3390,Create Invoice (from Order),2020-09-22T01:28:21+00:00,0000019194;0090040511,2.0,ST,5200.0,EUR, , ,L
e3391,Create Invoice (from Delivery),2020-09-22T01:28:21+00:00,0080018981;0090040511,2.0,ST,5200.0,EUR, , ,L
e3392,Create Invoice (from Order),2020-09-22T01:31:24+00:00,0000019168;0090040512,10.0,ST,100.0,EUR, , ,L
e3393,Create Invoice (from Delivery),2020-09-22T01:31:24+00:00,0080018968;0090040512,10.0,ST,100.0,EUR, , ,L
e1543,Create Invoice (from Order),2020-09-22T01:32:43+00:00,0005000029;0090040513,1.0,ST,2600.0,EUR, , ,L
e1544,Create Invoice (from Delivery),2020-09-22T01:32:43+00:00,0087000003;0090040513,1.0,ST,2600.0,EUR, , ,L
e807,Create Invoice (from Order),2020-09-22T01:35:25+00:00,0000019165;0090040514,10.0,ST,100.0,EUR, , ,L
e808,Create Invoice (from Delivery),2020-09-22T01:35:25+00:00,0080018958;0090040514,10.0,ST,100.0,EUR, , ,L
e809,Create Invoice (from Order),2020-09-22T01:36:18+00:00,0000019155;0090040515,1.0,ST,10.0,EUR, , ,L
e810,Create Invoice (from Delivery),2020-09-22T01:36:18+00:00,0080018954;0090040515,1.0,ST,10.0,EUR, , ,L
e299,Create Order (from Quotation),2020-10-25T01:41:57+00:00,0000019214;0020000277,1.0,ST,2679.2,EUR, , , 
e529,Create Goods Movement (from Order),2020-10-30T05:30:28+00:00,0000019222;4900005821,1.0,ST,632.54,EUR,P-101,601, 
e530,Create Goods Movement (from Order),2020-10-30T05:30:28+00:00,0000019222;4900005821,1.0,ST,706.62,EUR,P-100,601, 
e531,Create Goods Movement (from Order),2020-10-30T05:30:28+00:00,0000019222;3048999000,0.0, ,0.0,EUR, , , 
e532,Create Goods Movement (from Order),2020-10-30T05:30:28+00:00,0000019222;3048999001,0.0, ,0.0,EUR, , , 
e533,Create Goods Movement (from Order),2020-10-30T05:30:28+00:00,0000019222;3048999002,0.0, ,0.0,EUR, , , 
e534,Create Goods Movement (from Order),2020-10-30T05:30:28+00:00,0000019222;3048999003,0.0, ,0.0,EUR, , , 
e963,Create Goods Movement (from Order),2020-10-30T05:30:28+00:00,0000019222;3048999004,0.0, ,0.0,EUR, , , 
e964,Create Goods Movement (from Order),2020-10-30T05:30:28+00:00,0000019222;3048999005,0.0, ,0.0,EUR, , , 
e965,Create Goods Movement (from Order),2020-10-30T05:30:28+00:00,0000019222;3048999006,0.0, ,0.0,EUR, , , 
e966,Create Goods Movement (from Order),2020-10-30T05:30:28+00:00,0000019222;3048999007,0.0, ,0.0,EUR, , , 
e967,Create Goods Movement (from Delivery),2020-10-30T05:30:28+00:00,0080018999;4900005821,1.0,ST,632.54,EUR,P-101,601, 
e968,Create Goods Movement (from Delivery),2020-10-30T05:30:28+00:00,0080018999;4900005821,1.0,ST,706.62,EUR,P-100,601, 
e969,Create Goods Movement (from Delivery),2020-10-30T05:30:28+00:00,0080018999;3048999000,0.0, ,0.0,EUR, , , 
e970,Create Goods Movement (from Delivery),2020-10-30T05:30:28+00:00,0080018999;3048999001,0.0, ,0.0,EUR, , , 
e971,Create Goods Movement (from Delivery),2020-10-30T05:30:28+00:00,0080018999;3048999002,0.0, ,0.0,EUR, , , 
e972,Create Goods Movement (from Delivery),2020-10-30T05:30:28+00:00,0080018999;3048999003,0.0, ,0.0,EUR, , , 
e973,Create Goods Movement (from Delivery),2020-10-30T05:30:28+00:00,0080018999;3048999004,0.0, ,0.0,EUR, , , 
e974,Create Goods Movement (from Delivery),2020-10-30T05:30:28+00:00,0080018999;3048999005,0.0, ,0.0,EUR, , , 
e975,Create Goods Movement (from Delivery),2020-10-30T05:30:28+00:00,0080018999;3048999006,0.0, ,0.0,EUR, , , 
e976,Create Goods Movement (from Delivery),2020-10-30T05:30:28+00:00,0080018999;3048999007,0.0, ,0.0,EUR, , , 
e977,Create Invoice (from Order),2020-10-30T05:38:50+00:00,0000019222;0090040516,1.0,ST,2679.2,EUR, , ,L
e1051,Create Invoice (from Order),2020-10-30T05:38:50+00:00,0000019222;0090040516,1.0,ST,2600.0,EUR, , ,L
e1052,Create Invoice (from Order),2020-10-30T05:38:50+00:00,0000019222;0090040516,0.0, ,0.0,EUR, , ,L
e1053,Create Invoice (from Order),2020-10-30T05:38:50+00:00,0000019222;0090040516,0.0, ,0.0,EUR, , ,L
e1054,Create Invoice (from Order),2020-10-30T05:38:50+00:00,0000019222;0090040516,0.0, ,0.0,EUR, , ,L
e1055,Create Invoice (from Order),2020-10-30T05:38:50+00:00,0000019222;0090040516,0.0, ,0.0,EUR, , ,L
e1056,Create Invoice (from Order),2020-10-30T05:38:50+00:00,0000019222;0090040516,0.0, ,0.0,EUR, , ,L
e1057,Create Invoice (from Order),2020-10-30T05:38:50+00:00,0000019222;0090040516,0.0, ,0.0,EUR, , ,L
e1058,Create Invoice (from Order),2020-10-30T05:38:50+00:00,0000019222;0090040516,0.0, ,0.0,EUR, , ,L
e1059,Create Invoice (from Order),2020-10-30T05:38:50+00:00,0000019222;0090040516,0.0, ,0.0,EUR, , ,L
e1060,Create Invoice (from Delivery),2020-10-30T05:38:50+00:00,0080018999;0090040516,1.0,ST,2679.2,EUR, , ,L
e1061,Create Invoice (from Delivery),2020-10-30T05:38:50+00:00,0080018999;0090040516,1.0,ST,2600.0,EUR, , ,L
e1062,Create Invoice (from Delivery),2020-10-30T05:38:50+00:00,0080018999;0090040516,0.0, ,0.0,EUR, , ,L
e1063,Create Invoice (from Delivery),2020-10-30T05:38:50+00:00,0080018999;0090040516,0.0, ,0.0,EUR, , ,L
e1064,Create Invoice (from Delivery),2020-10-30T05:38:50+00:00,0080018999;0090040516,0.0, ,0.0,EUR, , ,L
e1065,Create Invoice (from Delivery),2020-10-30T05:38:50+00:00,0080018999;0090040516,0.0, ,0.0,EUR, , ,L
e1066,Create Invoice (from Delivery),2020-10-30T05:38:50+00:00,0080018999;0090040516,0.0, ,0.0,EUR, , ,L
e1067,Create Invoice (from Delivery),2020-10-30T05:38:50+00:00,0080018999;0090040516,0.0, ,0.0,EUR, , ,L
e1068,Create Invoice (from Delivery),2020-10-30T05:38:50+00:00,0080018999;0090040516,0.0, ,0.0,EUR, , ,L
e1069,Create Invoice (from Delivery),2020-10-30T05:38:50+00:00,0080018999;0090040516,0.0, ,0.0,EUR, , ,L
e3559,Create Goods Movement (from Delivery),2020-11-14T23:43:12+00:00,0080019003;3209003000,0.0,ST,0.0,EUR,000000000050066255, , 
e535,Create Goods Movement (from Delivery),2020-12-06T23:57:02+00:00,0080019011;3429011000,0.0,KG,0.0,EUR,T-FQ100, , 
e536,Create Goods Movement (from Delivery),2020-12-06T23:57:02+00:00,0080019011;4900005872,100.0,KG,67.0,EUR,T-FQ100,601, 
e537,Create Goods Movement (from Order),2020-12-07T09:53:05+00:00,0000019230;4900005873,1.0,ST,706.62,EUR,P-100,601, 
e538,Create Goods Movement (from Delivery),2020-12-07T09:53:05+00:00,0080019012;4900005873,1.0,ST,706.62,EUR,P-100,601, 
e539,Create Order (from Quotation),2020-12-17T04:25:33+00:00,0005001000;0005004203,0.0, ,7879.2,EUR, , , 
e1342,Create Goods Movement (from Order),2020-12-18T02:43:21+00:00,0005004203;4900005875,1.0,ST,632.54,EUR,P-101,601, 
e1343,Create Goods Movement (from Order),2020-12-18T02:43:21+00:00,0005004203;4900005875,2.0,ST,1413.24,EUR,P-100,601, 
e1344,Create Goods Movement (from Delivery),2020-12-18T02:43:21+00:00,0087000340;4900005875,1.0,ST,632.54,EUR,P-101,601, 
e1345,Create Goods Movement (from Delivery),2020-12-18T02:43:21+00:00,0087000340;4900005875,2.0,ST,1413.24,EUR,P-100,601, 
e540,Create Invoice (from Order),2020-12-18T04:29:19+00:00,0005004203;0090040517,1.0,ST,2679.2,EUR, , ,L
e541,Create Invoice (from Order),2020-12-18T04:29:19+00:00,0005004203;0090040517,2.0,ST,5200.0,EUR, , ,L
e542,Create Invoice (from Delivery),2020-12-18T04:29:19+00:00,0087000340;0090040517,1.0,ST,2679.2,EUR, , ,L
e543,Create Invoice (from Delivery),2020-12-18T04:29:19+00:00,0087000340;0090040517,2.0,ST,5200.0,EUR, , ,L
e3530,Create Order (from Quotation),2020-12-18T04:45:58+00:00,0005001002;0005004204,0.0, ,7879.2,EUR, , , 
e3431,Create Goods Movement (from Order),2020-12-18T04:47:17+00:00,0005004204;4900005876,1.0,ST,632.54,EUR,P-101,601, 
e3432,Create Goods Movement (from Order),2020-12-18T04:47:17+00:00,0005004204;4900005876,2.0,ST,1413.24,EUR,P-100,601, 
e3433,Create Goods Movement (from Delivery),2020-12-18T04:47:17+00:00,0087000341;4900005876,1.0,ST,632.54,EUR,P-101,601, 
e3434,Create Goods Movement (from Delivery),2020-12-18T04:47:17+00:00,0087000341;4900005876,2.0,ST,1413.24,EUR,P-100,601, 
e245,Create Goods Movement (from Order),2020-12-19T01:23:40+00:00,0000019241;4900005877,10.0,ST,849.8,EUR,T-B220,601, 
e246,Create Goods Movement (from Delivery),2020-12-19T01:23:40+00:00,0080019013;4900005877,10.0,ST,849.8,EUR,T-B220,601, 
e544,Create Invoice (from Order),2020-12-19T05:03:34+00:00,0005004204;0090040518,1.0,ST,2679.2,EUR, , ,L
e545,Create Invoice (from Order),2020-12-19T05:03:34+00:00,0005004204;0090040518,2.0,ST,5200.0,EUR, , ,L
e546,Create Invoice (from Delivery),2020-12-19T05:03:34+00:00,0087000341;0090040518,1.0,ST,2679.2,EUR, , ,L
e547,Create Invoice (from Delivery),2020-12-19T05:03:34+00:00,0087000341;0090040518,2.0,ST,5200.0,EUR, , ,L
e548,Create Order (from Quotation),2020-12-19T05:09:16+00:00,0005001004;0005004205,0.0, ,7879.2,EUR, , , 
e1240,Create Goods Movement (from Order),2020-12-19T05:10:33+00:00,0005004205;4900005878,1.0,ST,632.54,EUR,P-101,601, 
e1241,Create Goods Movement (from Order),2020-12-19T05:10:33+00:00,0005004205;4900005878,2.0,ST,1413.24,EUR,P-100,601, 
e1242,Create Goods Movement (from Delivery),2020-12-19T05:10:33+00:00,0087000342;4900005878,1.0,ST,632.54,EUR,P-101,601, 
e1243,Create Goods Movement (from Delivery),2020-12-19T05:10:33+00:00,0087000342;4900005878,2.0,ST,1413.24,EUR,P-100,601, 
e549,Create Invoice (from Order),2020-12-19T06:03:03+00:00,0005004205;0090040519,1.0,ST,2679.2,EUR, , ,L
e550,Create Invoice (from Order),2020-12-19T06:03:03+00:00,0005004205;0090040519,2.0,ST,5200.0,EUR, , ,L
e551,Create Invoice (from Delivery),2020-12-19T06:03:03+00:00,0087000342;0090040519,1.0,ST,2679.2,EUR, , ,L
e552,Create Invoice (from Delivery),2020-12-19T06:03:03+00:00,0087000342;0090040519,2.0,ST,5200.0,EUR, , ,L
e3435,Create Goods Movement (from Order),2020-12-21T05:19:18+00:00,0000019243;4900005881,3.0,ST,2119.86,EUR,P-100,601, 
e3436,Create Goods Movement (from Delivery),2020-12-21T05:19:18+00:00,0080019014;4900005881,3.0,ST,2119.86,EUR,P-100,601, 
e3437,Create Invoice (from Order),2020-12-21T05:19:28+00:00,0000019243;0090040520,3.0,ST,7800.0,EUR, , ,L
e3438,Create Invoice (from Delivery),2020-12-21T05:19:28+00:00,0080019014;0090040520,3.0,ST,7800.0,EUR, , ,L
e3439,Create Goods Movement (from Order),2020-12-21T05:36:38+00:00,0000019244;4900005882,5.0,ST,3533.1,EUR,P-100,601, 
e3440,Create Goods Movement (from Delivery),2020-12-21T05:36:38+00:00,0080019015;4900005882,5.0,ST,3533.1,EUR,P-100,601, 
e3441,Create Invoice (from Order),2020-12-21T05:36:46+00:00,0000019244;0090040521,5.0,ST,13000.0,EUR, , ,L
e3442,Create Invoice (from Delivery),2020-12-21T05:36:46+00:00,0080019015;0090040521,5.0,ST,13000.0,EUR, , ,L
e1666,Create Order (from Quotation),2020-12-22T09:54:31+00:00,0005001006;0005004208,0.0, ,13000.0,EUR, , , 
e1667,Create Order (from Quotation),2020-12-22T09:56:00+00:00,0005001008;0005004211,0.0, ,5304.0,EUR, , , 
e1668,Create Order (from Quotation),2020-12-22T09:57:17+00:00,0005001010;0005004213,0.0, ,13000.0,EUR, , , 
e1669,Create Order (from Quotation),2020-12-22T09:58:16+00:00,0005001012;0005004215,0.0, ,10712.0,EUR, , , 
e1670,Create Order (from Quotation),2020-12-22T09:58:51+00:00,0005001013;0005004216,0.0, ,26520.0,EUR, , , 
e553,Create Order (from Quotation),2020-12-22T10:00:07+00:00,0005001014;0005004218,0.0, ,7878.0,EUR, , , 
e1094,Create Order (from Quotation),2020-12-22T10:02:25+00:00,0005001016;0005004222,0.0, ,18382.0,EUR, , , 
e1095,Create Order (from Quotation),2020-12-22T10:03:09+00:00,0005001017;0005004223,0.0, ,15756.0,EUR, , , 
e1096,Create Order (from Quotation),2020-12-22T10:04:18+00:00,0005001019;0005004225,0.0, ,24595.06,EUR, , , 
e554,Create Order (from Quotation),2020-12-22T10:06:52+00:00,0005001021;0005004230,0.0, ,15756.0,EUR, , , 
e1097,Create Order (from Quotation),2020-12-22T10:07:27+00:00,0005001022;0005004231,0.0, ,8034.0,EUR, , , 
e1098,Create Order (from Quotation),2020-12-22T10:08:29+00:00,0005001023;0005004233,0.0, ,10504.0,EUR, , , 
e1099,Create Order (from Quotation),2020-12-22T10:09:04+00:00,0005001024;0005004234,0.0, ,13260.0,EUR, , , 
e1100,Create Order (from Quotation),2020-12-22T10:10:50+00:00,0005001026;0005004237,0.0, ,11038.3,EUR, , , 
e1101,Create Order (from Quotation),2020-12-22T10:11:53+00:00,0005001028;0005004239,0.0, ,13797.88,EUR, , , 
e1102,Create Order (from Quotation),2020-12-22T10:14:18+00:00,0005001030;0005004244,0.0, ,15600.0,EUR, , , 
e1103,Create Order (from Quotation),2020-12-22T10:14:49+00:00,0005001031;0005004245,0.0, ,0.0,EUR, , , 
e1104,Create Order (from Quotation),2020-12-22T10:16:59+00:00,0005001032;0005004250,0.0, ,7800.0,EUR, , , 
e1105,Create Order (from Quotation),2020-12-22T10:19:51+00:00,0005001034;0005004256,0.0, ,2626.0,EUR, , , 
e1106,Create Order (from Quotation),2020-12-22T10:20:26+00:00,0005001035;0005004257,0.0, ,8037.6,EUR, , , 
e1107,Create Order (from Quotation),2020-12-22T10:24:19+00:00,0005001040;0005004265,0.0, ,10716.8,EUR, , , 
e555,Create Order (from Quotation),2020-12-22T10:27:20+00:00,0005001044;0005004271,0.0, ,10712.0,EUR, , , 
e272,Create Order (from Quotation),2020-12-22T10:31:35+00:00,0005001049;0005004279,0.0, ,21424.0,EUR, , , 
e273,Create Order (from Quotation),2020-12-22T10:34:06+00:00,0005001051;0005004284,0.0, ,26792.0,EUR, , , 
e274,Create Order (from Quotation),2020-12-22T10:34:38+00:00,0005001052;0005004285,0.0, ,5200.0,EUR, , , 
e275,Create Order (from Quotation),2020-12-22T10:35:40+00:00,0005001054;0005004287,0.0, ,2678.0,EUR, , , 
e276,Create Order (from Quotation),2020-12-22T10:38:40+00:00,0005001056;0005004294,0.0, ,5358.4,EUR, , , 
e556,Create Order (from Quotation),2020-12-22T10:43:57+00:00,0005001062;0005004304,0.0, ,5200.0,EUR, , , 
e3356,Create Goods Movement (from Order),2020-12-22T10:46:03+00:00,0005004225;4900005884,9.0,ST,5692.86,EUR,P-101,601, 
e3357,Create Goods Movement (from Delivery),2020-12-22T10:46:03+00:00,0087000368;4900005884,9.0,ST,5692.86,EUR,P-101,601, 
e615,Create Invoice (from Order),2020-12-22T10:46:07+00:00,0005004225;0090040522,9.0,ST,24595.06,EUR, , ,L
e616,Create Invoice (from Delivery),2020-12-22T10:46:07+00:00,0087000368;0090040522,9.0,ST,24595.06,EUR, , ,L
e3654,Create Goods Movement (from Order),2020-12-22T10:46:37+00:00,0005004290;4900005885,4.0,ST,2530.16,EUR,P-101,601, 
e3655,Create Goods Movement (from Delivery),2020-12-22T10:46:37+00:00,0087000433;4900005885,4.0,ST,2530.16,EUR,P-101,601, 
e3656,Create Goods Movement (from Order),2020-12-22T10:46:46+00:00,0005004231;4900005886,3.0,ST,2119.86,EUR,P-100,601, 
e3657,Create Goods Movement (from Delivery),2020-12-22T10:46:46+00:00,0087000374;4900005886,3.0,ST,2119.86,EUR,P-100,601, 
e3227,Create Invoice (from Order),2020-12-22T10:46:50+00:00,0005004231;0090040523,3.0,ST,8034.0,EUR, , ,L
e3228,Create Invoice (from Delivery),2020-12-22T10:46:50+00:00,0087000374;0090040523,3.0,ST,8034.0,EUR, , ,L
e3229,Create Invoice (from Order),2020-12-22T10:47:01+00:00,0005004290;0090040524,4.0,ST,10823.97,EUR, , ,L
e3230,Create Invoice (from Delivery),2020-12-22T10:47:01+00:00,0087000433;0090040524,4.0,ST,10823.97,EUR, , ,L
e3443,Create Goods Movement (from Order),2020-12-22T10:47:06+00:00,0005004223;4900005887,6.0,ST,4239.72,EUR,P-100,601, 
e3444,Create Goods Movement (from Delivery),2020-12-22T10:47:06+00:00,0087000366;4900005887,6.0,ST,4239.72,EUR,P-100,601, 
e3231,Create Invoice (from Order),2020-12-22T10:47:10+00:00,0005004223;0090040525,6.0,ST,15756.0,EUR, , ,L
e3232,Create Invoice (from Delivery),2020-12-22T10:47:10+00:00,0087000366;0090040525,6.0,ST,15756.0,EUR, , ,L
e3658,Create Goods Movement (from Order),2020-12-22T10:47:15+00:00,0005004291;4900005888,2.0,ST,1413.24,EUR,P-100,601, 
e3659,Create Goods Movement (from Delivery),2020-12-22T10:47:15+00:00,0087000434;4900005888,2.0,ST,1413.24,EUR,P-100,601, 
e3233,Create Invoice (from Order),2020-12-22T10:47:20+00:00,0005004291;0090040526,2.0,ST,5200.0,EUR, , ,L
e3234,Create Invoice (from Delivery),2020-12-22T10:47:20+00:00,0087000434;0090040526,2.0,ST,5200.0,EUR, , ,L
e3358,Create Goods Movement (from Order),2020-12-22T10:47:24+00:00,0005004300;4900005889,4.0,ST,2826.48,EUR,P-100,601, 
e3359,Create Goods Movement (from Delivery),2020-12-22T10:47:24+00:00,0087000443;4900005889,4.0,ST,2826.48,EUR,P-100,601, 
e3235,Create Invoice (from Order),2020-12-22T10:47:32+00:00,0005004300;0090040527,4.0,ST,10400.0,EUR, , ,L
e3236,Create Invoice (from Delivery),2020-12-22T10:47:32+00:00,0087000443;0090040527,4.0,ST,10400.0,EUR, , ,L
e3062,Create Goods Movement (from Order),2020-12-22T10:47:37+00:00,0005004270;4900005890,1.0,ST,632.54,EUR,P-101,601, 
e3063,Create Goods Movement (from Delivery),2020-12-22T10:47:37+00:00,0087000413;4900005890,1.0,ST,632.54,EUR,P-101,601, 
e3237,Create Invoice (from Order),2020-12-22T10:47:52+00:00,0005004270;0090040528,1.0,ST,2759.58,EUR, , ,L
e3238,Create Invoice (from Delivery),2020-12-22T10:47:52+00:00,0087000413;0090040528,1.0,ST,2759.58,EUR, , ,L
e3660,Create Goods Movement (from Order),2020-12-22T10:47:57+00:00,0005004273;4900005891,10.0,ST,7066.2,EUR,P-100,601, 
e3661,Create Goods Movement (from Delivery),2020-12-22T10:47:57+00:00,0087000416;4900005891,10.0,ST,7066.2,EUR,P-100,601, 
e1244,Create Goods Movement (from Order),2020-12-22T10:48:05+00:00,0005004305;4900005892,4.0,ST,2530.16,EUR,P-101,601, 
e1245,Create Goods Movement (from Delivery),2020-12-22T10:48:05+00:00,0087000448;4900005892,4.0,ST,2530.16,EUR,P-101,601, 
e3239,Create Invoice (from Order),2020-12-22T10:48:09+00:00,0005004273;0090040529,10.0,ST,26780.0,EUR, , ,L
e3240,Create Invoice (from Delivery),2020-12-22T10:48:09+00:00,0087000416;0090040529,10.0,ST,26780.0,EUR, , ,L
e3241,Create Invoice (from Order),2020-12-22T10:48:17+00:00,0005004305;0090040530,4.0,ST,11038.3,EUR, , ,L
e3242,Create Invoice (from Delivery),2020-12-22T10:48:17+00:00,0087000448;0090040530,4.0,ST,11038.3,EUR, , ,L
e3360,Create Goods Movement (from Order),2020-12-22T10:48:56+00:00,0005004287;4900005893,1.0,ST,706.62,EUR,P-100,601, 
e3361,Create Goods Movement (from Delivery),2020-12-22T10:48:56+00:00,0087000430;4900005893,1.0,ST,706.62,EUR,P-100,601, 
e1246,Create Goods Movement (from Order),2020-12-22T10:49:04+00:00,0005004289;4900005894,1.0,ST,706.62,EUR,P-100,601, 
e1247,Create Goods Movement (from Delivery),2020-12-22T10:49:04+00:00,0087000432;4900005894,1.0,ST,706.62,EUR,P-100,601, 
e1346,Create Goods Movement (from Order),2020-12-22T10:49:12+00:00,0005004276;4900005895,5.0,ST,3162.7,EUR,P-101,601, 
e1347,Create Goods Movement (from Delivery),2020-12-22T10:49:12+00:00,0087000419;4900005895,5.0,ST,3162.7,EUR,P-101,601, 
e3281,Create Invoice (from Order),2020-12-22T10:49:25+00:00,0005004287;0090040531,1.0,ST,2678.0,EUR, , ,L
e3282,Create Invoice (from Delivery),2020-12-22T10:49:25+00:00,0087000430;0090040531,1.0,ST,2678.0,EUR, , ,L
e1348,Create Goods Movement (from Order),2020-12-22T10:49:38+00:00,0005004244;4900005896,6.0,ST,4239.72,EUR,P-100,601, 
e1349,Create Goods Movement (from Delivery),2020-12-22T10:49:38+00:00,0087000387;4900005896,6.0,ST,4239.72,EUR,P-100,601, 
e3662,Create Goods Movement (from Order),2020-12-22T10:49:58+00:00,0005004280;4900005897,1.0,ST,706.62,EUR,P-100,601, 
e3663,Create Goods Movement (from Delivery),2020-12-22T10:49:58+00:00,0087000423;4900005897,1.0,ST,706.62,EUR,P-100,601, 
e617,Create Invoice (from Order),2020-12-22T10:50:07+00:00,0005004244;0090040532,6.0,ST,15600.0,EUR, , ,L
e618,Create Invoice (from Delivery),2020-12-22T10:50:07+00:00,0087000387;0090040532,6.0,ST,15600.0,EUR, , ,L
e619,Create Invoice (from Order),2020-12-22T10:50:11+00:00,0005004276;0090040533,5.0,ST,13663.92,EUR, , ,L
e620,Create Invoice (from Delivery),2020-12-22T10:50:11+00:00,0087000419;0090040533,5.0,ST,13663.92,EUR, , ,L
e1350,Create Goods Movement (from Order),2020-12-22T10:50:15+00:00,0005004266;4900005898,3.0,ST,2119.86,EUR,P-100,601, 
e1351,Create Goods Movement (from Delivery),2020-12-22T10:50:15+00:00,0087000409;4900005898,3.0,ST,2119.86,EUR,P-100,601, 
e1545,Create Goods Movement (from Order),2020-12-22T10:50:20+00:00,0005004221;4900005899,1.0,ST,632.54,EUR,P-101,601, 
e1546,Create Goods Movement (from Delivery),2020-12-22T10:50:20+00:00,0087000364;4900005899,1.0,ST,632.54,EUR,P-101,601, 
e621,Create Invoice (from Order),2020-12-22T10:50:51+00:00,0005004221;0090040534,1.0,ST,2759.58,EUR, , ,L
e622,Create Invoice (from Delivery),2020-12-22T10:50:51+00:00,0087000364;0090040534,1.0,ST,2759.58,EUR, , ,L
e623,Create Invoice (from Order),2020-12-22T10:50:55+00:00,0005004266;0090040535,3.0,ST,7878.0,EUR, , ,L
e624,Create Invoice (from Delivery),2020-12-22T10:50:55+00:00,0087000409;0090040535,3.0,ST,7878.0,EUR, , ,L
e625,Create Invoice (from Order),2020-12-22T10:50:59+00:00,0005004280;0090040536,1.0,ST,2600.0,EUR, , ,L
e626,Create Invoice (from Delivery),2020-12-22T10:50:59+00:00,0087000423;0090040536,1.0,ST,2600.0,EUR, , ,L
e3664,Create Goods Movement (from Order),2020-12-22T10:51:11+00:00,0005004207;4900005900,7.0,ST,4427.78,EUR,P-101,601, 
e3665,Create Goods Movement (from Delivery),2020-12-22T10:51:11+00:00,0087000350;4900005900,7.0,ST,4427.78,EUR,P-101,601, 
e627,Create Invoice (from Order),2020-12-22T10:51:20+00:00,0005004289;0090040537,1.0,ST,2626.0,EUR, , ,L
e628,Create Invoice (from Delivery),2020-12-22T10:51:20+00:00,0087000432;0090040537,1.0,ST,2626.0,EUR, , ,L
e1352,Create Goods Movement (from Order),2020-12-22T10:51:24+00:00,0005004216;4900005901,10.0,ST,7066.2,EUR,P-100,601, 
e1353,Create Goods Movement (from Delivery),2020-12-22T10:51:24+00:00,0087000359;4900005901,10.0,ST,7066.2,EUR,P-100,601, 
e629,Create Invoice (from Order),2020-12-22T10:51:28+00:00,0005004216;0090040538,10.0,ST,26520.0,EUR, , ,L
e630,Create Invoice (from Delivery),2020-12-22T10:51:28+00:00,0087000359;0090040538,10.0,ST,26520.0,EUR, , ,L
e631,Create Invoice (from Order),2020-12-22T10:51:36+00:00,0005004207;0090040539,7.0,ST,19317.03,EUR, , ,L
e632,Create Invoice (from Delivery),2020-12-22T10:51:36+00:00,0087000350;0090040539,7.0,ST,19317.03,EUR, , ,L
e3666,Create Goods Movement (from Order),2020-12-22T10:51:56+00:00,0005004220;4900005902,9.0,ST,6359.58,EUR,P-100,601, 
e3667,Create Goods Movement (from Delivery),2020-12-22T10:51:56+00:00,0087000363;4900005902,9.0,ST,6359.58,EUR,P-100,601, 
e3362,Create Goods Movement (from Order),2020-12-22T10:52:00+00:00,0005004263;4900005903,5.0,ST,3533.1,EUR,P-100,601, 
e3363,Create Goods Movement (from Delivery),2020-12-22T10:52:00+00:00,0087000406;4900005903,5.0,ST,3533.1,EUR,P-100,601, 
e1547,Create Goods Movement (from Order),2020-12-22T10:52:09+00:00,0005004246;4900005904,9.0,ST,6359.58,EUR,P-100,601, 
e1548,Create Goods Movement (from Delivery),2020-12-22T10:52:09+00:00,0087000389;4900005904,9.0,ST,6359.58,EUR,P-100,601, 
e1354,Create Goods Movement (from Order),2020-12-22T10:52:18+00:00,0005004295;4900005905,7.0,ST,4946.34,EUR,P-100,601, 
e1355,Create Goods Movement (from Delivery),2020-12-22T10:52:18+00:00,0087000438;4900005905,7.0,ST,4946.34,EUR,P-100,601, 
e633,Create Invoice (from Order),2020-12-22T10:52:25+00:00,0005004263;0090040540,5.0,ST,13000.0,EUR, , ,L
e634,Create Invoice (from Delivery),2020-12-22T10:52:25+00:00,0087000406;0090040540,5.0,ST,13000.0,EUR, , ,L
e3283,Create Invoice (from Order),2020-12-22T10:52:34+00:00,0005004295;0090040541,7.0,ST,18200.0,EUR, , ,L
e3284,Create Invoice (from Delivery),2020-12-22T10:52:34+00:00,0087000438;0090040541,7.0,ST,18200.0,EUR, , ,L
e3285,Create Invoice (from Order),2020-12-22T10:52:38+00:00,0005004246;0090040542,9.0,ST,23400.0,EUR, , ,L
e3286,Create Invoice (from Delivery),2020-12-22T10:52:38+00:00,0087000389;0090040542,9.0,ST,23400.0,EUR, , ,L
e3287,Create Invoice (from Order),2020-12-22T10:52:54+00:00,0005004220;0090040543,9.0,ST,23400.0,EUR, , ,L
e3288,Create Invoice (from Delivery),2020-12-22T10:52:54+00:00,0087000363;0090040543,9.0,ST,23400.0,EUR, , ,L
e1009,Create Goods Movement (from Order),2020-12-22T10:53:20+00:00,0005004284;4900005906,10.0,ST,6325.4,EUR,P-101,601, 
e1010,Create Goods Movement (from Delivery),2020-12-22T10:53:20+00:00,0087000427;4900005906,10.0,ST,6325.4,EUR,P-101,601, 
e1248,Create Goods Movement (from Order),2020-12-22T10:53:32+00:00,0005004299;4900005907,4.0,ST,2826.48,EUR,P-100,601, 
e1249,Create Goods Movement (from Delivery),2020-12-22T10:53:32+00:00,0087000442;4900005907,4.0,ST,2826.48,EUR,P-100,601, 
e3289,Create Invoice (from Order),2020-12-22T10:53:37+00:00,0005004299;0090040544,4.0,ST,10504.0,EUR, , ,L
e3290,Create Invoice (from Delivery),2020-12-22T10:53:37+00:00,0087000442;0090040544,4.0,ST,10504.0,EUR, , ,L
e3291,Create Invoice (from Order),2020-12-22T10:53:41+00:00,0005004284;0090040545,10.0,ST,26792.0,EUR, , ,L
e3292,Create Invoice (from Delivery),2020-12-22T10:53:41+00:00,0087000427;0090040545,10.0,ST,26792.0,EUR, , ,L
e1356,Create Goods Movement (from Order),2020-12-22T10:53:53+00:00,0005004239;4900005908,5.0,ST,3162.7,EUR,P-101,601, 
e1357,Create Goods Movement (from Delivery),2020-12-22T10:53:53+00:00,0087000382;4900005908,5.0,ST,3162.7,EUR,P-101,601, 
e3293,Create Invoice (from Order),2020-12-22T10:53:57+00:00,0005004239;0090040546,5.0,ST,13797.88,EUR, , ,L
e3294,Create Invoice (from Delivery),2020-12-22T10:53:57+00:00,0087000382;0090040546,5.0,ST,13797.88,EUR, , ,L
e1250,Create Goods Movement (from Order),2020-12-22T10:54:05+00:00,0005004236;4900005909,10.0,ST,6325.4,EUR,P-101,601, 
e1251,Create Goods Movement (from Delivery),2020-12-22T10:54:05+00:00,0087000379;4900005909,10.0,ST,6325.4,EUR,P-101,601, 
e1011,Create Goods Movement (from Order),2020-12-22T10:54:10+00:00,0005004282;4900005910,10.0,ST,6325.4,EUR,P-101,601, 
e1012,Create Goods Movement (from Delivery),2020-12-22T10:54:10+00:00,0087000425;4900005910,10.0,ST,6325.4,EUR,P-101,601, 
e3668,Create Goods Movement (from Order),2020-12-22T10:54:22+00:00,0005004298;4900005911,10.0,ST,7066.2,EUR,P-100,601, 
e3669,Create Goods Movement (from Delivery),2020-12-22T10:54:22+00:00,0087000441;4900005911,10.0,ST,7066.2,EUR,P-100,601, 
e3064,Create Goods Movement (from Order),2020-12-22T10:54:34+00:00,0005004256;4900005912,1.0,ST,706.62,EUR,P-100,601, 
e3065,Create Goods Movement (from Delivery),2020-12-22T10:54:34+00:00,0087000399;4900005912,1.0,ST,706.62,EUR,P-100,601, 
e3295,Create Invoice (from Order),2020-12-22T10:54:38+00:00,0005004236;0090040547,10.0,ST,27327.84,EUR, , ,L
e3296,Create Invoice (from Delivery),2020-12-22T10:54:38+00:00,0087000379;0090040547,10.0,ST,27327.84,EUR, , ,L
e3066,Create Goods Movement (from Order),2020-12-22T10:55:02+00:00,0005004215;4900005913,4.0,ST,2826.48,EUR,P-100,601, 
e3067,Create Goods Movement (from Delivery),2020-12-22T10:55:02+00:00,0087000358;4900005913,4.0,ST,2826.48,EUR,P-100,601, 
e3068,Create Goods Movement (from Order),2020-12-22T10:55:06+00:00,0005004250;4900005914,3.0,ST,2119.86,EUR,P-100,601, 
e3069,Create Goods Movement (from Delivery),2020-12-22T10:55:06+00:00,0087000393;4900005914,3.0,ST,2119.86,EUR,P-100,601, 
e635,Create Invoice (from Order),2020-12-22T10:55:10+00:00,0005004282;0090040548,10.0,ST,26792.0,EUR, , ,L
e636,Create Invoice (from Delivery),2020-12-22T10:55:10+00:00,0087000425;0090040548,10.0,ST,26792.0,EUR, , ,L
e1549,Create Goods Movement (from Order),2020-12-22T10:55:23+00:00,0005004279;4900005915,8.0,ST,5652.96,EUR,P-100,601, 
e1550,Create Goods Movement (from Delivery),2020-12-22T10:55:23+00:00,0087000422;4900005915,8.0,ST,5652.96,EUR,P-100,601, 
e3445,Create Goods Movement (from Order),2020-12-22T10:55:27+00:00,0005004292;4900005916,10.0,ST,6325.4,EUR,P-101,601, 
e3450,Create Goods Movement (from Delivery),2020-12-22T10:55:27+00:00,0087000435;4900005916,10.0,ST,6325.4,EUR,P-101,601, 
e1358,Create Goods Movement (from Order),2020-12-22T10:55:32+00:00,0005004251;4900005917,6.0,ST,4239.72,EUR,P-100,601, 
e1359,Create Goods Movement (from Delivery),2020-12-22T10:55:32+00:00,0087000394;4900005917,6.0,ST,4239.72,EUR,P-100,601, 
e1360,Create Goods Movement (from Order),2020-12-22T10:55:43+00:00,0005004230;4900005918,6.0,ST,4239.72,EUR,P-100,601, 
e1361,Create Goods Movement (from Delivery),2020-12-22T10:55:43+00:00,0087000373;4900005918,6.0,ST,4239.72,EUR,P-100,601, 
e637,Create Invoice (from Order),2020-12-22T10:55:47+00:00,0005004230;0090040549,6.0,ST,15756.0,EUR, , ,L
e638,Create Invoice (from Delivery),2020-12-22T10:55:47+00:00,0087000373;0090040549,6.0,ST,15756.0,EUR, , ,L
e639,Create Invoice (from Order),2020-12-22T10:55:59+00:00,0005004251;0090040550,6.0,ST,16068.0,EUR, , ,L
e640,Create Invoice (from Delivery),2020-12-22T10:55:59+00:00,0087000394;0090040550,6.0,ST,16068.0,EUR, , ,L
e777,Create Invoice (from Order),2020-12-22T10:56:03+00:00,0005004215;0090040551,4.0,ST,10712.0,EUR, , ,L
e778,Create Invoice (from Delivery),2020-12-22T10:56:03+00:00,0087000358;0090040551,4.0,ST,10712.0,EUR, , ,L
e779,Create Invoice (from Order),2020-12-22T10:56:11+00:00,0005004292;0090040552,10.0,ST,26792.0,EUR, , ,L
e780,Create Invoice (from Delivery),2020-12-22T10:56:11+00:00,0087000435;0090040552,10.0,ST,26792.0,EUR, , ,L
e1252,Create Goods Movement (from Order),2020-12-22T10:56:15+00:00,0005004218;4900005919,3.0,ST,2119.86,EUR,P-100,601, 
e1253,Create Goods Movement (from Delivery),2020-12-22T10:56:15+00:00,0087000361;4900005919,3.0,ST,2119.86,EUR,P-100,601, 
e3670,Create Goods Movement (from Order),2020-12-22T10:56:27+00:00,0005004265;4900005920,4.0,ST,2530.16,EUR,P-101,601, 
e3671,Create Goods Movement (from Delivery),2020-12-22T10:56:27+00:00,0087000408;4900005920,4.0,ST,2530.16,EUR,P-101,601, 
e3451,Create Goods Movement (from Order),2020-12-22T10:56:39+00:00,0005004258;4900005921,4.0,ST,2826.48,EUR,P-100,601, 
e3452,Create Goods Movement (from Delivery),2020-12-22T10:56:39+00:00,0087000401;4900005921,4.0,ST,2826.48,EUR,P-100,601, 
e3297,Create Invoice (from Order),2020-12-22T10:56:51+00:00,0005004218;0090040553,3.0,ST,7878.0,EUR, , ,L
e3298,Create Invoice (from Delivery),2020-12-22T10:56:51+00:00,0087000361;0090040553,3.0,ST,7878.0,EUR, , ,L
e3453,Create Goods Movement (from Order),2020-12-22T10:56:56+00:00,0005004211;4900005922,2.0,ST,1413.24,EUR,P-100,601, 
e3454,Create Goods Movement (from Delivery),2020-12-22T10:56:56+00:00,0087000354;4900005922,2.0,ST,1413.24,EUR,P-100,601, 
e1157,Create Goods Movement (from Order),2020-12-22T10:57:12+00:00,0005004240;4900005923,3.0,ST,1897.62,EUR,P-101,601, 
e1158,Create Goods Movement (from Delivery),2020-12-22T10:57:12+00:00,0087000383;4900005923,3.0,ST,1897.62,EUR,P-101,601, 
e3299,Create Invoice (from Order),2020-12-22T10:57:17+00:00,0005004265;0090040554,4.0,ST,10716.8,EUR, , ,L
e3300,Create Invoice (from Delivery),2020-12-22T10:57:17+00:00,0087000408;0090040554,4.0,ST,10716.8,EUR, , ,L
e3070,Create Goods Movement (from Order),2020-12-22T10:57:21+00:00,0005004242;4900005924,4.0,ST,2826.48,EUR,P-100,601, 
e3071,Create Goods Movement (from Delivery),2020-12-22T10:57:21+00:00,0087000385;4900005924,4.0,ST,2826.48,EUR,P-100,601, 
e781,Create Invoice (from Order),2020-12-22T10:57:29+00:00,0005004256;0090040555,1.0,ST,2626.0,EUR, , ,L
e782,Create Invoice (from Delivery),2020-12-22T10:57:29+00:00,0087000399;0090040555,1.0,ST,2626.0,EUR, , ,L
e1159,Create Goods Movement (from Order),2020-12-22T10:57:33+00:00,0005004217;4900005925,9.0,ST,6359.58,EUR,P-100,601, 
e1160,Create Goods Movement (from Delivery),2020-12-22T10:57:33+00:00,0087000360;4900005925,9.0,ST,6359.58,EUR,P-100,601, 
e783,Create Invoice (from Order),2020-12-22T10:57:42+00:00,0005004298;0090040556,10.0,ST,26260.0,EUR, , ,L
e784,Create Invoice (from Delivery),2020-12-22T10:57:42+00:00,0087000441;0090040556,10.0,ST,26260.0,EUR, , ,L
e3301,Create Invoice (from Order),2020-12-22T10:57:46+00:00,0005004217;0090040557,9.0,ST,23868.0,EUR, , ,L
e3302,Create Invoice (from Delivery),2020-12-22T10:57:46+00:00,0087000360;0090040557,9.0,ST,23868.0,EUR, , ,L
e3303,Create Invoice (from Order),2020-12-22T10:57:50+00:00,0005004258;0090040558,4.0,ST,10504.0,EUR, , ,L
e3304,Create Invoice (from Delivery),2020-12-22T10:57:50+00:00,0087000401;0090040558,4.0,ST,10504.0,EUR, , ,L
e3305,Create Invoice (from Order),2020-12-22T10:58:05+00:00,0005004211;0090040559,2.0,ST,5304.0,EUR, , ,L
e3318,Create Invoice (from Delivery),2020-12-22T10:58:05+00:00,0087000354;0090040559,2.0,ST,5304.0,EUR, , ,L
e1161,Create Goods Movement (from Order),2020-12-22T10:58:14+00:00,0005004237;4900005926,4.0,ST,2530.16,EUR,P-101,601, 
e1162,Create Goods Movement (from Delivery),2020-12-22T10:58:14+00:00,0087000380;4900005926,4.0,ST,2530.16,EUR,P-101,601, 
e1163,Create Goods Movement (from Order),2020-12-22T10:58:19+00:00,0005004209;4900005927,8.0,ST,5652.96,EUR,P-100,601, 
e1164,Create Goods Movement (from Delivery),2020-12-22T10:58:19+00:00,0087000352;4900005927,8.0,ST,5652.96,EUR,P-100,601, 
e3319,Create Invoice (from Order),2020-12-22T10:58:27+00:00,0005004250;0090040560,3.0,ST,7800.0,EUR, , ,L
e3320,Create Invoice (from Delivery),2020-12-22T10:58:27+00:00,0087000393;0090040560,3.0,ST,7800.0,EUR, , ,L
e1362,Create Goods Movement (from Order),2020-12-22T10:58:36+00:00,0005004233;4900005928,4.0,ST,2826.48,EUR,P-100,601, 
e1363,Create Goods Movement (from Delivery),2020-12-22T10:58:36+00:00,0087000376;4900005928,4.0,ST,2826.48,EUR,P-100,601, 
e1551,Create Goods Movement (from Order),2020-12-22T10:58:48+00:00,0005004293;4900005929,10.0,ST,7066.2,EUR,P-100,601, 
e1552,Create Goods Movement (from Delivery),2020-12-22T10:58:48+00:00,0087000436;4900005929,10.0,ST,7066.2,EUR,P-100,601, 
e3321,Create Invoice (from Order),2020-12-22T10:59:00+00:00,0005004242;0090040561,4.0,ST,10400.0,EUR, , ,L
e3322,Create Invoice (from Delivery),2020-12-22T10:59:00+00:00,0087000385;0090040561,4.0,ST,10400.0,EUR, , ,L
e3672,Create Goods Movement (from Order),2020-12-22T10:59:24+00:00,0005004213;4900005930,5.0,ST,3533.1,EUR,P-100,601, 
e3673,Create Goods Movement (from Delivery),2020-12-22T10:59:24+00:00,0087000356;4900005930,5.0,ST,3533.1,EUR,P-100,601, 
e3323,Create Invoice (from Order),2020-12-22T10:59:28+00:00,0005004213;0090040562,5.0,ST,13000.0,EUR, , ,L
e3324,Create Invoice (from Delivery),2020-12-22T10:59:28+00:00,0087000356;0090040562,5.0,ST,13000.0,EUR, , ,L
e3325,Create Invoice (from Order),2020-12-22T10:59:36+00:00,0005004240;0090040563,3.0,ST,8117.98,EUR, , ,L
e3326,Create Invoice (from Delivery),2020-12-22T10:59:36+00:00,0087000383;0090040563,3.0,ST,8117.98,EUR, , ,L
e3327,Create Invoice (from Order),2020-12-22T10:59:52+00:00,0005004279;0090040564,8.0,ST,21424.0,EUR, , ,L
e3328,Create Invoice (from Delivery),2020-12-22T10:59:52+00:00,0087000422;0090040564,8.0,ST,21424.0,EUR, , ,L
e3329,Create Invoice (from Order),2020-12-22T10:59:56+00:00,0005004209;0090040565,8.0,ST,20800.0,EUR, , ,L
e3330,Create Invoice (from Delivery),2020-12-22T10:59:56+00:00,0087000352;0090040565,8.0,ST,20800.0,EUR, , ,L
e3331,Create Invoice (from Order),2020-12-22T11:00:05+00:00,0005004237;0090040566,4.0,ST,11038.3,EUR, , ,L
e3332,Create Invoice (from Delivery),2020-12-22T11:00:05+00:00,0087000380;0090040566,4.0,ST,11038.3,EUR, , ,L
e1553,Create Goods Movement (from Order),2020-12-22T11:00:32+00:00,0005004253;4900005931,9.0,ST,6359.58,EUR,P-100,601, 
e1554,Create Goods Movement (from Delivery),2020-12-22T11:00:32+00:00,0087000396;4900005931,9.0,ST,6359.58,EUR,P-100,601, 
e785,Create Invoice (from Order),2020-12-22T11:00:43+00:00,0005004293;0090040567,10.0,ST,26000.0,EUR, , ,L
e786,Create Invoice (from Delivery),2020-12-22T11:00:43+00:00,0087000436;0090040567,10.0,ST,26000.0,EUR, , ,L
e1013,Create Goods Movement (from Order),2020-12-22T11:00:48+00:00,0005004247;4900005932,5.0,ST,3162.7,EUR,P-101,601, 
e1014,Create Goods Movement (from Delivery),2020-12-22T11:00:48+00:00,0087000390;4900005932,5.0,ST,3162.7,EUR,P-101,601, 
e787,Create Invoice (from Order),2020-12-22T11:00:52+00:00,0005004233;0090040568,4.0,ST,10504.0,EUR, , ,L
e788,Create Invoice (from Delivery),2020-12-22T11:00:52+00:00,0087000376;0090040568,4.0,ST,10504.0,EUR, , ,L
e789,Create Invoice (from Order),2020-12-22T11:00:57+00:00,0005004253;0090040569,9.0,ST,23868.0,EUR, , ,L
e790,Create Invoice (from Delivery),2020-12-22T11:00:57+00:00,0087000396;0090040569,9.0,ST,23868.0,EUR, , ,L
e3674,Create Goods Movement (from Order),2020-12-22T11:01:22+00:00,0005004229;4900005933,1.0,ST,706.62,EUR,P-100,601, 
e3675,Create Goods Movement (from Delivery),2020-12-22T11:01:22+00:00,0087000372;4900005933,1.0,ST,706.62,EUR,P-100,601, 
e247,Create Goods Movement (from Order),2020-12-22T11:01:32+00:00,0005004281;4900005934,9.0,ST,6359.58,EUR,P-100,601, 
e248,Create Goods Movement (from Delivery),2020-12-22T11:01:32+00:00,0087000424;4900005934,9.0,ST,6359.58,EUR,P-100,601, 
e3676,Create Goods Movement (from Order),2020-12-22T11:01:46+00:00,0005004304;4900005935,2.0,ST,1413.24,EUR,P-100,601, 
e3677,Create Goods Movement (from Delivery),2020-12-22T11:01:46+00:00,0087000447;4900005935,2.0,ST,1413.24,EUR,P-100,601, 
e1015,Create Goods Movement (from Order),2020-12-22T11:01:50+00:00,0005004271;4900005936,4.0,ST,2826.48,EUR,P-100,601, 
e1016,Create Goods Movement (from Delivery),2020-12-22T11:01:50+00:00,0087000414;4900005936,4.0,ST,2826.48,EUR,P-100,601, 
e1017,Create Goods Movement (from Order),2020-12-22T11:01:55+00:00,0005004248;4900005937,7.0,ST,4427.78,EUR,P-101,601, 
e1018,Create Goods Movement (from Delivery),2020-12-22T11:01:55+00:00,0087000391;4900005937,7.0,ST,4427.78,EUR,P-101,601, 
e3333,Create Invoice (from Order),2020-12-22T11:02:00+00:00,0005004248;0090040570,7.0,ST,18754.4,EUR, , ,L
e3334,Create Invoice (from Delivery),2020-12-22T11:02:00+00:00,0087000391;0090040570,7.0,ST,18754.4,EUR, , ,L
e3335,Create Invoice (from Order),2020-12-22T11:02:05+00:00,0005004229;0090040571,1.0,ST,2600.0,EUR, , ,L
e3336,Create Invoice (from Delivery),2020-12-22T11:02:05+00:00,0087000372;0090040571,1.0,ST,2600.0,EUR, , ,L
e1364,Create Goods Movement (from Order),2020-12-22T11:02:16+00:00,0005004232;4900005938,6.0,ST,3795.24,EUR,P-101,601, 
e1365,Create Goods Movement (from Delivery),2020-12-22T11:02:16+00:00,0087000375;4900005938,6.0,ST,3795.24,EUR,P-101,601, 
e3337,Create Invoice (from Order),2020-12-22T11:02:20+00:00,0005004232;0090040572,6.0,ST,16557.46,EUR, , ,L
e3338,Create Invoice (from Delivery),2020-12-22T11:02:20+00:00,0087000375;0090040572,6.0,ST,16557.46,EUR, , ,L
e3678,Create Goods Movement (from Order),2020-12-22T11:02:30+00:00,0005004206;4900005939,4.0,ST,2530.16,EUR,P-101,601, 
e3679,Create Goods Movement (from Delivery),2020-12-22T11:02:30+00:00,0087000349;4900005939,4.0,ST,2530.16,EUR,P-101,601, 
e1366,Create Goods Movement (from Order),2020-12-22T11:02:38+00:00,0005004228;4900005940,9.0,ST,6359.58,EUR,P-100,601, 
e1367,Create Goods Movement (from Delivery),2020-12-22T11:02:38+00:00,0087000371;4900005940,9.0,ST,6359.58,EUR,P-100,601, 
e791,Create Invoice (from Order),2020-12-22T11:02:43+00:00,0005004247;0090040573,5.0,ST,13529.96,EUR, , ,L
e792,Create Invoice (from Delivery),2020-12-22T11:02:43+00:00,0087000390;0090040573,5.0,ST,13529.96,EUR, , ,L
e793,Create Invoice (from Order),2020-12-22T11:02:54+00:00,0005004271;0090040574,4.0,ST,10712.0,EUR, , ,L
e794,Create Invoice (from Delivery),2020-12-22T11:02:54+00:00,0087000414;0090040574,4.0,ST,10712.0,EUR, , ,L
e795,Create Invoice (from Order),2020-12-22T11:03:03+00:00,0005004228;0090040575,9.0,ST,23400.0,EUR, , ,L
e796,Create Invoice (from Delivery),2020-12-22T11:03:03+00:00,0087000371;0090040575,9.0,ST,23400.0,EUR, , ,L
e797,Create Invoice (from Order),2020-12-22T11:03:07+00:00,0005004304;0090040576,2.0,ST,5200.0,EUR, , ,L
e798,Create Invoice (from Delivery),2020-12-22T11:03:07+00:00,0087000447;0090040576,2.0,ST,5200.0,EUR, , ,L
e3339,Create Invoice (from Order),2020-12-22T11:03:11+00:00,0005004281;0090040577,9.0,ST,24102.0,EUR, , ,L
e3340,Create Invoice (from Delivery),2020-12-22T11:03:11+00:00,0087000424;0090040577,9.0,ST,24102.0,EUR, , ,L
e249,Create Goods Movement (from Order),2020-12-22T11:03:15+00:00,0005004208;4900005941,5.0,ST,3533.1,EUR,P-100,601, 
e250,Create Goods Movement (from Delivery),2020-12-22T11:03:15+00:00,0087000351;4900005941,5.0,ST,3533.1,EUR,P-100,601, 
e3680,Create Goods Movement (from Order),2020-12-22T11:03:23+00:00,0005004257;4900005942,3.0,ST,1897.62,EUR,P-101,601, 
e3681,Create Goods Movement (from Delivery),2020-12-22T11:03:23+00:00,0087000400;4900005942,3.0,ST,1897.62,EUR,P-101,601, 
e1555,Create Goods Movement (from Order),2020-12-22T11:03:28+00:00,0005004222;4900005943,7.0,ST,4946.34,EUR,P-100,601, 
e1556,Create Goods Movement (from Delivery),2020-12-22T11:03:28+00:00,0087000365;4900005943,7.0,ST,4946.34,EUR,P-100,601, 
e1019,Create Goods Movement (from Order),2020-12-22T11:03:44+00:00,0005004226;4900005944,2.0,ST,1265.08,EUR,P-101,601, 
e1020,Create Goods Movement (from Delivery),2020-12-22T11:03:44+00:00,0087000369;4900005944,2.0,ST,1265.08,EUR,P-101,601, 
e3341,Create Invoice (from Order),2020-12-22T11:03:48+00:00,0005004206;0090040578,4.0,ST,10716.8,EUR, , ,L
e3342,Create Invoice (from Delivery),2020-12-22T11:03:48+00:00,0087000349;0090040578,4.0,ST,10716.8,EUR, , ,L
e1021,Create Goods Movement (from Order),2020-12-22T11:03:53+00:00,0005004234;4900005945,5.0,ST,3533.1,EUR,P-100,601, 
e1022,Create Goods Movement (from Delivery),2020-12-22T11:03:53+00:00,0087000377;4900005945,5.0,ST,3533.1,EUR,P-100,601, 
e3343,Create Invoice (from Order),2020-12-22T11:03:57+00:00,0005004226;0090040579,2.0,ST,5358.4,EUR, , ,L
e3344,Create Invoice (from Delivery),2020-12-22T11:03:57+00:00,0087000369;0090040579,2.0,ST,5358.4,EUR, , ,L
e3345,Create Invoice (from Order),2020-12-22T11:04:01+00:00,0005004257;0090040580,3.0,ST,8037.6,EUR, , ,L
e3346,Create Invoice (from Delivery),2020-12-22T11:04:01+00:00,0087000400;0090040580,3.0,ST,8037.6,EUR, , ,L
e3347,Create Invoice (from Order),2020-12-22T11:04:23+00:00,0005004222;0090040581,7.0,ST,18382.0,EUR, , ,L
e3348,Create Invoice (from Delivery),2020-12-22T11:04:23+00:00,0087000365;0090040581,7.0,ST,18382.0,EUR, , ,L
e1165,Create Goods Movement (from Order),2020-12-22T11:04:28+00:00,0005004243;4900005946,8.0,ST,5652.96,EUR,P-100,601, 
e1270,Create Goods Movement (from Delivery),2020-12-22T11:04:28+00:00,0087000386;4900005946,8.0,ST,5652.96,EUR,P-100,601, 
e251,Create Goods Movement (from Order),2020-12-22T11:04:32+00:00,0005004260;4900005947,2.0,ST,1413.24,EUR,P-100,601, 
e252,Create Goods Movement (from Delivery),2020-12-22T11:04:32+00:00,0087000403;4900005947,2.0,ST,1413.24,EUR,P-100,601, 
e1410,Create Goods Movement (from Order),2020-12-22T11:04:37+00:00,0005004252;4900005948,8.0,ST,5652.96,EUR,P-100,601, 
e1411,Create Goods Movement (from Delivery),2020-12-22T11:04:37+00:00,0087000395;4900005948,8.0,ST,5652.96,EUR,P-100,601, 
e3364,Create Goods Movement (from Order),2020-12-22T11:04:46+00:00,0005004285;4900005949,2.0,ST,1413.24,EUR,P-100,601, 
e3365,Create Goods Movement (from Delivery),2020-12-22T11:04:46+00:00,0087000428;4900005949,2.0,ST,1413.24,EUR,P-100,601, 
e3349,Create Invoice (from Order),2020-12-22T11:04:51+00:00,0005004208;0090040582,5.0,ST,13000.0,EUR, , ,L
e3350,Create Invoice (from Delivery),2020-12-22T11:04:51+00:00,0087000351;0090040582,5.0,ST,13000.0,EUR, , ,L
e3366,Create Goods Movement (from Order),2020-12-22T11:04:59+00:00,0005004294;4900005950,2.0,ST,1265.08,EUR,P-101,601, 
e3367,Create Goods Movement (from Delivery),2020-12-22T11:04:59+00:00,0087000437;4900005950,2.0,ST,1265.08,EUR,P-101,601, 
e3351,Create Invoice (from Order),2020-12-22T11:05:27+00:00,0005004243;0090040583,8.0,ST,21008.0,EUR, , ,L
e3352,Create Invoice (from Delivery),2020-12-22T11:05:27+00:00,0087000386;0090040583,8.0,ST,21008.0,EUR, , ,L
e3368,Create Goods Movement (from Order),2020-12-22T11:05:32+00:00,0005004254;4900005951,4.0,ST,2826.48,EUR,P-100,601, 
e3369,Create Goods Movement (from Delivery),2020-12-22T11:05:32+00:00,0087000397;4900005951,4.0,ST,2826.48,EUR,P-100,601, 
e3353,Create Invoice (from Order),2020-12-22T11:05:36+00:00,0005004252;0090040584,8.0,ST,21216.0,EUR, , ,L
e3354,Create Invoice (from Delivery),2020-12-22T11:05:36+00:00,0087000395;0090040584,8.0,ST,21216.0,EUR, , ,L
e3355,Create Invoice (from Order),2020-12-22T11:05:40+00:00,0005004294;0090040585,2.0,ST,5358.4,EUR, , ,L
e3531,Create Invoice (from Delivery),2020-12-22T11:05:40+00:00,0087000437;0090040585,2.0,ST,5358.4,EUR, , ,L
e3682,Create Goods Movement (from Order),2020-12-22T11:05:44+00:00,0005004249;4900005952,4.0,ST,2826.48,EUR,P-100,601, 
e3683,Create Goods Movement (from Delivery),2020-12-22T11:05:44+00:00,0087000392;4900005952,4.0,ST,2826.48,EUR,P-100,601, 
e3532,Create Invoice (from Order),2020-12-22T11:05:48+00:00,0005004249;0090040586,4.0,ST,10504.0,EUR, , ,L
e3533,Create Invoice (from Delivery),2020-12-22T11:05:48+00:00,0087000392;0090040586,4.0,ST,10504.0,EUR, , ,L
e3534,Create Invoice (from Order),2020-12-22T11:05:52+00:00,0005004254;0090040587,4.0,ST,10400.0,EUR, , ,L
e3535,Create Invoice (from Delivery),2020-12-22T11:05:52+00:00,0087000397;0090040587,4.0,ST,10400.0,EUR, , ,L
e3536,Create Invoice (from Order),2020-12-22T11:05:56+00:00,0005004260;0090040588,2.0,ST,5200.0,EUR, , ,L
e3537,Create Invoice (from Delivery),2020-12-22T11:05:56+00:00,0087000403;0090040588,2.0,ST,5200.0,EUR, , ,L
e3538,Create Invoice (from Order),2020-12-22T11:06:07+00:00,0005004285;0090040589,2.0,ST,5200.0,EUR, , ,L
e3539,Create Invoice (from Delivery),2020-12-22T11:06:07+00:00,0087000428;0090040589,2.0,ST,5200.0,EUR, , ,L
e3540,Create Invoice (from Order),2020-12-22T11:06:15+00:00,0005004234;0090040590,5.0,ST,13260.0,EUR, , ,L
e3541,Create Invoice (from Delivery),2020-12-22T11:06:15+00:00,0087000377;0090040590,5.0,ST,13260.0,EUR, , ,L
e253,Create Order (from Quotation),2021-01-08T04:44:11+00:00,0005001106;0005004308,0.0, ,26000.0,EUR, , , 
e254,Create Order (from Quotation),2021-01-08T04:45:40+00:00,0005001108;0005004311,0.0, ,10608.0,EUR, , , 
e255,Create Order (from Quotation),2021-01-08T04:47:00+00:00,0005001110;0005004313,0.0, ,26000.0,EUR, , , 
e256,Create Order (from Quotation),2021-01-08T04:47:31+00:00,0005001111;0005004314,0.0, ,37508.8,EUR, , , 
e257,Create Order (from Quotation),2021-01-08T04:48:02+00:00,0005001112;0005004315,0.0, ,21424.0,EUR, , , 
e1570,Create Order (from Quotation),2021-01-08T08:30:43+00:00,0005001113;0005004316,0.0, ,26520.0,EUR, , , 
e1571,Create Order (from Quotation),2021-01-08T08:32:05+00:00,0005001114;0005004318,0.0, ,7878.0,EUR, , , 
e1572,Create Order (from Quotation),2021-01-08T08:32:58+00:00,0005001115;0005004319,0.0, ,18564.0,EUR, , , 
e3542,Create Quotation (from Inquiry),2021-01-09T06:14:23+00:00,0015000002;0020000280,0.0, ,0.0,EUR, , , 
e3543,Create Order (from Quotation),2021-01-09T06:16:21+00:00,0005001004;0005004321,0.0, ,0.0,EUR, , , 
e3544,Create Quotation (from Inquiry),2021-01-09T06:20:20+00:00,0015000006;0020000281,0.0, ,0.0,EUR, , , 
e1573,Create Quotation (from Inquiry),2021-01-09T06:20:43+00:00,0015000005;0020000282,0.0, ,0.0,EUR, , , 
e1574,Create Quotation (from Inquiry),2021-01-09T06:20:55+00:00,0015000007;0020000283,0.0, ,0.0,EUR, , , 
e3545,Create Quotation (from Inquiry),2021-01-09T06:25:53+00:00,0015000006;0020000284,0.0, ,0.0,EUR, , , 
e3546,Create Quotation (from Inquiry),2021-01-09T06:38:31+00:00,0015000006;0020000286,0.0, ,0.0,EUR, , , 
e1575,Create Quotation (from Inquiry),2021-01-09T06:39:01+00:00,0015000005;0020000287,0.0, ,0.0,EUR, , , 
e1576,Create Quotation (from Inquiry),2021-01-09T06:39:27+00:00,0015000007;0020000288,0.0, ,0.0,EUR, , , 
e3547,Create Quotation (from Inquiry),2021-01-09T06:47:53+00:00,0015000006;0020000289,0.0, ,0.0,EUR, , , 
e1577,Create Quotation (from Inquiry),2021-01-09T06:49:25+00:00,0015000006;0020000290,0.0, ,0.0,EUR, , , 
e3548,Create Quotation (from Inquiry),2021-01-09T06:51:38+00:00,0005001116;0015000006,0.0, ,0.0,EUR, , , 
e3549,Create Order (from Quotation),2021-01-09T06:53:28+00:00,0005001116;0005004322,0.0, ,23400.0,EUR, , , 
e3550,Create Quotation (from Inquiry),2021-01-09T06:54:26+00:00,0005001118;0015000007,0.0, ,0.0,EUR, , , 
e3455,Create Order (from Quotation),2021-01-09T06:54:48+00:00,0005001118;0005004324,0.0, ,26792.0,EUR, , , 
e3551,Create Quotation (from Inquiry),2021-01-09T06:55:51+00:00,0005001120;0015000009,0.0, ,0.0,EUR, , , 
e3552,Create Quotation (from Inquiry),2021-01-09T06:57:40+00:00,0005001121;0015000011,0.0, ,0.0,EUR, , , 
e3553,Create Order (from Quotation),2021-01-09T06:58:21+00:00,0005001121;0005004326,0.0, ,26000.0,EUR, , , 
e3554,Create Quotation (from Inquiry),2021-01-09T06:59:16+00:00,0005001123;0015000010,0.0, ,0.0,EUR, , , 
e3555,Create Quotation (from Inquiry),2021-01-09T07:01:03+00:00,0005001124;0015000013,0.0, ,0.0,EUR, , , 
e1492,Create Quotation (from Inquiry),2021-01-09T07:02:51+00:00,0005001126;0015000014,0.0, ,0.0,EUR, , , 
e1493,Create Quotation (from Inquiry),2021-01-09T07:04:29+00:00,0005001127;0015000016,0.0, ,0.0,EUR, , , 
e1494,Create Order (from Quotation),2021-01-09T07:05:16+00:00,0005001127;0005004329,0.0, ,10716.8,EUR, , , 
e1495,Create Quotation (from Inquiry),2021-01-09T07:05:35+00:00,0005001128;0015000017,0.0, ,0.0,EUR, , , 
e411,Create Quotation (from Inquiry),2021-01-09T07:07:36+00:00,0005001129;0015000018,0.0, ,0.0,EUR, , , 
e412,Create Order (from Quotation),2021-01-09T07:07:56+00:00,0005001129;0005004330,0.0, ,5200.0,EUR, , , 
e3560,Create Goods Movement (from Order),2021-01-09T07:08:23+00:00,0005004324;4900000000,10.0,ST,6325.4,EUR,P-101,601, 
e3561,Create Goods Movement (from Delivery),2021-01-09T07:08:23+00:00,0087000463;4900000000,10.0,ST,6325.4,EUR,P-101,601, 
e413,Create Invoice (from Order),2021-01-09T07:08:47+00:00,0005004324;0090040591,10.0,ST,26792.0,EUR, , ,L
e414,Create Invoice (from Delivery),2021-01-09T07:08:47+00:00,0087000463;0090040591,10.0,ST,26792.0,EUR, , ,L
e415,Create Quotation (from Inquiry),2021-01-09T07:10:05+00:00,0005001130;0015000023,0.0, ,0.0,EUR, , , 
e416,Create Quotation (from Inquiry),2021-01-09T07:10:29+00:00,0005001131;0015000020,0.0, ,0.0,EUR, , , 
e417,Create Order (from Quotation),2021-01-09T07:11:47+00:00,0005001130;0005004331,0.0, ,13396.0,EUR, , , 
e3556,Create Quotation (from Inquiry),2021-01-09T07:12:18+00:00,0005001132;0015000022,0.0, ,0.0,EUR, , , 
e3557,Create Quotation (from Inquiry),2021-01-09T07:12:29+00:00,0005001133;0015000024,0.0, ,0.0,EUR, , , 
e3558,Create Order (from Quotation),2021-01-09T07:12:55+00:00,0005001132;0005004332,0.0, ,21433.6,EUR, , , 
e3761,Create Goods Movement (from Order),2021-01-09T07:13:06+00:00,0005004326;4900000001,10.0,ST,7066.2,EUR,P-100,601, 
e3762,Create Goods Movement (from Delivery),2021-01-09T07:13:06+00:00,0087000464;4900000001,10.0,ST,7066.2,EUR,P-100,601, 
e3582,Create Invoice (from Order),2021-01-09T07:13:11+00:00,0005004326;0090040592,10.0,ST,26000.0,EUR, , ,L
e3583,Create Invoice (from Delivery),2021-01-09T07:13:11+00:00,0087000464;0090040592,10.0,ST,26000.0,EUR, , ,L
e3584,Create Quotation (from Inquiry),2021-01-09T07:13:36+00:00,0005001134;0015000026,0.0, ,0.0,EUR, , , 
e3585,Create Quotation (from Inquiry),2021-01-09T07:14:11+00:00,0005001135;0015000025,0.0, ,0.0,EUR, , , 
e3586,Create Quotation (from Inquiry),2021-01-09T07:15:23+00:00,0005001136;0015000019,0.0, ,0.0,EUR, , , 
e3587,Create Quotation (from Inquiry),2021-01-09T07:15:45+00:00,0005001137;0015000027,0.0, ,0.0,EUR, , , 
e3588,Create Quotation (from Inquiry),2021-01-09T07:16:01+00:00,0005001138;0015000021,0.0, ,0.0,EUR, , , 
e3589,Create Order (from Quotation),2021-01-09T07:17:33+00:00,0005001136;0005004333,0.0, ,7800.0,EUR, , , 
e3590,Create Quotation (from Inquiry),2021-01-09T07:17:44+00:00,0005001139;0015000028,0.0, ,0.0,EUR, , , 
e3591,Create Order (from Quotation),2021-01-09T07:18:12+00:00,0005001133;0005004334,0.0, ,26792.0,EUR, , , 
e3592,Create Quotation (from Inquiry),2021-01-09T07:18:34+00:00,0005001140;0015000029,0.0, ,0.0,EUR, , , 
e3593,Create Order (from Quotation),2021-01-09T07:19:43+00:00,0005001134;0005004335,0.0, ,2679.2,EUR, , , 
e3594,Create Order (from Quotation),2021-01-09T07:22:11+00:00,0005001137;0005004336,0.0, ,26000.0,EUR, , , 
e799,Create Goods Movement (from Order),2021-01-09T07:23:27+00:00,0005004329;4900000002,4.0,ST,2530.16,EUR,P-101,601, 
e800,Create Goods Movement (from Delivery),2021-01-09T07:23:27+00:00,0087000467;4900000002,4.0,ST,2530.16,EUR,P-101,601, 
e3595,Create Order (from Quotation),2021-01-09T07:23:31+00:00,0005001139;0005004337,0.0, ,18200.0,EUR, , , 
e3596,Create Quotation (from Inquiry),2021-01-09T07:23:47+00:00,0005001142;0015000031,0.0, ,0.0,EUR, , , 
e3597,Create Invoice (from Order),2021-01-09T07:25:25+00:00,0005004329;0090040593,4.0,ST,10716.8,EUR, , ,L
e3598,Create Invoice (from Delivery),2021-01-09T07:25:25+00:00,0087000467;0090040593,4.0,ST,10716.8,EUR, , ,L
e3684,Create Goods Movement (from Order),2021-01-09T07:25:48+00:00,0005004322;4900000003,9.0,ST,6359.58,EUR,P-100,601, 
e3685,Create Goods Movement (from Delivery),2021-01-09T07:25:48+00:00,0087000465;4900000003,9.0,ST,6359.58,EUR,P-100,601, 
e1724,Create Quotation (from Inquiry),2021-01-09T07:26:08+00:00,0005001143;0015000033,0.0, ,0.0,EUR, , , 
e1725,Create Quotation (from Inquiry),2021-01-09T07:27:37+00:00,0005001144;0015000032,0.0, ,0.0,EUR, , , 
e1726,Create Invoice (from Order),2021-01-09T07:28:59+00:00,0005004322;0090040594,9.0,ST,23400.0,EUR, , ,L
e1727,Create Invoice (from Delivery),2021-01-09T07:28:59+00:00,0087000465;0090040594,9.0,ST,23400.0,EUR, , ,L
e258,Create Goods Movement (from Order),2021-01-09T07:29:03+00:00,0005004332;4900000004,8.0,ST,5060.32,EUR,P-101,601, 
e259,Create Goods Movement (from Delivery),2021-01-09T07:29:03+00:00,0087000471;4900000004,8.0,ST,5060.32,EUR,P-101,601, 
e1728,Create Quotation (from Inquiry),2021-01-09T07:29:36+00:00,0005001145;0015000034,0.0, ,0.0,EUR, , , 
e3599,Create Quotation (from Inquiry),2021-01-09T07:31:00+00:00,0005001146;0015000036,0.0, ,0.0,EUR, , , 
e1729,Create Quotation (from Inquiry),2021-01-09T07:33:13+00:00,0005001147;0015000038,0.0, ,0.0,EUR, , , 
e1730,Create Quotation (from Inquiry),2021-01-09T07:34:36+00:00,0005001148;0015000037,0.0, ,0.0,EUR, , , 
e1731,Create Order (from Quotation),2021-01-09T07:35:00+00:00,0005001148;0005004338,0.0, ,2679.2,EUR, , , 
e260,Create Goods Movement (from Order),2021-01-09T07:35:11+00:00,0005004330;4900000005,2.0,ST,1413.24,EUR,P-100,601, 
e261,Create Goods Movement (from Delivery),2021-01-09T07:35:11+00:00,0087000468;4900000005,2.0,ST,1413.24,EUR,P-100,601, 
e1732,Create Invoice (from Order),2021-01-09T07:35:16+00:00,0005004332;0090040595,8.0,ST,21433.6,EUR, , ,L
e1733,Create Invoice (from Delivery),2021-01-09T07:35:16+00:00,0087000471;0090040595,8.0,ST,21433.6,EUR, , ,L
e1734,Create Invoice (from Order),2021-01-09T07:35:20+00:00,0005004330;0090040596,2.0,ST,5200.0,EUR, , ,L
e1735,Create Invoice (from Delivery),2021-01-09T07:35:20+00:00,0087000468;0090040596,2.0,ST,5200.0,EUR, , ,L
e1736,Create Quotation (from Inquiry),2021-01-09T07:35:24+00:00,0005001149;0015000035,0.0, ,0.0,EUR, , , 
e1737,Create Order (from Quotation),2021-01-09T07:35:52+00:00,0005001149;0005004339,0.0, ,18200.0,EUR, , , 
e1738,Create Quotation (from Inquiry),2021-01-09T07:36:50+00:00,0005001150;0015000040,0.0, ,0.0,EUR, , , 
e1023,Create Goods Movement (from Order),2021-01-09T07:39:08+00:00,0005004333;4900000006,3.0,ST,2119.86,EUR,P-100,601, 
e1024,Create Goods Movement (from Delivery),2021-01-09T07:39:08+00:00,0087000473;4900000006,3.0,ST,2119.86,EUR,P-100,601, 
e1739,Create Invoice (from Order),2021-01-09T07:39:12+00:00,0005004333;0090040597,3.0,ST,7800.0,EUR, , ,L
e1740,Create Invoice (from Delivery),2021-01-09T07:39:12+00:00,0087000473;0090040597,3.0,ST,7800.0,EUR, , ,L
e3600,Create Quotation (from Inquiry),2021-01-09T07:39:17+00:00,0005001151;0015000043,0.0, ,0.0,EUR, , , 
e1741,Create Quotation (from Inquiry),2021-01-09T07:39:51+00:00,0005001152;0015000042,0.0, ,0.0,EUR, , , 
e3601,Create Order (from Quotation),2021-01-09T07:42:49+00:00,0005001151;0005004341,0.0, ,26000.0,EUR, , , 
e1742,Create Quotation (from Inquiry),2021-01-09T07:43:00+00:00,0005001154;0015000041,0.0, ,0.0,EUR, , , 
e1743,Create Quotation (from Inquiry),2021-01-09T07:44:30+00:00,0005001155;0015000046,0.0, ,0.0,EUR, , , 
e1744,Create Quotation (from Inquiry),2021-01-09T07:46:25+00:00,0005001156;0015000044,0.0, ,0.0,EUR, , , 
e3602,Create Quotation (from Inquiry),2021-01-09T07:48:10+00:00,0005001157;0015000049,0.0, ,0.0,EUR, , , 
e3603,Create Quotation (from Inquiry),2021-01-09T07:50:05+00:00,0005001158;0015000050,0.0, ,0.0,EUR, , , 
e1745,Create Order (from Quotation),2021-01-09T07:50:20+00:00,0005001158;0005004342,0.0, ,2679.2,EUR, , , 
e3456,Create Goods Movement (from Order),2021-01-09T07:51:07+00:00,0005004334;4900000007,1.0,ST,632.54,EUR,P-101,601, 
e3457,Create Goods Movement (from Delivery),2021-01-09T07:51:07+00:00,0087000474;4900000007,1.0,ST,632.54,EUR,P-101,601, 
e3604,Create Quotation (from Inquiry),2021-01-09T07:51:11+00:00,0005001159;0015000048,0.0, ,0.0,EUR, , , 
e3605,Create Quotation (from Inquiry),2021-01-09T07:51:49+00:00,0005001160;0015000047,0.0, ,0.0,EUR, , , 
e3606,Create Invoice (from Order),2021-01-09T07:53:12+00:00,0005004334;0090040598,1.0,ST,2679.2,EUR, , ,L
e3607,Create Invoice (from Delivery),2021-01-09T07:53:12+00:00,0087000474;0090040598,1.0,ST,2679.2,EUR, , ,L
e3608,Create Order (from Quotation),2021-01-09T07:53:20+00:00,0005001159;0005004343,0.0, ,5358.4,EUR, , , 
e3609,Create Quotation (from Inquiry),2021-01-09T07:53:59+00:00,0005001161;0015000054,0.0, ,0.0,EUR, , , 
e3610,Create Order (from Quotation),2021-01-09T07:54:23+00:00,0005001161;0005004344,0.0, ,10716.8,EUR, , , 
e3611,Create Quotation (from Inquiry),2021-01-09T07:54:34+00:00,0005001162;0015000051,0.0, ,0.0,EUR, , , 
e801,Create Goods Movement (from Order),2021-01-09T07:56:03+00:00,0005004337;4900000008,7.0,ST,4946.34,EUR,P-100,601, 
e802,Create Goods Movement (from Delivery),2021-01-09T07:56:03+00:00,0087000476;4900000008,7.0,ST,4946.34,EUR,P-100,601, 
e3612,Create Invoice (from Order),2021-01-09T07:56:12+00:00,0005004337;0090040599,7.0,ST,18200.0,EUR, , ,L
e3613,Create Invoice (from Delivery),2021-01-09T07:56:12+00:00,0087000476;0090040599,7.0,ST,18200.0,EUR, , ,L
e3458,Create Quotation (from Inquiry),2021-01-09T07:56:41+00:00,0005001163;0015000039,0.0, ,0.0,EUR, , , 
e3459,Create Quotation (from Inquiry),2021-01-09T07:58:10+00:00,0005001164;0015000055,0.0, ,0.0,EUR, , , 
e3686,Create Goods Movement (from Order),2021-01-09T08:00:43+00:00,0005004331;0090478000,0.0,ST,0.0,EUR,P-101, , 
e3687,Create Goods Movement (from Delivery),2021-01-09T08:00:43+00:00,0087000478;0090478000,0.0,ST,0.0,EUR,P-101, , 
e3614,Create Invoice (from Order),2021-01-09T08:00:47+00:00,0005004331;0090040600,0.0,ST,0.0,EUR, , ,L
e3615,Create Invoice (from Delivery),2021-01-09T08:00:47+00:00,0087000478;0090040600,0.0,ST,0.0,EUR, , ,L
e3460,Create Quotation (from Inquiry),2021-01-09T08:00:51+00:00,0005001165;0015000056,0.0, ,0.0,EUR, , , 
e3616,Create Quotation (from Inquiry),2021-01-09T08:02:52+00:00,0005001166;0015000053,0.0, ,0.0,EUR, , , 
e3461,Create Quotation (from Inquiry),2021-01-09T08:05:00+00:00,0005001167;0015000057,0.0, ,0.0,EUR, , , 
e3462,Create Order (from Quotation),2021-01-09T08:05:15+00:00,0005001167;0005004345,0.0, ,15600.0,EUR, , , 
e3617,Create Quotation (from Inquiry),2021-01-09T08:05:30+00:00,0005001168;0015000052,0.0, ,0.0,EUR, , , 
e262,Create Goods Movement (from Order),2021-01-09T08:06:57+00:00,0005004342;0090482000,0.0,ST,0.0,EUR,P-101, , 
e263,Create Goods Movement (from Delivery),2021-01-09T08:06:57+00:00,0087000482;0090482000,0.0,ST,0.0,EUR,P-101, , 
e3688,Create Invoice (from Order),2021-01-09T08:07:01+00:00,0005004342;0090040601,0.0,ST,0.0,EUR, , ,L
e3689,Create Invoice (from Delivery),2021-01-09T08:07:01+00:00,0087000482;0090040601,0.0,ST,0.0,EUR, , ,L
e3690,Create Quotation (from Inquiry),2021-01-09T08:07:05+00:00,0005001169;0015000058,0.0, ,0.0,EUR, , , 
e3691,Create Order (from Quotation),2021-01-09T08:08:02+00:00,0005001169;0005004346,0.0, ,23400.0,EUR, , , 
e3370,Create Goods Movement (from Order),2021-01-09T08:08:30+00:00,0005004339;4900000009,7.0,ST,4946.34,EUR,P-100,601, 
e3371,Create Goods Movement (from Delivery),2021-01-09T08:08:30+00:00,0087000483;4900000009,7.0,ST,4946.34,EUR,P-100,601, 
e3463,Create Quotation (from Inquiry),2021-01-09T08:09:26+00:00,0005001170;0015000059,0.0, ,0.0,EUR, , , 
e3464,Create Invoice (from Order),2021-01-09T08:09:55+00:00,0005004339;0090040602,7.0,ST,18200.0,EUR, , ,L
e3465,Create Invoice (from Delivery),2021-01-09T08:09:55+00:00,0087000483;0090040602,7.0,ST,18200.0,EUR, , ,L
e3466,Create Quotation (from Inquiry),2021-01-09T08:09:59+00:00,0005001171;0015000062,0.0, ,0.0,EUR, , , 
e3727,Create Order (from Quotation),2021-01-09T08:11:32+00:00,0005001170;0005004347,0.0, ,10400.0,EUR, , , 
e3728,Create Quotation (from Inquiry),2021-01-09T08:11:43+00:00,0005001172;0015000063,0.0, ,0.0,EUR, , , 
e3562,Create Goods Movement (from Order),2021-01-09T08:13:01+00:00,0005004336;4900000010,10.0,ST,7066.2,EUR,P-100,601, 
e3563,Create Goods Movement (from Delivery),2021-01-09T08:13:01+00:00,0087000481;4900000010,10.0,ST,7066.2,EUR,P-100,601, 
e3729,Create Invoice (from Order),2021-01-09T08:13:35+00:00,0005004336;0090040603,10.0,ST,26000.0,EUR, , ,L
e3730,Create Invoice (from Delivery),2021-01-09T08:13:35+00:00,0087000481;0090040603,10.0,ST,26000.0,EUR, , ,L
e3731,Create Quotation (from Inquiry),2021-01-09T08:13:39+00:00,0005001173;0015000061,0.0, ,0.0,EUR, , , 
e3732,Create Quotation (from Inquiry),2021-01-09T08:14:20+00:00,0005001174;0015000060,0.0, ,0.0,EUR, , , 
e3733,Create Order (from Quotation),2021-01-09T08:15:28+00:00,0005001173;0005004348,0.0, ,18200.0,EUR, , , 
e3734,Create Quotation (from Inquiry),2021-01-09T08:17:08+00:00,0005001176;0015000064,0.0, ,0.0,EUR, , , 
e850,Create Goods Movement (from Order),2021-01-09T08:18:18+00:00,0005004344;0090485000,0.0,ST,0.0,EUR,P-101, , 
e851,Create Goods Movement (from Delivery),2021-01-09T08:18:18+00:00,0087000485;0090485000,0.0,ST,0.0,EUR,P-101, , 
e3735,Create Invoice (from Order),2021-01-09T08:18:32+00:00,0005004344;0090040604,0.0,ST,0.0,EUR, , ,L
e3736,Create Invoice (from Delivery),2021-01-09T08:18:32+00:00,0087000485;0090040604,0.0,ST,0.0,EUR, , ,L
e3467,Create Goods Movement (from Order),2021-01-09T08:18:40+00:00,0005004343;0090484000,0.0,ST,0.0,EUR,P-101, , 
e3468,Create Goods Movement (from Delivery),2021-01-09T08:18:40+00:00,0087000484;0090484000,0.0,ST,0.0,EUR,P-101, , 
e3737,Create Quotation (from Inquiry),2021-01-09T08:19:19+00:00,0005001177;0015000067,0.0, ,0.0,EUR, , , 
e3738,Create Invoice (from Order),2021-01-09T08:19:34+00:00,0005004343;0090040605,0.0,ST,0.0,EUR, , ,L
e3739,Create Invoice (from Delivery),2021-01-09T08:19:34+00:00,0087000484;0090040605,0.0,ST,0.0,EUR, , ,L
e3740,Create Order (from Quotation),2021-01-09T08:19:38+00:00,0005001177;0005004349,0.0, ,16075.2,EUR, , , 
e3469,Create Goods Movement (from Order),2021-01-09T08:19:49+00:00,0005004346;4900000011,9.0,ST,6359.58,EUR,P-100,601, 
e3470,Create Goods Movement (from Delivery),2021-01-09T08:19:49+00:00,0087000487;4900000011,9.0,ST,6359.58,EUR,P-100,601, 
e852,Create Goods Movement (from Order),2021-01-09T08:19:54+00:00,0005004341;4900000012,10.0,ST,7066.2,EUR,P-100,601, 
e853,Create Goods Movement (from Delivery),2021-01-09T08:19:54+00:00,0087000479;4900000012,10.0,ST,7066.2,EUR,P-100,601, 
e3741,Create Quotation (from Inquiry),2021-01-09T08:19:58+00:00,0005001178;0015000066,0.0, ,0.0,EUR, , , 
e277,Create Order (from Quotation),2021-01-09T08:20:14+00:00,0005001178;0005004350,0.0, ,15600.0,EUR, , , 
e3471,Create Goods Movement (from Order),2021-01-09T08:20:37+00:00,0005004345;4900000013,6.0,ST,4239.72,EUR,P-100,601, 
e3472,Create Goods Movement (from Delivery),2021-01-09T08:20:37+00:00,0087000486;4900000013,6.0,ST,4239.72,EUR,P-100,601, 
e3742,Create Invoice (from Order),2021-01-09T08:21:03+00:00,0005004341;0090040606,10.0,ST,26000.0,EUR, , ,L
e3743,Create Invoice (from Delivery),2021-01-09T08:21:03+00:00,0087000479;0090040606,10.0,ST,26000.0,EUR, , ,L
e1025,Create Goods Movement (from Order),2021-01-09T08:21:22+00:00,0005004347;4900000014,4.0,ST,2826.48,EUR,P-100,601, 
e1026,Create Goods Movement (from Delivery),2021-01-09T08:21:22+00:00,0087000488;4900000014,4.0,ST,2826.48,EUR,P-100,601, 
e3744,Create Invoice (from Order),2021-01-09T08:21:27+00:00,0005004345;0090040607,6.0,ST,15600.0,EUR, , ,L
e3745,Create Invoice (from Delivery),2021-01-09T08:21:27+00:00,0087000486;0090040607,6.0,ST,15600.0,EUR, , ,L
e3746,Create Invoice (from Order),2021-01-09T08:21:31+00:00,0005004346;0090040608,9.0,ST,23400.0,EUR, , ,L
e3747,Create Invoice (from Delivery),2021-01-09T08:21:31+00:00,0087000487;0090040608,9.0,ST,23400.0,EUR, , ,L
e3748,Create Quotation (from Inquiry),2021-01-09T08:21:35+00:00,0005001179;0015000071,0.0, ,0.0,EUR, , , 
e3749,Create Invoice (from Order),2021-01-09T08:21:47+00:00,0005004347;0090040609,4.0,ST,10400.0,EUR, , ,L
e3750,Create Invoice (from Delivery),2021-01-09T08:21:47+00:00,0087000488;0090040609,4.0,ST,10400.0,EUR, , ,L
e3751,Create Quotation (from Inquiry),2021-01-09T08:22:11+00:00,0005001180;0015000072,0.0, ,0.0,EUR, , , 
e3752,Create Order (from Quotation),2021-01-09T08:23:30+00:00,0005001179;0005004351,0.0, ,8037.6,EUR, , , 
e3753,Create Quotation (from Inquiry),2021-01-09T08:23:51+00:00,0005001181;0015000068,0.0, ,0.0,EUR, , , 
e3372,Create Goods Movement (from Order),2021-01-09T08:24:32+00:00,0005004348;4900000015,7.0,ST,4946.34,EUR,P-100,601, 
e3373,Create Goods Movement (from Delivery),2021-01-09T08:24:32+00:00,0087000489;4900000015,7.0,ST,4946.34,EUR,P-100,601, 
e3754,Create Order (from Quotation),2021-01-09T08:25:58+00:00,0005001181;0005004352,0.0, ,2679.2,EUR, , , 
e278,Create Quotation (from Inquiry),2021-01-09T08:26:20+00:00,0005001184;0015000074,0.0, ,0.0,EUR, , , 
e279,Create Invoice (from Order),2021-01-09T08:27:42+00:00,0005004348;0090040610,7.0,ST,18200.0,EUR, , ,L
e280,Create Invoice (from Delivery),2021-01-09T08:27:42+00:00,0087000489;0090040610,7.0,ST,18200.0,EUR, , ,L
e281,Create Quotation (from Inquiry),2021-01-09T08:27:46+00:00,0005001185;0015000070,0.0, ,0.0,EUR, , , 
e282,Create Quotation (from Inquiry),2021-01-09T08:29:33+00:00,0005001186;0015000076,0.0, ,0.0,EUR, , , 
e283,Create Order (from Quotation),2021-01-09T08:29:55+00:00,0005001186;0005004354,0.0, ,2679.2,EUR, , , 
e284,Create Quotation (from Inquiry),2021-01-09T08:30:22+00:00,0005001187;0015000078,0.0, ,0.0,EUR, , , 
e285,Create Order (from Quotation),2021-01-09T08:30:52+00:00,0005001187;0005004355,0.0, ,26000.0,EUR, , , 
e3755,Create Quotation (from Inquiry),2021-01-09T08:31:14+00:00,0005001188;0015000077,0.0, ,0.0,EUR, , , 
e2888,Create Quotation (from Inquiry),2021-01-09T08:32:52+00:00,0005001189;0015000079,0.0, ,0.0,EUR, , , 
e2889,Create Quotation (from Inquiry),2021-01-09T08:33:47+00:00,0005001190;0015000081,0.0, ,0.0,EUR, , , 
e2890,Create Order (from Quotation),2021-01-09T08:34:03+00:00,0005001190;0005004356,0.0, ,10716.8,EUR, , , 
e2891,Create Order (from Quotation),2021-01-09T08:34:21+00:00,0005001189;0005004357,0.0, ,18754.4,EUR, , , 
e3756,Create Quotation (from Inquiry),2021-01-09T08:35:52+00:00,0005001192;0015000075,0.0, ,0.0,EUR, , , 
e3757,Create Quotation (from Inquiry),2021-01-09T08:37:08+00:00,0005001193;0015000084,0.0, ,0.0,EUR, , , 
e803,Create Goods Movement (from Order),2021-01-09T08:38:47+00:00,0005004349;0090490000,0.0,ST,0.0,EUR,P-101, , 
e804,Create Goods Movement (from Delivery),2021-01-09T08:38:47+00:00,0087000490;0090490000,0.0,ST,0.0,EUR,P-101, , 
e2892,Create Quotation (from Inquiry),2021-01-09T08:38:51+00:00,0005001194;0015000085,0.0, ,0.0,EUR, , , 
e2893,Create Invoice (from Order),2021-01-09T08:39:26+00:00,0005004349;0090040611,0.0,ST,0.0,EUR, , ,L
e2894,Create Invoice (from Delivery),2021-01-09T08:39:26+00:00,0087000490;0090040611,0.0,ST,0.0,EUR, , ,L
e2895,Create Quotation (from Inquiry),2021-01-09T08:39:35+00:00,0005001195;0015000083,0.0, ,0.0,EUR, , , 
e3758,Create Order (from Quotation),2021-01-09T08:41:08+00:00,0005001194;0005004359,0.0, ,5358.4,EUR, , , 
e3759,Create Quotation (from Inquiry),2021-01-09T08:41:19+00:00,0005001196;0015000080,0.0, ,0.0,EUR, , , 
e3760,Create Quotation (from Inquiry),2021-01-09T08:42:25+00:00,0005001197;0015000086,0.0, ,0.0,EUR, , , 
e2896,Create Quotation (from Inquiry),2021-01-09T08:44:49+00:00,0005001198;0015000087,0.0, ,0.0,EUR, , , 
e3190,Create Goods Movement (from Order),2021-01-09T08:45:15+00:00,0005004352;0090491000,0.0,ST,0.0,EUR,P-101, , 
e3191,Create Goods Movement (from Delivery),2021-01-09T08:45:15+00:00,0087000491;0090491000,0.0,ST,0.0,EUR,P-101, , 
e2897,Create Invoice (from Order),2021-01-09T08:45:19+00:00,0005004352;0090040612,0.0,ST,0.0,EUR, , ,L
e2898,Create Invoice (from Delivery),2021-01-09T08:45:19+00:00,0087000491;0090040612,0.0,ST,0.0,EUR, , ,L
e3763,Create Goods Movement (from Order),2021-01-09T08:45:23+00:00,0005004351;0090492000,0.0,ST,0.0,EUR,P-101, , 
e3764,Create Goods Movement (from Delivery),2021-01-09T08:45:23+00:00,0087000492;0090492000,0.0,ST,0.0,EUR,P-101, , 
e2899,Create Quotation (from Inquiry),2021-01-09T08:45:27+00:00,0005001199;0015000088,0.0, ,0.0,EUR, , , 
e2900,Create Quotation (from Inquiry),2021-01-09T08:46:09+00:00,0005001200;0015000089,0.0, ,0.0,EUR, , , 
e2901,Create Invoice (from Order),2021-01-09T08:46:20+00:00,0005004351;0090040613,0.0,ST,0.0,EUR, , ,L
e2902,Create Invoice (from Delivery),2021-01-09T08:46:20+00:00,0087000492;0090040613,0.0,ST,0.0,EUR, , ,L
e2903,Create Quotation (from Inquiry),2021-01-09T08:47:01+00:00,0005001201;0015000091,0.0, ,0.0,EUR, , , 
e2904,Create Order (from Quotation),2021-01-09T08:47:21+00:00,0005001199;0005004360,0.0, ,0.0,EUR, , , 
e3473,Create Goods Movement (from Order),2021-01-09T08:47:36+00:00,0005004355;4900000016,10.0,ST,7066.2,EUR,P-100,601, 
e3474,Create Goods Movement (from Delivery),2021-01-09T08:47:36+00:00,0087000493;4900000016,10.0,ST,7066.2,EUR,P-100,601, 
e2905,Create Invoice (from Order),2021-01-09T08:47:45+00:00,0005004355;0090040614,10.0,ST,26000.0,EUR, , ,L
e2906,Create Invoice (from Delivery),2021-01-09T08:47:45+00:00,0087000493;0090040614,10.0,ST,26000.0,EUR, , ,L
e2907,Create Quotation (from Inquiry),2021-01-09T08:47:49+00:00,0005001202;0015000090,0.0, ,0.0,EUR, , , 
e3475,Create Goods Movement (from Order),2021-01-09T08:48:08+00:00,0005004357;0090494000,0.0,ST,0.0,EUR,P-101, , 
e3476,Create Goods Movement (from Delivery),2021-01-09T08:48:08+00:00,0087000494;0090494000,0.0,ST,0.0,EUR,P-101, , 
e2908,Create Order (from Quotation),2021-01-09T08:48:12+00:00,0005001201;0005004361,0.0, ,0.0,EUR, , , 
e2909,Create Order (from Quotation),2021-01-09T08:48:26+00:00,0005001202;0005004362,0.0, ,0.0,EUR, , , 
e2910,Create Order (from Quotation),2021-01-09T08:48:49+00:00,0005001200;0005004363,0.0, ,0.0,EUR, , , 
e2911,Create Invoice (from Order),2021-01-09T08:49:00+00:00,0005004357;0090040615,0.0,ST,0.0,EUR, , ,L
e2912,Create Invoice (from Delivery),2021-01-09T08:49:00+00:00,0087000494;0090040615,0.0,ST,0.0,EUR, , ,L
e2913,Create Quotation (from Inquiry),2021-01-09T08:49:15+00:00,0005001203;0015000092,0.0, ,0.0,EUR, , , 
e3192,Create Order (from Quotation),2021-01-09T08:49:41+00:00,0005001203;0005004364,0.0, ,0.0,EUR, , , 
e3193,Create Quotation (from Inquiry),2021-01-09T08:50:06+00:00,0005001204;0015000093,0.0, ,0.0,EUR, , , 
e3194,Create Goods Movement (from Order),2021-01-09T08:51:29+00:00,0005004356;0090496000,0.0,ST,0.0,EUR,P-101, , 
e3195,Create Goods Movement (from Delivery),2021-01-09T08:51:29+00:00,0087000496;0090496000,0.0,ST,0.0,EUR,P-101, , 
e3196,Create Invoice (from Order),2021-01-09T08:51:37+00:00,0005004356;0090040616,0.0,ST,0.0,EUR, , ,L
e3197,Create Invoice (from Delivery),2021-01-09T08:51:37+00:00,0087000496;0090040616,0.0,ST,0.0,EUR, , ,L
e3198,Create Order (from Quotation),2021-01-09T08:51:52+00:00,0005001198;0005004365,0.0, ,0.0,EUR, , , 
e3199,Create Quotation (from Inquiry),2021-01-09T08:52:03+00:00,0005001205;0015000094,0.0, ,0.0,EUR, , , 
e3200,Create Quotation (from Inquiry),2021-01-09T08:59:09+00:00,0005001216;0015000108,0.0, ,0.0,EUR, , , 
e3201,Create Quotation (from Inquiry),2021-01-09T09:00:21+00:00,0005001217;0015000109,0.0, ,0.0,EUR, , , 
e3202,Create Order (from Quotation),2021-01-09T09:00:43+00:00,0005001217;0005004423,0.0, ,0.0,EUR, , , 
e3203,Create Quotation (from Inquiry),2021-01-09T09:01:11+00:00,0005001218;0015000110,0.0, ,0.0,EUR, , , 
e3204,Create Order (from Quotation),2021-01-09T09:01:52+00:00,0005001218;0005004424,0.0, ,7879.2,EUR, , , 
e3765,Create Goods Movement (from Order),2021-01-09T09:02:19+00:00,0005004424;0090565000,0.0,ST,0.0,EUR,P-101, , 
e3766,Create Goods Movement (from Order),2021-01-09T09:02:19+00:00,0005004424;4900000017,2.0,ST,1413.24,EUR,P-100,601, 
e3767,Create Goods Movement (from Delivery),2021-01-09T09:02:19+00:00,0087000565;0090565000,0.0,ST,0.0,EUR,P-101, , 
e3768,Create Goods Movement (from Delivery),2021-01-09T09:02:19+00:00,0087000565;4900000017,2.0,ST,1413.24,EUR,P-100,601, 
e3205,Create Invoice (from Order),2021-01-09T09:02:23+00:00,0005004424;0090040617,0.0,ST,0.0,EUR, , ,L
e3206,Create Invoice (from Order),2021-01-09T09:02:23+00:00,0005004424;0090040617,2.0,ST,5200.0,EUR, , ,L
e3207,Create Invoice (from Delivery),2021-01-09T09:02:23+00:00,0087000565;0090040617,0.0,ST,0.0,EUR, , ,L
e3208,Create Invoice (from Delivery),2021-01-09T09:02:23+00:00,0087000565;0090040617,2.0,ST,5200.0,EUR, , ,L
e3209,Create Quotation (from Inquiry),2021-01-09T09:02:32+00:00,0005001219;0015000111,0.0, ,0.0,EUR, , , 
e3210,Create Order (from Quotation),2021-01-09T09:02:43+00:00,0005001219;0005004425,0.0, ,7879.2,EUR, , , 
e3769,Create Goods Movement (from Order),2021-01-09T09:03:01+00:00,0005004425;0090566000,0.0,ST,0.0,EUR,P-101, , 
e3770,Create Goods Movement (from Order),2021-01-09T09:03:01+00:00,0005004425;4900000018,2.0,ST,1413.24,EUR,P-100,601, 
e3771,Create Goods Movement (from Delivery),2021-01-09T09:03:01+00:00,0087000566;0090566000,0.0,ST,0.0,EUR,P-101, , 
e3772,Create Goods Movement (from Delivery),2021-01-09T09:03:01+00:00,0087000566;4900000018,2.0,ST,1413.24,EUR,P-100,601, 
e3211,Create Invoice (from Order),2021-01-09T09:03:02+00:00,0005004425;0090040618,0.0,ST,0.0,EUR, , ,L
e3212,Create Invoice (from Order),2021-01-09T09:03:02+00:00,0005004425;0090040618,2.0,ST,5200.0,EUR, , ,L
e3213,Create Invoice (from Delivery),2021-01-09T09:03:02+00:00,0087000566;0090040618,0.0,ST,0.0,EUR, , ,L
e3214,Create Invoice (from Delivery),2021-01-09T09:03:02+00:00,0087000566;0090040618,2.0,ST,5200.0,EUR, , ,L
e3215,Create Quotation (from Inquiry),2021-01-09T09:03:10+00:00,0005001220;0015000112,0.0, ,0.0,EUR, , , 
e3216,Create Quotation (from Inquiry),2021-01-09T09:04:22+00:00,0005001221;0015000113,0.0, ,0.0,EUR, , , 
e3217,Create Order (from Quotation),2021-01-09T09:04:30+00:00,0005001221;0005004426,0.0, ,7879.2,EUR, , , 
e3564,Create Goods Movement (from Order),2021-01-09T09:04:49+00:00,0005004426;0090567000,0.0,ST,0.0,EUR,P-101, , 
e3565,Create Goods Movement (from Order),2021-01-09T09:04:49+00:00,0005004426;4900000019,2.0,ST,1413.24,EUR,P-100,601, 
e3566,Create Goods Movement (from Delivery),2021-01-09T09:04:49+00:00,0087000567;0090567000,0.0,ST,0.0,EUR,P-101, , 
e3567,Create Goods Movement (from Delivery),2021-01-09T09:04:49+00:00,0087000567;4900000019,2.0,ST,1413.24,EUR,P-100,601, 
e3218,Create Invoice (from Order),2021-01-09T09:04:50+00:00,0005004426;0090040619,0.0,ST,0.0,EUR, , ,L
e3219,Create Invoice (from Order),2021-01-09T09:04:50+00:00,0005004426;0090040619,2.0,ST,5200.0,EUR, , ,L
e3220,Create Invoice (from Delivery),2021-01-09T09:04:50+00:00,0087000567;0090040619,0.0,ST,0.0,EUR, , ,L
e3221,Create Invoice (from Delivery),2021-01-09T09:04:50+00:00,0087000567;0090040619,2.0,ST,5200.0,EUR, , ,L
e3222,Create Quotation (from Inquiry),2021-01-09T09:04:58+00:00,0005001222;0015000114,0.0, ,0.0,EUR, , , 
e3223,Create Order (from Quotation),2021-01-09T09:05:37+00:00,0005001222;0005004427,0.0, ,7879.2,EUR, , , 
e3224,Create Goods Movement (from Order),2021-01-09T09:05:55+00:00,0005004427;0090568000,0.0,ST,0.0,EUR,P-101, , 
e3225,Create Goods Movement (from Order),2021-01-09T09:05:55+00:00,0005004427;4900000020,2.0,ST,1413.24,EUR,P-100,601, 
e3226,Create Goods Movement (from Delivery),2021-01-09T09:05:55+00:00,0087000568;0090568000,0.0,ST,0.0,EUR,P-101, , 
e3243,Create Goods Movement (from Delivery),2021-01-09T09:05:55+00:00,0087000568;4900000020,2.0,ST,1413.24,EUR,P-100,601, 
e3244,Create Invoice (from Order),2021-01-09T09:05:56+00:00,0005004427;0090040620,0.0,ST,0.0,EUR, , ,L
e3245,Create Invoice (from Order),2021-01-09T09:05:56+00:00,0005004427;0090040620,2.0,ST,5200.0,EUR, , ,L
e3246,Create Invoice (from Delivery),2021-01-09T09:05:56+00:00,0087000568;0090040620,0.0,ST,0.0,EUR, , ,L
e3247,Create Invoice (from Delivery),2021-01-09T09:05:56+00:00,0087000568;0090040620,2.0,ST,5200.0,EUR, , ,L
e3248,Create Quotation (from Inquiry),2021-01-09T09:06:05+00:00,0005001223;0015000115,0.0, ,0.0,EUR, , , 
e3249,Create Order (from Quotation),2021-01-09T09:06:21+00:00,0005001223;0005004428,0.0, ,0.0,EUR, , , 
e3250,Create Quotation (from Inquiry),2021-01-09T09:07:45+00:00,0005001224;0015000116,0.0, ,0.0,EUR, , , 
e3251,Create Quotation (from Inquiry),2021-01-09T09:10:35+00:00,0005001226;0015000118,0.0, ,0.0,EUR, , , 
e3252,Create Order (from Quotation),2021-01-09T09:11:11+00:00,0005001226;0005004430,0.0, ,0.0,EUR, , , 
e3253,Create Quotation (from Inquiry),2021-01-09T09:11:38+00:00,0005001227;0015000119,0.0, ,0.0,EUR, , , 
e3254,Create Order (from Quotation),2021-01-09T09:11:51+00:00,0005001227;0005004431,0.0, ,7879.2,EUR, , , 
e805,Create Goods Movement (from Order),2021-01-09T09:12:14+00:00,0005004431;0090572000,0.0,ST,0.0,EUR,P-101, , 
e806,Create Goods Movement (from Order),2021-01-09T09:12:14+00:00,0005004431;4900000021,2.0,ST,1413.24,EUR,P-100,601, 
e854,Create Goods Movement (from Delivery),2021-01-09T09:12:14+00:00,0087000572;0090572000,0.0,ST,0.0,EUR,P-101, , 
e855,Create Goods Movement (from Delivery),2021-01-09T09:12:14+00:00,0087000572;4900000021,2.0,ST,1413.24,EUR,P-100,601, 
e3255,Create Invoice (from Order),2021-01-09T09:12:15+00:00,0005004431;0090040621,0.0,ST,0.0,EUR, , ,L
e3256,Create Invoice (from Order),2021-01-09T09:12:15+00:00,0005004431;0090040621,2.0,ST,5200.0,EUR, , ,L
e3257,Create Invoice (from Delivery),2021-01-09T09:12:15+00:00,0087000572;0090040621,0.0,ST,0.0,EUR, , ,L
e3258,Create Invoice (from Delivery),2021-01-09T09:12:15+00:00,0087000572;0090040621,2.0,ST,5200.0,EUR, , ,L
e3259,Create Quotation (from Inquiry),2021-01-09T09:12:23+00:00,0005001228;0015000120,0.0, ,0.0,EUR, , , 
e3260,Create Quotation (from Inquiry),2021-01-09T09:13:35+00:00,0005001229;0015000121,0.0, ,0.0,EUR, , , 
e3261,Create Order (from Quotation),2021-01-09T09:13:42+00:00,0005001229;0005004432,0.0, ,7879.2,EUR, , , 
e264,Create Goods Movement (from Order),2021-01-09T09:14:02+00:00,0005004432;0090573000,0.0,ST,0.0,EUR,P-101, , 
e265,Create Goods Movement (from Order),2021-01-09T09:14:02+00:00,0005004432;4900000022,2.0,ST,1413.24,EUR,P-100,601, 
e266,Create Goods Movement (from Delivery),2021-01-09T09:14:02+00:00,0087000573;0090573000,0.0,ST,0.0,EUR,P-101, , 
e267,Create Goods Movement (from Delivery),2021-01-09T09:14:02+00:00,0087000573;4900000022,2.0,ST,1413.24,EUR,P-100,601, 
e3262,Create Invoice (from Order),2021-01-09T09:14:03+00:00,0005004432;0090040622,0.0,ST,0.0,EUR, , ,L
e3263,Create Invoice (from Order),2021-01-09T09:14:03+00:00,0005004432;0090040622,2.0,ST,5200.0,EUR, , ,L
e3264,Create Invoice (from Delivery),2021-01-09T09:14:03+00:00,0087000573;0090040622,0.0,ST,0.0,EUR, , ,L
e3265,Create Invoice (from Delivery),2021-01-09T09:14:03+00:00,0087000573;0090040622,2.0,ST,5200.0,EUR, , ,L
e3266,Create Quotation (from Inquiry),2021-01-09T09:14:12+00:00,0005001230;0015000122,0.0, ,0.0,EUR, , , 
e3267,Create Order (from Quotation),2021-01-09T09:14:47+00:00,0005001230;0005004433,0.0, ,7879.2,EUR, , , 
e1027,Create Goods Movement (from Order),2021-01-09T09:15:06+00:00,0005004433;0090574000,0.0,ST,0.0,EUR,P-101, , 
e1028,Create Goods Movement (from Order),2021-01-09T09:15:06+00:00,0005004433;4900000023,2.0,ST,1413.24,EUR,P-100,601, 
e1029,Create Goods Movement (from Delivery),2021-01-09T09:15:06+00:00,0087000574;0090574000,0.0,ST,0.0,EUR,P-101, , 
e1030,Create Goods Movement (from Delivery),2021-01-09T09:15:06+00:00,0087000574;4900000023,2.0,ST,1413.24,EUR,P-100,601, 
e3268,Create Invoice (from Order),2021-01-09T09:15:07+00:00,0005004433;0090040623,0.0,ST,0.0,EUR, , ,L
e3269,Create Invoice (from Order),2021-01-09T09:15:07+00:00,0005004433;0090040623,2.0,ST,5200.0,EUR, , ,L
e3270,Create Invoice (from Delivery),2021-01-09T09:15:07+00:00,0087000574;0090040623,0.0,ST,0.0,EUR, , ,L
e3271,Create Invoice (from Delivery),2021-01-09T09:15:07+00:00,0087000574;0090040623,2.0,ST,5200.0,EUR, , ,L
e3272,Create Quotation (from Inquiry),2021-01-09T09:15:17+00:00,0005001231;0015000123,0.0, ,0.0,EUR, , , 
e3273,Create Order (from Quotation),2021-01-09T09:15:35+00:00,0005001231;0005004434,0.0, ,7879.2,EUR, , , 
e3477,Create Goods Movement (from Order),2021-01-09T09:15:55+00:00,0005004434;0090575000,0.0,ST,0.0,EUR,P-101, , 
e3478,Create Goods Movement (from Order),2021-01-09T09:15:55+00:00,0005004434;4900000024,2.0,ST,1413.24,EUR,P-100,601, 
e3503,Create Goods Movement (from Delivery),2021-01-09T09:15:55+00:00,0087000575;0090575000,0.0,ST,0.0,EUR,P-101, , 
e3504,Create Goods Movement (from Delivery),2021-01-09T09:15:55+00:00,0087000575;4900000024,2.0,ST,1413.24,EUR,P-100,601, 
e3274,Create Invoice (from Order),2021-01-09T09:15:56+00:00,0005004434;0090040624,0.0,ST,0.0,EUR, , ,L
e3275,Create Invoice (from Order),2021-01-09T09:15:56+00:00,0005004434;0090040624,2.0,ST,5200.0,EUR, , ,L
e3276,Create Invoice (from Delivery),2021-01-09T09:15:56+00:00,0087000575;0090040624,0.0,ST,0.0,EUR, , ,L
e3277,Create Invoice (from Delivery),2021-01-09T09:15:56+00:00,0087000575;0090040624,2.0,ST,5200.0,EUR, , ,L
e3278,Create Quotation (from Inquiry),2021-01-09T09:16:06+00:00,0005001232;0015000124,0.0, ,0.0,EUR, , , 
e3279,Create Quotation (from Inquiry),2021-01-09T09:17:17+00:00,0005001233;0015000125,0.0, ,0.0,EUR, , , 
e3280,Create Order (from Quotation),2021-01-09T09:17:24+00:00,0005001233;0005004435,0.0, ,7879.2,EUR, , , 
e3374,Create Quotation (from Inquiry),2021-01-09T09:17:51+00:00,0005001234;0015000126,0.0, ,0.0,EUR, , , 
e3375,Create Order (from Quotation),2021-01-09T09:18:30+00:00,0005001234;0005004436,0.0, ,15758.4,EUR, , , 
e3376,Create Quotation (from Inquiry),2021-01-09T09:18:56+00:00,0005001235;0015000127,0.0, ,0.0,EUR, , , 
e3377,Create Order (from Quotation),2021-01-09T09:19:09+00:00,0005001235;0005004437,0.0, ,15758.4,EUR, , , 
e3394,Create Quotation (from Inquiry),2021-01-09T09:19:38+00:00,0005001236;0015000128,0.0, ,0.0,EUR, , , 
e3395,Create Quotation (from Inquiry),2021-01-09T09:20:48+00:00,0005001237;0015000129,0.0, ,0.0,EUR, , , 
e3396,Create Order (from Quotation),2021-01-09T09:21:02+00:00,0005001237;0005004438,0.0, ,15758.4,EUR, , , 
e3397,Create Quotation (from Inquiry),2021-01-09T09:21:28+00:00,0005001238;0015000130,0.0, ,0.0,EUR, , , 
e3398,Create Order (from Quotation),2021-01-09T09:22:07+00:00,0005001238;0005004439,0.0, ,7879.2,EUR, , , 
e3505,Create Quotation (from Inquiry),2021-01-09T09:22:30+00:00,0005001239;0015000131,0.0, ,0.0,EUR, , , 
e3506,Create Order (from Quotation),2021-01-09T09:22:35+00:00,0005001239;0005004440,0.0, ,15758.4,EUR, , , 
e3507,Create Quotation (from Inquiry),2021-01-09T09:23:04+00:00,0005001240;0015000132,0.0, ,0.0,EUR, , , 
e3508,Create Quotation (from Inquiry),2021-01-09T09:24:07+00:00,0005001241;0015000133,0.0, ,0.0,EUR, , , 
e3509,Create Order (from Quotation),2021-01-09T09:24:18+00:00,0005001241;0005004441,0.0, ,15758.4,EUR, , , 
e3510,Create Quotation (from Inquiry),2021-01-09T09:24:46+00:00,0005001242;0015000134,0.0, ,0.0,EUR, , , 
e3511,Create Order (from Quotation),2021-01-09T09:25:28+00:00,0005001242;0005004442,0.0, ,15758.4,EUR, , , 
e3512,Create Quotation (from Inquiry),2021-01-09T09:25:53+00:00,0005001243;0015000135,0.0, ,0.0,EUR, , , 
e3513,Create Order (from Quotation),2021-01-09T09:25:59+00:00,0005001243;0005004443,0.0, ,15758.4,EUR, , , 
e3514,Create Quotation (from Inquiry),2021-01-09T09:26:31+00:00,0005001244;0015000136,0.0, ,0.0,EUR, , , 
e3399,Create Quotation (from Inquiry),2021-01-09T09:27:52+00:00,0005001245;0015000137,0.0, ,0.0,EUR, , , 
e3400,Create Order (from Quotation),2021-01-09T09:28:20+00:00,0005001245;0005004444,0.0, ,15758.4,EUR, , , 
e3401,Create Quotation (from Inquiry),2021-01-09T09:28:46+00:00,0005001246;0015000138,0.0, ,0.0,EUR, , , 
e3402,Create Order (from Quotation),2021-01-09T09:29:16+00:00,0005001246;0005004445,0.0, ,15758.4,EUR, , , 
e3403,Create Quotation (from Inquiry),2021-01-09T09:29:41+00:00,0005001247;0015000139,0.0, ,0.0,EUR, , , 
e3404,Create Order (from Quotation),2021-01-09T09:30:00+00:00,0005001247;0005004446,0.0, ,15758.4,EUR, , , 
e3405,Create Quotation (from Inquiry),2021-01-09T09:30:28+00:00,0005001248;0015000140,0.0, ,0.0,EUR, , , 
e3406,Create Quotation (from Inquiry),2021-01-09T09:31:41+00:00,0005001249;0015000141,0.0, ,0.0,EUR, , , 
e3407,Create Order (from Quotation),2021-01-09T09:31:57+00:00,0005001249;0005004447,0.0, ,15758.4,EUR, , , 
e3408,Create Quotation (from Inquiry),2021-01-09T09:32:26+00:00,0005001250;0015000142,0.0, ,0.0,EUR, , , 
e3409,Create Order (from Quotation),2021-01-09T09:33:02+00:00,0005001250;0005004448,0.0, ,7879.2,EUR, , , 
e3410,Create Quotation (from Inquiry),2021-01-09T09:33:27+00:00,0005001251;0015000143,0.0, ,0.0,EUR, , , 
e3411,Create Order (from Quotation),2021-01-09T09:33:36+00:00,0005001251;0005004449,0.0, ,15758.4,EUR, , , 
e3412,Create Quotation (from Inquiry),2021-01-09T09:34:03+00:00,0005001252;0015000144,0.0, ,0.0,EUR, , , 
e3413,Create Quotation (from Inquiry),2021-01-09T09:35:58+00:00,0005001254;0015000146,0.0, ,0.0,EUR, , , 
e3414,Create Order (from Quotation),2021-01-09T09:36:42+00:00,0005001254;0005004451,0.0, ,15758.4,EUR, , , 
e3415,Create Quotation (from Inquiry),2021-01-09T09:37:09+00:00,0005001255;0015000147,0.0, ,0.0,EUR, , , 
e3416,Create Order (from Quotation),2021-01-09T09:37:17+00:00,0005001255;0005004452,0.0, ,7879.2,EUR, , , 
e1496,Create Quotation (from Inquiry),2021-01-09T09:58:15+00:00,0005001256;0015000148,0.0, ,0.0,EUR, , , 
e1497,Create Quotation (from Inquiry),2021-01-09T09:59:14+00:00,0005001257;0015000149,0.0, ,0.0,EUR, , , 
e3417,Create Order (from Quotation),2021-01-09T09:59:32+00:00,0005001257;0005004453,0.0, ,0.0,EUR, , , 
e3418,Create Quotation (from Inquiry),2021-01-09T09:59:57+00:00,0005001258;0015000150,0.0, ,0.0,EUR, , , 
e3419,Create Quotation (from Inquiry),2021-01-09T10:01:52+00:00,0005001259;0015000151,0.0, ,0.0,EUR, , , 
e3420,Create Order (from Quotation),2021-01-09T10:02:00+00:00,0005001259;0005004454,0.0, ,7879.2,EUR, , , 
e3421,Create Quotation (from Inquiry),2021-01-09T10:02:27+00:00,0005001260;0015000152,0.0, ,0.0,EUR, , , 
e3422,Create Order (from Quotation),2021-01-09T10:03:05+00:00,0005001260;0005004455,0.0, ,7879.2,EUR, , , 
e3515,Create Quotation (from Inquiry),2021-01-09T10:03:33+00:00,0005001261;0015000153,0.0, ,0.0,EUR, , , 
e3516,Create Order (from Quotation),2021-01-09T10:03:54+00:00,0005001261;0005004456,0.0, ,7879.2,EUR, , , 
e3517,Create Quotation (from Inquiry),2021-01-09T10:05:36+00:00,0005001263;0015000155,0.0, ,0.0,EUR, , , 
e3518,Create Order (from Quotation),2021-01-09T10:05:53+00:00,0005001263;0005004457,0.0, ,7879.2,EUR, , , 
e3519,Create Quotation (from Inquiry),2021-01-09T10:06:19+00:00,0005001264;0015000156,0.0, ,0.0,EUR, , , 
e3520,Create Order (from Quotation),2021-01-09T10:06:51+00:00,0005001264;0005004458,0.0, ,7879.2,EUR, , , 
e3521,Create Quotation (from Inquiry),2021-01-09T10:07:17+00:00,0005001265;0015000157,0.0, ,0.0,EUR, , , 
e3522,Create Order (from Quotation),2021-01-09T10:07:39+00:00,0005001265;0005004459,0.0, ,7879.2,EUR, , , 
e3523,Create Quotation (from Inquiry),2021-01-09T10:08:06+00:00,0005001266;0015000158,0.0, ,0.0,EUR, , , 
e1746,Create Quotation (from Inquiry),2021-01-09T11:13:17+00:00,0005001267;0015000159,0.0, ,0.0,EUR, , , 
e3524,Create Quotation (from Inquiry),2021-01-09T11:14:25+00:00,0005001268;0015000160,0.0, ,0.0,EUR, , , 
e1498,Create Order (from Quotation),2021-01-09T11:14:34+00:00,0005001268;0005004460,0.0, ,5358.4,EUR, , , 
e3525,Create Quotation (from Inquiry),2021-01-09T11:20:06+00:00,0005001271;0015000163,0.0, ,0.0,EUR, , , 
e2914,Create Quotation (from Inquiry),2021-01-09T11:21:01+00:00,0005001272;0015000164,0.0, ,0.0,EUR, , , 
e2915,Create Order (from Quotation),2021-01-09T11:21:03+00:00,0005001272;0005004463,0.0, ,5358.4,EUR, , , 
e3568,Create Goods Movement (from Order),2021-01-09T11:21:27+00:00,0005004463;4900000029,2.0,ST,1265.08,EUR,P-101,601, 
e3569,Create Goods Movement (from Delivery),2021-01-09T11:21:27+00:00,0087000604;4900000029,2.0,ST,1265.08,EUR,P-101,601, 
e2916,Create Invoice (from Order),2021-01-09T11:21:31+00:00,0005004463;0090040625,2.0,ST,5358.4,EUR, , ,L
e2917,Create Invoice (from Delivery),2021-01-09T11:21:31+00:00,0087000604;0090040625,2.0,ST,5358.4,EUR, , ,L
e2918,Create Quotation (from Inquiry),2021-01-09T11:21:40+00:00,0005001273;0015000165,0.0, ,0.0,EUR, , , 
e2919,Create Order (from Quotation),2021-01-09T11:22:22+00:00,0005001273;0005004464,0.0, ,5358.4,EUR, , , 
e856,Create Goods Movement (from Order),2021-01-09T11:22:39+00:00,0005004464;4900000030,2.0,ST,1265.08,EUR,P-101,601, 
e857,Create Goods Movement (from Delivery),2021-01-09T11:22:39+00:00,0087000605;4900000030,2.0,ST,1265.08,EUR,P-101,601, 
e2920,Create Invoice (from Order),2021-01-09T11:22:40+00:00,0005004464;0090040626,2.0,ST,5358.4,EUR, , ,L
e2921,Create Invoice (from Delivery),2021-01-09T11:22:40+00:00,0087000605;0090040626,2.0,ST,5358.4,EUR, , ,L
e2922,Create Quotation (from Inquiry),2021-01-09T11:22:50+00:00,0005001274;0015000166,0.0, ,0.0,EUR, , , 
e2923,Create Order (from Quotation),2021-01-09T11:23:04+00:00,0005001274;0005004465,0.0, ,5358.4,EUR, , , 
e858,Create Goods Movement (from Order),2021-01-09T11:23:23+00:00,0005004465;4900000031,2.0,ST,1265.08,EUR,P-101,601, 
e859,Create Goods Movement (from Delivery),2021-01-09T11:23:23+00:00,0087000606;4900000031,2.0,ST,1265.08,EUR,P-101,601, 
e3024,Create Invoice (from Order),2021-01-09T11:23:24+00:00,0005004465;0090040627,2.0,ST,5358.4,EUR, , ,L
e3025,Create Invoice (from Delivery),2021-01-09T11:23:24+00:00,0087000606;0090040627,2.0,ST,5358.4,EUR, , ,L
e3026,Create Quotation (from Inquiry),2021-01-09T11:23:34+00:00,0005001275;0015000167,0.0, ,0.0,EUR, , , 
e3027,Create Quotation (from Inquiry),2021-01-09T11:24:42+00:00,0005001276;0015000168,0.0, ,0.0,EUR, , , 
e3028,Create Order (from Quotation),2021-01-09T11:25:00+00:00,0005001276;0005004466,0.0, ,0.0,EUR, , , 
e3526,Create Quotation (from Inquiry),2021-01-09T11:25:35+00:00,0005001277;0015000169,0.0, ,0.0,EUR, , , 
e3029,Create Order (from Quotation),2021-01-09T11:26:07+00:00,0005001277;0005004467,0.0, ,5358.4,EUR, , , 
e3527,Create Goods Movement (from Order),2021-01-09T11:26:26+00:00,0005004467;4900000032,2.0,ST,1265.08,EUR,P-101,601, 
e3528,Create Goods Movement (from Delivery),2021-01-09T11:26:26+00:00,0087000608;4900000032,2.0,ST,1265.08,EUR,P-101,601, 
e3529,Create Invoice (from Order),2021-01-09T11:26:27+00:00,0005004467;0090040628,2.0,ST,5358.4,EUR, , ,L
e3570,Create Invoice (from Delivery),2021-01-09T11:26:27+00:00,0087000608;0090040628,2.0,ST,5358.4,EUR, , ,L
e3571,Create Quotation (from Inquiry),2021-01-09T11:26:36+00:00,0005001278;0015000170,0.0, ,0.0,EUR, , , 
e3572,Create Order (from Quotation),2021-01-09T11:26:51+00:00,0005001278;0005004468,0.0, ,5358.4,EUR, , , 
e3156,Create Goods Movement (from Delivery),2021-01-09T11:27:11+00:00,0087000609;4900000033,2.0,ST,1265.08,EUR,P-101,601, 
e3773,Create Goods Movement (from Order),2021-01-09T11:27:11+00:00,0005004468;4900000033,2.0,ST,1265.08,EUR,P-101,601, 
e3573,Create Invoice (from Order),2021-01-09T11:27:12+00:00,0005004468;0090040629,2.0,ST,5358.4,EUR, , ,L
e3574,Create Invoice (from Delivery),2021-01-09T11:27:12+00:00,0087000609;0090040629,2.0,ST,5358.4,EUR, , ,L
e3575,Create Quotation (from Inquiry),2021-01-09T11:28:31+00:00,0005001280;0015000172,0.0, ,0.0,EUR, , , 
e3576,Create Quotation (from Inquiry),2021-01-09T11:33:05+00:00,0005001285;0015000177,0.0, ,0.0,EUR, , , 
e3030,Create Order (from Quotation),2021-01-09T11:33:38+00:00,0005001285;0005004473,0.0, ,5358.4,EUR, , , 
e3577,Create Goods Movement (from Order),2021-01-09T11:33:57+00:00,0005004473;4900000035,2.0,ST,1265.08,EUR,P-101,601, 
e3578,Create Goods Movement (from Delivery),2021-01-09T11:33:57+00:00,0087000614;4900000035,2.0,ST,1265.08,EUR,P-101,601, 
e3579,Create Invoice (from Order),2021-01-09T11:33:57+00:00,0005004473;0090040630,2.0,ST,5358.4,EUR, , ,L
e3580,Create Invoice (from Delivery),2021-01-09T11:33:57+00:00,0087000614;0090040630,2.0,ST,5358.4,EUR, , ,L
e3581,Create Quotation (from Inquiry),2021-01-09T11:34:06+00:00,0005001286;0015000178,0.0, ,0.0,EUR, , , 
e3618,Create Order (from Quotation),2021-01-09T11:34:18+00:00,0005001286;0005004474,0.0, ,5358.4,EUR, , , 
e268,Create Goods Movement (from Order),2021-01-09T11:34:36+00:00,0005004474;4900000036,2.0,ST,1265.08,EUR,P-101,601, 
e269,Create Goods Movement (from Delivery),2021-01-09T11:34:36+00:00,0087000615;4900000036,2.0,ST,1265.08,EUR,P-101,601, 
e3619,Create Invoice (from Order),2021-01-09T11:34:37+00:00,0005004474;0090040631,2.0,ST,5358.4,EUR, , ,L
e3620,Create Invoice (from Delivery),2021-01-09T11:34:37+00:00,0087000615;0090040631,2.0,ST,5358.4,EUR, , ,L
e3621,Create Quotation (from Inquiry),2021-01-09T11:34:46+00:00,0005001287;0015000179,0.0, ,0.0,EUR, , , 
e3622,Create Quotation (from Inquiry),2021-01-09T11:35:54+00:00,0005001288;0015000180,0.0, ,0.0,EUR, , , 
e3623,Create Order (from Quotation),2021-01-09T11:35:58+00:00,0005001288;0005004475,0.0, ,0.0,EUR, , , 
e3624,Create Quotation (from Inquiry),2021-01-09T11:36:25+00:00,0005001289;0015000181,0.0, ,0.0,EUR, , , 
e3625,Create Order (from Quotation),2021-01-09T11:37:04+00:00,0005001289;0005004476,0.0, ,5358.4,EUR, , , 
e860,Create Goods Movement (from Order),2021-01-09T11:37:22+00:00,0005004476;4900000037,2.0,ST,1265.08,EUR,P-101,601, 
e861,Create Goods Movement (from Delivery),2021-01-09T11:37:22+00:00,0087000617;4900000037,2.0,ST,1265.08,EUR,P-101,601, 
e3626,Create Invoice (from Order),2021-01-09T11:37:23+00:00,0005004476;0090040632,2.0,ST,5358.4,EUR, , ,L
e3627,Create Invoice (from Delivery),2021-01-09T11:37:23+00:00,0087000617;0090040632,2.0,ST,5358.4,EUR, , ,L
e3628,Create Quotation (from Inquiry),2021-01-09T11:37:32+00:00,0005001290;0015000182,0.0, ,0.0,EUR, , , 
e3629,Create Order (from Quotation),2021-01-09T11:37:35+00:00,0005001290;0005004477,0.0, ,5358.4,EUR, , , 
e1031,Create Goods Movement (from Order),2021-01-09T11:37:53+00:00,0005004477;4900000038,2.0,ST,1265.08,EUR,P-101,601, 
e1032,Create Goods Movement (from Delivery),2021-01-09T11:37:53+00:00,0087000618;4900000038,2.0,ST,1265.08,EUR,P-101,601, 
e3630,Create Invoice (from Order),2021-01-09T11:37:54+00:00,0005004477;0090040633,2.0,ST,5358.4,EUR, , ,L
e3631,Create Invoice (from Delivery),2021-01-09T11:37:54+00:00,0087000618;0090040633,2.0,ST,5358.4,EUR, , ,L
e3632,Create Quotation (from Inquiry),2021-01-09T11:38:02+00:00,0005001291;0015000183,0.0, ,0.0,EUR, , , 
e3633,Create Quotation (from Inquiry),2021-01-09T11:39:11+00:00,0005001292;0015000184,0.0, ,0.0,EUR, , , 
e3031,Create Order (from Quotation),2021-01-09T11:39:30+00:00,0005001292;0005004478,0.0, ,5358.4,EUR, , , 
e270,Create Goods Movement (from Order),2021-01-09T11:39:49+00:00,0005004478;4900000039,2.0,ST,1265.08,EUR,P-101,601, 
e271,Create Goods Movement (from Delivery),2021-01-09T11:39:49+00:00,0087000619;4900000039,2.0,ST,1265.08,EUR,P-101,601, 
e3032,Create Invoice (from Order),2021-01-09T11:39:50+00:00,0005004478;0090040634,2.0,ST,5358.4,EUR, , ,L
e3033,Create Invoice (from Delivery),2021-01-09T11:39:50+00:00,0087000619;0090040634,2.0,ST,5358.4,EUR, , ,L
e3034,Create Quotation (from Inquiry),2021-01-09T11:39:59+00:00,0005001293;0015000185,0.0, ,0.0,EUR, , , 
e3035,Create Order (from Quotation),2021-01-09T11:40:36+00:00,0005001293;0005004479,0.0, ,5358.4,EUR, , , 
e3157,Create Goods Movement (from Order),2021-01-09T11:40:54+00:00,0005004479;4900000040,2.0,ST,1265.08,EUR,P-101,601, 
e3158,Create Goods Movement (from Delivery),2021-01-09T11:40:54+00:00,0087000620;4900000040,2.0,ST,1265.08,EUR,P-101,601, 
e3036,Create Invoice (from Order),2021-01-09T11:40:55+00:00,0005004479;0090040635,2.0,ST,5358.4,EUR, , ,L
e3037,Create Invoice (from Delivery),2021-01-09T11:40:55+00:00,0087000620;0090040635,2.0,ST,5358.4,EUR, , ,L
e3038,Create Quotation (from Inquiry),2021-01-09T11:41:04+00:00,0005001294;0015000186,0.0, ,0.0,EUR, , , 
e3039,Create Order (from Quotation),2021-01-09T11:41:15+00:00,0005001294;0005004480,0.0, ,5358.4,EUR, , , 
e3159,Create Goods Movement (from Order),2021-01-09T11:41:41+00:00,0005004480;4900000041,2.0,ST,1265.08,EUR,P-101,601, 
e3160,Create Goods Movement (from Delivery),2021-01-09T11:41:41+00:00,0087000621;4900000041,2.0,ST,1265.08,EUR,P-101,601, 
e3040,Create Invoice (from Order),2021-01-09T11:41:42+00:00,0005004480;0090040636,2.0,ST,5358.4,EUR, , ,L
e3041,Create Invoice (from Delivery),2021-01-09T11:41:42+00:00,0087000621;0090040636,2.0,ST,5358.4,EUR, , ,L
e3042,Create Quotation (from Inquiry),2021-01-09T11:41:51+00:00,0005001295;0015000187,0.0, ,0.0,EUR, , , 
e3043,Create Quotation (from Inquiry),2021-01-09T11:42:59+00:00,0005001296;0015000188,0.0, ,0.0,EUR, , , 
e3044,Create Order (from Quotation),2021-01-09T11:43:07+00:00,0005001296;0005004481,0.0, ,5358.4,EUR, , , 
e1033,Create Goods Movement (from Order),2021-01-09T11:43:25+00:00,0005004481;4900000042,2.0,ST,1265.08,EUR,P-101,601, 
e1034,Create Goods Movement (from Delivery),2021-01-09T11:43:25+00:00,0087000622;4900000042,2.0,ST,1265.08,EUR,P-101,601, 
e3045,Create Invoice (from Order),2021-01-09T11:43:26+00:00,0005004481;0090040637,2.0,ST,5358.4,EUR, , ,L
e3046,Create Invoice (from Delivery),2021-01-09T11:43:26+00:00,0087000622;0090040637,2.0,ST,5358.4,EUR, , ,L
e3047,Create Quotation (from Inquiry),2021-01-09T11:43:35+00:00,0005001297;0015000189,0.0, ,0.0,EUR, , , 
e3048,Create Order (from Quotation),2021-01-09T11:44:17+00:00,0005001297;0005004482,0.0, ,5358.4,EUR, , , 
e582,Create Goods Movement (from Order),2021-01-09T11:44:35+00:00,0005004482;4900000043,2.0,ST,1265.08,EUR,P-101,601, 
e583,Create Goods Movement (from Delivery),2021-01-09T11:44:35+00:00,0087000623;4900000043,2.0,ST,1265.08,EUR,P-101,601, 
e3049,Create Invoice (from Order),2021-01-09T11:44:36+00:00,0005004482;0090040638,2.0,ST,5358.4,EUR, , ,L
e3050,Create Invoice (from Delivery),2021-01-09T11:44:36+00:00,0087000623;0090040638,2.0,ST,5358.4,EUR, , ,L
e3051,Create Quotation (from Inquiry),2021-01-09T11:44:45+00:00,0005001298;0015000190,0.0, ,0.0,EUR, , , 
e3052,Create Order (from Quotation),2021-01-09T11:44:58+00:00,0005001298;0005004483,0.0, ,5358.4,EUR, , , 
e3634,Create Goods Movement (from Order),2021-01-09T11:45:16+00:00,0005004483;4900000044,2.0,ST,1265.08,EUR,P-101,601, 
e3635,Create Goods Movement (from Delivery),2021-01-09T11:45:16+00:00,0087000624;4900000044,2.0,ST,1265.08,EUR,P-101,601, 
e3053,Create Invoice (from Order),2021-01-09T11:45:17+00:00,0005004483;0090040639,2.0,ST,5358.4,EUR, , ,L
e3054,Create Invoice (from Delivery),2021-01-09T11:45:17+00:00,0087000624;0090040639,2.0,ST,5358.4,EUR, , ,L
e3055,Create Quotation (from Inquiry),2021-01-09T11:45:26+00:00,0005001299;0015000191,0.0, ,0.0,EUR, , , 
e3056,Create Quotation (from Inquiry),2021-01-09T11:46:37+00:00,0005001300;0015000192,0.0, ,0.0,EUR, , , 
e3057,Create Order (from Quotation),2021-01-09T11:46:48+00:00,0005001300;0005004484,0.0, ,0.0,EUR, , , 
e3058,Create Quotation (from Inquiry),2021-01-09T11:47:11+00:00,0005001301;0015000193,0.0, ,0.0,EUR, , , 
e3059,Create Order (from Quotation),2021-01-09T11:48:06+00:00,0005001301;0005004485,0.0, ,5358.4,EUR, , , 
e882,Create Goods Movement (from Order),2021-01-09T11:48:24+00:00,0005004485;4900000045,2.0,ST,1265.08,EUR,P-101,601, 
e883,Create Goods Movement (from Delivery),2021-01-09T11:48:24+00:00,0087000626;4900000045,2.0,ST,1265.08,EUR,P-101,601, 
e3060,Create Invoice (from Order),2021-01-09T11:48:25+00:00,0005004485;0090040640,2.0,ST,5358.4,EUR, , ,L
e3061,Create Invoice (from Delivery),2021-01-09T11:48:25+00:00,0087000626;0090040640,2.0,ST,5358.4,EUR, , ,L
e1166,Create Quotation (from Inquiry),2021-01-09T11:48:33+00:00,0005001302;0015000194,0.0, ,0.0,EUR, , , 
e1167,Create Order (from Quotation),2021-01-09T11:48:44+00:00,0005001302;0005004486,0.0, ,5358.4,EUR, , , 
e584,Create Goods Movement (from Order),2021-01-09T11:49:07+00:00,0005004486;4900000046,2.0,ST,1265.08,EUR,P-101,601, 
e585,Create Goods Movement (from Delivery),2021-01-09T11:49:07+00:00,0087000627;4900000046,2.0,ST,1265.08,EUR,P-101,601, 
e1168,Create Invoice (from Order),2021-01-09T11:49:08+00:00,0005004486;0090040641,2.0,ST,5358.4,EUR, , ,L
e1169,Create Invoice (from Delivery),2021-01-09T11:49:08+00:00,0087000627;0090040641,2.0,ST,5358.4,EUR, , ,L
e1170,Create Quotation (from Inquiry),2021-01-09T11:49:16+00:00,0005001303;0015000195,0.0, ,0.0,EUR, , , 
e3636,Create Quotation (from Inquiry),2021-01-09T11:50:19+00:00,0005001304;0015000196,0.0, ,0.0,EUR, , , 
e3637,Create Order (from Quotation),2021-01-09T11:50:23+00:00,0005001304;0005004487,0.0, ,5358.4,EUR, , , 
e3638,Create Goods Movement (from Order),2021-01-09T11:50:42+00:00,0005004487;4900000047,2.0,ST,1265.08,EUR,P-101,601, 
e3639,Create Goods Movement (from Delivery),2021-01-09T11:50:42+00:00,0087000628;4900000047,2.0,ST,1265.08,EUR,P-101,601, 
e1171,Create Invoice (from Order),2021-01-09T11:50:43+00:00,0005004487;0090040642,2.0,ST,5358.4,EUR, , ,L
e1172,Create Invoice (from Delivery),2021-01-09T11:50:43+00:00,0087000628;0090040642,2.0,ST,5358.4,EUR, , ,L
e1173,Create Quotation (from Inquiry),2021-01-09T11:50:51+00:00,0005001305;0015000197,0.0, ,0.0,EUR, , , 
e1174,Create Order (from Quotation),2021-01-09T11:51:34+00:00,0005001305;0005004488,0.0, ,5358.4,EUR, , , 
e3640,Create Goods Movement (from Order),2021-01-09T11:51:54+00:00,0005004488;4900000048,2.0,ST,1265.08,EUR,P-101,601, 
e3641,Create Goods Movement (from Delivery),2021-01-09T11:51:54+00:00,0087000629;4900000048,2.0,ST,1265.08,EUR,P-101,601, 
e1175,Create Invoice (from Order),2021-01-09T11:51:55+00:00,0005004488;0090040643,2.0,ST,5358.4,EUR, , ,L
e1176,Create Invoice (from Delivery),2021-01-09T11:51:55+00:00,0087000629;0090040643,2.0,ST,5358.4,EUR, , ,L
e1177,Create Quotation (from Inquiry),2021-01-09T11:52:04+00:00,0005001306;0015000198,0.0, ,0.0,EUR, , , 
e1178,Create Order (from Quotation),2021-01-09T11:52:10+00:00,0005001306;0005004489,0.0, ,5358.4,EUR, , , 
e3642,Create Goods Movement (from Order),2021-01-09T11:52:28+00:00,0005004489;4900000049,2.0,ST,1265.08,EUR,P-101,601, 
e3643,Create Goods Movement (from Delivery),2021-01-09T11:52:28+00:00,0087000630;4900000049,2.0,ST,1265.08,EUR,P-101,601, 
e1179,Create Invoice (from Order),2021-01-09T11:52:29+00:00,0005004489;0090040644,2.0,ST,5358.4,EUR, , ,L
e1180,Create Invoice (from Delivery),2021-01-09T11:52:29+00:00,0087000630;0090040644,2.0,ST,5358.4,EUR, , ,L
e1181,Create Quotation (from Inquiry),2021-01-09T11:52:37+00:00,0005001307;0015000199,0.0, ,0.0,EUR, , , 
e1182,Create Quotation (from Inquiry),2021-01-09T11:53:50+00:00,0005001308;0015000200,0.0, ,0.0,EUR, , , 
e1183,Create Order (from Quotation),2021-01-09T11:54:06+00:00,0005001308;0005004490,0.0, ,5358.4,EUR, , , 
e3161,Create Goods Movement (from Order),2021-01-09T11:54:24+00:00,0005004490;4900000050,2.0,ST,1265.08,EUR,P-101,601, 
e3162,Create Goods Movement (from Delivery),2021-01-09T11:54:24+00:00,0087000631;4900000050,2.0,ST,1265.08,EUR,P-101,601, 
e1184,Create Invoice (from Order),2021-01-09T11:54:25+00:00,0005004490;0090040645,2.0,ST,5358.4,EUR, , ,L
e1185,Create Invoice (from Delivery),2021-01-09T11:54:25+00:00,0087000631;0090040645,2.0,ST,5358.4,EUR, , ,L
e1186,Create Quotation (from Inquiry),2021-01-09T11:54:34+00:00,0005001309;0015000201,0.0, ,0.0,EUR, , , 
e1187,Create Order (from Quotation),2021-01-09T11:55:04+00:00,0005001309;0005004491,0.0, ,5358.4,EUR, , , 
e3163,Create Goods Movement (from Order),2021-01-09T11:55:22+00:00,0005004491;4900000051,2.0,ST,1265.08,EUR,P-101,601, 
e3164,Create Goods Movement (from Delivery),2021-01-09T11:55:22+00:00,0087000632;4900000051,2.0,ST,1265.08,EUR,P-101,601, 
e3644,Create Invoice (from Order),2021-01-09T11:55:22+00:00,0005004491;0090040646,2.0,ST,5358.4,EUR, , ,L
e3645,Create Invoice (from Delivery),2021-01-09T11:55:22+00:00,0087000632;0090040646,2.0,ST,5358.4,EUR, , ,L
e1188,Create Quotation (from Inquiry),2021-01-09T11:55:31+00:00,0005001310;0015000202,0.0, ,0.0,EUR, , , 
e1189,Create Order (from Quotation),2021-01-09T11:55:39+00:00,0005001310;0005004492,0.0, ,5358.4,EUR, , , 
e586,Create Goods Movement (from Order),2021-01-09T11:55:57+00:00,0005004492;4900000052,2.0,ST,1265.08,EUR,P-101,601, 
e587,Create Goods Movement (from Delivery),2021-01-09T11:55:57+00:00,0087000633;4900000052,2.0,ST,1265.08,EUR,P-101,601, 
e1190,Create Invoice (from Order),2021-01-09T11:55:57+00:00,0005004492;0090040647,2.0,ST,5358.4,EUR, , ,L
e1191,Create Invoice (from Delivery),2021-01-09T11:55:57+00:00,0087000633;0090040647,2.0,ST,5358.4,EUR, , ,L
e1192,Create Quotation (from Inquiry),2021-01-09T11:56:06+00:00,0005001311;0015000203,0.0, ,0.0,EUR, , , 
e1193,Create Quotation (from Inquiry),2021-01-09T11:57:16+00:00,0005001312;0015000204,0.0, ,0.0,EUR, , , 
e1194,Create Order (from Quotation),2021-01-09T11:57:22+00:00,0005001312;0005004493,0.0, ,0.0,EUR, , , 
e1195,Create Quotation (from Inquiry),2021-01-09T11:57:45+00:00,0005001313;0015000205,0.0, ,0.0,EUR, , , 
e1196,Create Order (from Quotation),2021-01-09T11:58:19+00:00,0005001313;0005004494,0.0, ,5358.4,EUR, , , 
e678,Create Goods Movement (from Order),2021-01-09T11:58:36+00:00,0005004494;4900000053,2.0,ST,1265.08,EUR,P-101,601, 
e679,Create Goods Movement (from Delivery),2021-01-09T11:58:36+00:00,0087000635;4900000053,2.0,ST,1265.08,EUR,P-101,601, 
e1197,Create Invoice (from Order),2021-01-09T11:58:37+00:00,0005004494;0090040648,2.0,ST,5358.4,EUR, , ,L
e1198,Create Invoice (from Delivery),2021-01-09T11:58:37+00:00,0087000635;0090040648,2.0,ST,5358.4,EUR, , ,L
e1199,Create Quotation (from Inquiry),2021-01-09T11:58:46+00:00,0005001314;0015000206,0.0, ,0.0,EUR, , , 
e1200,Create Order (from Quotation),2021-01-09T11:59:04+00:00,0005001314;0005004495,0.0, ,5358.4,EUR, , , 
e3646,Create Goods Movement (from Order),2021-01-09T11:59:22+00:00,0005004495;4900000054,2.0,ST,1265.08,EUR,P-101,601, 
e3647,Create Goods Movement (from Delivery),2021-01-09T11:59:22+00:00,0087000636;4900000054,2.0,ST,1265.08,EUR,P-101,601, 
e1201,Create Invoice (from Order),2021-01-09T11:59:23+00:00,0005004495;0090040649,2.0,ST,5358.4,EUR, , ,L
e1202,Create Invoice (from Delivery),2021-01-09T11:59:23+00:00,0087000636;0090040649,2.0,ST,5358.4,EUR, , ,L
e2924,Create Quotation (from Inquiry),2021-01-09T11:59:32+00:00,0005001315;0015000207,0.0, ,0.0,EUR, , , 
e3648,Create Quotation (from Inquiry),2021-01-09T12:00:38+00:00,0005001316;0015000208,0.0, ,0.0,EUR, , , 
e3649,Create Order (from Quotation),2021-01-09T12:00:56+00:00,0005001316;0005004496,0.0, ,5358.4,EUR, , , 
e3650,Create Goods Movement (from Order),2021-01-09T12:01:14+00:00,0005004496;4900000055,2.0,ST,1265.08,EUR,P-101,601, 
e3651,Create Goods Movement (from Delivery),2021-01-09T12:01:14+00:00,0087000637;4900000055,2.0,ST,1265.08,EUR,P-101,601, 
e2925,Create Invoice (from Order),2021-01-09T12:01:15+00:00,0005004496;0090040650,2.0,ST,5358.4,EUR, , ,L
e2926,Create Invoice (from Delivery),2021-01-09T12:01:15+00:00,0087000637;0090040650,2.0,ST,5358.4,EUR, , ,L
e2927,Create Quotation (from Inquiry),2021-01-09T12:01:23+00:00,0005001317;0015000209,0.0, ,0.0,EUR, , , 
e2928,Create Order (from Quotation),2021-01-09T12:01:59+00:00,0005001317;0005004497,0.0, ,5358.4,EUR, , , 
e588,Create Goods Movement (from Order),2021-01-09T12:02:17+00:00,0005004497;4900000056,2.0,ST,1265.08,EUR,P-101,601, 
e589,Create Goods Movement (from Delivery),2021-01-09T12:02:17+00:00,0087000638;4900000056,2.0,ST,1265.08,EUR,P-101,601, 
e2929,Create Invoice (from Order),2021-01-09T12:02:17+00:00,0005004497;0090040651,2.0,ST,5358.4,EUR, , ,L
e2930,Create Invoice (from Delivery),2021-01-09T12:02:17+00:00,0087000638;0090040651,2.0,ST,5358.4,EUR, , ,L
e2931,Create Quotation (from Inquiry),2021-01-09T12:02:26+00:00,0005001318;0015000210,0.0, ,0.0,EUR, , , 
e2932,Create Order (from Quotation),2021-01-09T12:02:34+00:00,0005001318;0005004498,0.0, ,5358.4,EUR, , , 
e590,Create Goods Movement (from Order),2021-01-09T12:02:51+00:00,0005004498;4900000057,2.0,ST,1265.08,EUR,P-101,601, 
e591,Create Goods Movement (from Delivery),2021-01-09T12:02:51+00:00,0087000639;4900000057,2.0,ST,1265.08,EUR,P-101,601, 
e3652,Create Invoice (from Order),2021-01-09T12:02:52+00:00,0005004498;0090040652,2.0,ST,5358.4,EUR, , ,L
e3653,Create Invoice (from Delivery),2021-01-09T12:02:52+00:00,0087000639;0090040652,2.0,ST,5358.4,EUR, , ,L
e3692,Create Quotation (from Inquiry),2021-01-09T12:03:01+00:00,0005001319;0015000211,0.0, ,0.0,EUR, , , 
e3693,Create Quotation (from Inquiry),2021-01-09T12:04:10+00:00,0005001320;0015000212,0.0, ,0.0,EUR, , , 
e3694,Create Order (from Quotation),2021-01-09T12:04:21+00:00,0005001320;0005004499,0.0, ,5358.4,EUR, , , 
e592,Create Goods Movement (from Order),2021-01-09T12:04:38+00:00,0005004499;4900000058,2.0,ST,1265.08,EUR,P-101,601, 
e593,Create Goods Movement (from Delivery),2021-01-09T12:04:38+00:00,0087000640;4900000058,2.0,ST,1265.08,EUR,P-101,601, 
e3695,Create Invoice (from Order),2021-01-09T12:04:39+00:00,0005004499;0090040653,2.0,ST,5358.4,EUR, , ,L
e3696,Create Invoice (from Delivery),2021-01-09T12:04:39+00:00,0087000640;0090040653,2.0,ST,5358.4,EUR, , ,L
e2933,Create Quotation (from Inquiry),2021-01-09T12:04:49+00:00,0005001321;0015000213,0.0, ,0.0,EUR, , , 
e2934,Create Order (from Quotation),2021-01-09T12:05:10+00:00,0005001321;0005004500,0.0, ,5358.4,EUR, , , 
e1086,Create Goods Movement (from Order),2021-01-09T12:05:28+00:00,0005004500;4900000059,2.0,ST,1265.08,EUR,P-101,601, 
e1087,Create Goods Movement (from Delivery),2021-01-09T12:05:28+00:00,0087000641;4900000059,2.0,ST,1265.08,EUR,P-101,601, 
e3697,Create Invoice (from Order),2021-01-09T12:05:29+00:00,0005004500;0090040654,2.0,ST,5358.4,EUR, , ,L
e3698,Create Invoice (from Delivery),2021-01-09T12:05:29+00:00,0087000641;0090040654,2.0,ST,5358.4,EUR, , ,L
e3699,Create Quotation (from Inquiry),2021-01-09T12:05:37+00:00,0005001322;0015000214,0.0, ,0.0,EUR, , , 
e3700,Create Order (from Quotation),2021-01-09T12:05:55+00:00,0005001322;0005004501,0.0, ,5358.4,EUR, , , 
e3701,Create Goods Movement (from Order),2021-01-09T12:06:13+00:00,0005004501;4900000060,2.0,ST,1265.08,EUR,P-101,601, 
e3702,Create Goods Movement (from Delivery),2021-01-09T12:06:13+00:00,0087000642;4900000060,2.0,ST,1265.08,EUR,P-101,601, 
e3703,Create Invoice (from Order),2021-01-09T12:06:14+00:00,0005004501;0090040655,2.0,ST,5358.4,EUR, , ,L
e3704,Create Invoice (from Delivery),2021-01-09T12:06:14+00:00,0087000642;0090040655,2.0,ST,5358.4,EUR, , ,L
e3705,Create Quotation (from Inquiry),2021-01-09T12:06:22+00:00,0005001323;0015000215,0.0, ,0.0,EUR, , , 
e3706,Create Quotation (from Inquiry),2021-01-09T12:07:26+00:00,0005001324;0015000216,0.0, ,0.0,EUR, , , 
e3707,Create Order (from Quotation),2021-01-09T12:07:29+00:00,0005001324;0005004502,0.0, ,0.0,EUR, , , 
e1882,Create Quotation (from Inquiry),2021-01-09T12:07:53+00:00,0005001325;0015000217,0.0, ,0.0,EUR, , , 
e1883,Create Order (from Quotation),2021-01-09T12:08:25+00:00,0005001325;0005004503,0.0, ,5358.4,EUR, , , 
e594,Create Goods Movement (from Order),2021-01-09T12:08:43+00:00,0005004503;4900000061,2.0,ST,1265.08,EUR,P-101,601, 
e595,Create Goods Movement (from Delivery),2021-01-09T12:08:43+00:00,0087000644;4900000061,2.0,ST,1265.08,EUR,P-101,601, 
e1884,Create Invoice (from Order),2021-01-09T12:08:44+00:00,0005004503;0090040656,2.0,ST,5358.4,EUR, , ,L
e1885,Create Invoice (from Delivery),2021-01-09T12:08:44+00:00,0087000644;0090040656,2.0,ST,5358.4,EUR, , ,L
e1886,Create Quotation (from Inquiry),2021-01-09T12:08:53+00:00,0005001326;0015000218,0.0, ,0.0,EUR, , , 
e1887,Create Order (from Quotation),2021-01-09T12:08:59+00:00,0005001326;0005004504,0.0, ,5358.4,EUR, , , 
e596,Create Goods Movement (from Order),2021-01-09T12:09:17+00:00,0005004504;4900000062,2.0,ST,1265.08,EUR,P-101,601, 
e597,Create Goods Movement (from Delivery),2021-01-09T12:09:17+00:00,0087000645;4900000062,2.0,ST,1265.08,EUR,P-101,601, 
e3708,Create Invoice (from Order),2021-01-09T12:09:18+00:00,0005004504;0090040657,2.0,ST,5358.4,EUR, , ,L
e3709,Create Invoice (from Delivery),2021-01-09T12:09:18+00:00,0087000645;0090040657,2.0,ST,5358.4,EUR, , ,L
e3710,Create Quotation (from Inquiry),2021-01-09T12:09:26+00:00,0005001327;0015000219,0.0, ,0.0,EUR, , , 
e1888,Create Quotation (from Inquiry),2021-01-09T12:10:28+00:00,0005001328;0015000220,0.0, ,0.0,EUR, , , 
e1889,Create Order (from Quotation),2021-01-09T12:10:41+00:00,0005001328;0005004505,0.0, ,5358.4,EUR, , , 
e1088,Create Goods Movement (from Order),2021-01-09T12:10:59+00:00,0005004505;4900000063,2.0,ST,1265.08,EUR,P-101,601, 
e1089,Create Goods Movement (from Delivery),2021-01-09T12:10:59+00:00,0087000646;4900000063,2.0,ST,1265.08,EUR,P-101,601, 
e1890,Create Invoice (from Order),2021-01-09T12:11:00+00:00,0005004505;0090040658,2.0,ST,5358.4,EUR, , ,L
e1891,Create Invoice (from Delivery),2021-01-09T12:11:00+00:00,0087000646;0090040658,2.0,ST,5358.4,EUR, , ,L
e1892,Create Quotation (from Inquiry),2021-01-09T12:11:09+00:00,0005001329;0015000221,0.0, ,0.0,EUR, , , 
e1893,Create Order (from Quotation),2021-01-09T12:11:46+00:00,0005001329;0005004506,0.0, ,5358.4,EUR, , , 
e3165,Create Goods Movement (from Order),2021-01-09T12:12:11+00:00,0005004506;4900000064,2.0,ST,1265.08,EUR,P-101,601, 
e3166,Create Goods Movement (from Delivery),2021-01-09T12:12:11+00:00,0087000647;4900000064,2.0,ST,1265.08,EUR,P-101,601, 
e1894,Create Invoice (from Order),2021-01-09T12:12:12+00:00,0005004506;0090040659,2.0,ST,5358.4,EUR, , ,L
e1895,Create Invoice (from Delivery),2021-01-09T12:12:12+00:00,0087000647;0090040659,2.0,ST,5358.4,EUR, , ,L
e1896,Create Quotation (from Inquiry),2021-01-09T12:12:21+00:00,0005001330;0015000222,0.0, ,0.0,EUR, , , 
e1897,Create Order (from Quotation),2021-01-09T12:12:27+00:00,0005001330;0005004507,0.0, ,5358.4,EUR, , , 
e3711,Create Goods Movement (from Order),2021-01-09T12:12:45+00:00,0005004507;4900000065,2.0,ST,1265.08,EUR,P-101,601, 
e3712,Create Goods Movement (from Delivery),2021-01-09T12:12:45+00:00,0087000648;4900000065,2.0,ST,1265.08,EUR,P-101,601, 
e3713,Create Invoice (from Order),2021-01-09T12:12:46+00:00,0005004507;0090040660,2.0,ST,5358.4,EUR, , ,L
e3714,Create Invoice (from Delivery),2021-01-09T12:12:46+00:00,0087000648;0090040660,2.0,ST,5358.4,EUR, , ,L
e3715,Create Quotation (from Inquiry),2021-01-09T12:14:07+00:00,0005001332;0015000224,0.0, ,0.0,EUR, , , 
e3716,Create Order (from Quotation),2021-01-09T12:14:11+00:00,0005001332;0005004508,0.0, ,5358.4,EUR, , , 
e884,Create Goods Movement (from Order),2021-01-09T12:14:30+00:00,0005004508;4900000066,2.0,ST,1265.08,EUR,P-101,601, 
e885,Create Goods Movement (from Delivery),2021-01-09T12:14:30+00:00,0087000649;4900000066,2.0,ST,1265.08,EUR,P-101,601, 
e1898,Create Invoice (from Order),2021-01-09T12:14:30+00:00,0005004508;0090040661,2.0,ST,5358.4,EUR, , ,L
e1899,Create Invoice (from Delivery),2021-01-09T12:14:30+00:00,0087000649;0090040661,2.0,ST,5358.4,EUR, , ,L
e1900,Create Quotation (from Inquiry),2021-01-09T12:14:39+00:00,0005001333;0015000225,0.0, ,0.0,EUR, , , 
e1901,Create Order (from Quotation),2021-01-09T12:15:12+00:00,0005001333;0005004509,0.0, ,5358.4,EUR, , , 
e3717,Create Goods Movement (from Order),2021-01-09T12:15:30+00:00,0005004509;4900000067,2.0,ST,1265.08,EUR,P-101,601, 
e3718,Create Goods Movement (from Delivery),2021-01-09T12:15:30+00:00,0087000650;4900000067,2.0,ST,1265.08,EUR,P-101,601, 
e3719,Create Invoice (from Order),2021-01-09T12:15:30+00:00,0005004509;0090040662,2.0,ST,5358.4,EUR, , ,L
e3720,Create Invoice (from Delivery),2021-01-09T12:15:30+00:00,0087000650;0090040662,2.0,ST,5358.4,EUR, , ,L
e3721,Create Quotation (from Inquiry),2021-01-09T12:15:39+00:00,0005001334;0015000226,0.0, ,0.0,EUR, , , 
e3722,Create Order (from Quotation),2021-01-09T12:15:52+00:00,0005001334;0005004510,0.0, ,5358.4,EUR, , , 
e3723,Create Goods Movement (from Order),2021-01-09T12:16:10+00:00,0005004510;4900000068,2.0,ST,1265.08,EUR,P-101,601, 
e3724,Create Goods Movement (from Delivery),2021-01-09T12:16:10+00:00,0087000651;4900000068,2.0,ST,1265.08,EUR,P-101,601, 
e3725,Create Invoice (from Order),2021-01-09T12:16:11+00:00,0005004510;0090040663,2.0,ST,5358.4,EUR, , ,L
e3726,Create Invoice (from Delivery),2021-01-09T12:16:11+00:00,0087000651;0090040663,2.0,ST,5358.4,EUR, , ,L
e3167,Create Quotation (from Inquiry),2021-01-09T12:16:19+00:00,0005001335;0015000227,0.0, ,0.0,EUR, , , 
e3168,Create Quotation (from Inquiry),2021-01-09T12:17:37+00:00,0005001336;0015000228,0.0, ,0.0,EUR, , , 
e3169,Create Order (from Quotation),2021-01-09T12:17:47+00:00,0005001336;0005004511,0.0, ,0.0,EUR, , , 
e3170,Create Quotation (from Inquiry),2021-01-09T12:18:10+00:00,0005001337;0015000229,0.0, ,0.0,EUR, , , 
e3171,Create Order (from Quotation),2021-01-09T12:18:59+00:00,0005001337;0005004512,0.0, ,5358.4,EUR, , , 
e3172,Create Goods Movement (from Order),2021-01-09T12:19:17+00:00,0005004512;4900000069,2.0,ST,1265.08,EUR,P-101,601, 
e3173,Create Goods Movement (from Delivery),2021-01-09T12:19:17+00:00,0087000653;4900000069,2.0,ST,1265.08,EUR,P-101,601, 
e3174,Create Invoice (from Order),2021-01-09T12:19:18+00:00,0005004512;0090040664,2.0,ST,5358.4,EUR, , ,L
e3175,Create Invoice (from Delivery),2021-01-09T12:19:18+00:00,0087000653;0090040664,2.0,ST,5358.4,EUR, , ,L
e3176,Create Quotation (from Inquiry),2021-01-09T12:19:27+00:00,0005001338;0015000230,0.0, ,0.0,EUR, , , 
e3177,Create Order (from Quotation),2021-01-09T12:19:37+00:00,0005001338;0005004513,0.0, ,5358.4,EUR, , , 
e680,Create Goods Movement (from Order),2021-01-09T12:19:55+00:00,0005004513;4900000070,2.0,ST,1265.08,EUR,P-101,601, 
e681,Create Goods Movement (from Delivery),2021-01-09T12:19:55+00:00,0087000654;4900000070,2.0,ST,1265.08,EUR,P-101,601, 
e3178,Create Invoice (from Order),2021-01-09T12:19:56+00:00,0005004513;0090040665,2.0,ST,5358.4,EUR, , ,L
e3179,Create Invoice (from Delivery),2021-01-09T12:19:56+00:00,0087000654;0090040665,2.0,ST,5358.4,EUR, , ,L
e1902,Create Quotation (from Inquiry),2021-01-09T12:20:05+00:00,0005001339;0015000231,0.0, ,0.0,EUR, , , 
e3180,Create Quotation (from Inquiry),2021-01-09T12:21:05+00:00,0005001340;0015000232,0.0, ,0.0,EUR, , , 
e3181,Create Order (from Quotation),2021-01-09T12:21:12+00:00,0005001340;0005004514,0.0, ,5358.4,EUR, , , 
e886,Create Goods Movement (from Order),2021-01-09T12:21:30+00:00,0005004514;4900000071,2.0,ST,1265.08,EUR,P-101,601, 
e887,Create Goods Movement (from Delivery),2021-01-09T12:21:30+00:00,0087000655;4900000071,2.0,ST,1265.08,EUR,P-101,601, 
e3182,Create Invoice (from Order),2021-01-09T12:21:31+00:00,0005004514;0090040666,2.0,ST,5358.4,EUR, , ,L
e3183,Create Invoice (from Delivery),2021-01-09T12:21:31+00:00,0087000655;0090040666,2.0,ST,5358.4,EUR, , ,L
e3184,Create Quotation (from Inquiry),2021-01-09T12:22:36+00:00,0005001342;0015000234,0.0, ,0.0,EUR, , , 
e3185,Create Order (from Quotation),2021-01-09T12:22:42+00:00,0005001342;0005004516,0.0, ,5358.4,EUR, , , 
e3186,Create Goods Movement (from Order),2021-01-09T12:23:00+00:00,0005004516;4900000072,2.0,ST,1265.08,EUR,P-101,601, 
e3187,Create Goods Movement (from Delivery),2021-01-09T12:23:00+00:00,0087000657;4900000072,2.0,ST,1265.08,EUR,P-101,601, 
e3188,Create Invoice (from Order),2021-01-09T12:23:01+00:00,0005004516;0090040667,2.0,ST,5358.4,EUR, , ,L
e3189,Create Invoice (from Delivery),2021-01-09T12:23:01+00:00,0087000657;0090040667,2.0,ST,5358.4,EUR, , ,L
e641,Create Quotation (from Inquiry),2021-01-09T12:23:10+00:00,0005001343;0015000235,0.0, ,0.0,EUR, , , 
e642,Create Quotation (from Inquiry),2021-01-09T12:24:13+00:00,0005001344;0015000236,0.0, ,0.0,EUR, , , 
e643,Create Order (from Quotation),2021-01-09T12:24:26+00:00,0005001344;0005004517,0.0, ,5358.4,EUR, , , 
e2858,Create Goods Movement (from Order),2021-01-09T12:24:44+00:00,0005004517;4900000073,2.0,ST,1265.08,EUR,P-101,601, 
e2859,Create Goods Movement (from Delivery),2021-01-09T12:24:44+00:00,0087000658;4900000073,2.0,ST,1265.08,EUR,P-101,601, 
e644,Create Invoice (from Order),2021-01-09T12:24:45+00:00,0005004517;0090040668,2.0,ST,5358.4,EUR, , ,L
e645,Create Invoice (from Delivery),2021-01-09T12:24:45+00:00,0087000658;0090040668,2.0,ST,5358.4,EUR, , ,L
e646,Create Quotation (from Inquiry),2021-01-09T12:24:54+00:00,0005001345;0015000237,0.0, ,0.0,EUR, , , 
e647,Create Order (from Quotation),2021-01-09T12:25:34+00:00,0005001345;0005004518,0.0, ,5358.4,EUR, , , 
e2407,Create Goods Movement (from Order),2021-01-09T12:25:52+00:00,0005004518;4900000074,2.0,ST,1265.08,EUR,P-101,601, 
e2408,Create Goods Movement (from Delivery),2021-01-09T12:25:52+00:00,0087000659;4900000074,2.0,ST,1265.08,EUR,P-101,601, 
e1903,Create Invoice (from Order),2021-01-09T12:25:53+00:00,0005004518;0090040669,2.0,ST,5358.4,EUR, , ,L
e1904,Create Invoice (from Delivery),2021-01-09T12:25:53+00:00,0087000659;0090040669,2.0,ST,5358.4,EUR, , ,L
e1905,Create Quotation (from Inquiry),2021-01-09T12:26:01+00:00,0005001346;0015000238,0.0, ,0.0,EUR, , , 
e1906,Create Order (from Quotation),2021-01-09T12:26:12+00:00,0005001346;0005004519,0.0, ,5358.4,EUR, , , 
e3072,Create Goods Movement (from Order),2021-01-09T12:26:30+00:00,0005004519;4900000075,2.0,ST,1265.08,EUR,P-101,601, 
e3073,Create Goods Movement (from Delivery),2021-01-09T12:26:30+00:00,0087000660;4900000075,2.0,ST,1265.08,EUR,P-101,601, 
e1907,Create Invoice (from Order),2021-01-09T12:26:31+00:00,0005004519;0090040670,2.0,ST,5358.4,EUR, , ,L
e1908,Create Invoice (from Delivery),2021-01-09T12:26:31+00:00,0087000660;0090040670,2.0,ST,5358.4,EUR, , ,L
e1909,Create Quotation (from Inquiry),2021-01-09T12:26:39+00:00,0005001347;0015000239,0.0, ,0.0,EUR, , , 
e1910,Create Quotation (from Inquiry),2021-01-09T12:27:41+00:00,0005001348;0015000240,0.0, ,0.0,EUR, , , 
e1911,Create Order (from Quotation),2021-01-09T12:27:55+00:00,0005001348;0005004520,0.0, ,0.0,EUR, , , 
e1912,Create Quotation (from Inquiry),2021-01-09T12:28:18+00:00,0005001349;0015000241,0.0, ,0.0,EUR, , , 
e1913,Create Order (from Quotation),2021-01-09T12:28:59+00:00,0005001349;0005004521,0.0, ,5358.4,EUR, , , 
e1303,Create Goods Movement (from Order),2021-01-09T12:29:18+00:00,0005004521;4900000076,2.0,ST,1265.08,EUR,P-101,601, 
e1304,Create Goods Movement (from Delivery),2021-01-09T12:29:18+00:00,0087000662;4900000076,2.0,ST,1265.08,EUR,P-101,601, 
e1914,Create Invoice (from Order),2021-01-09T12:29:19+00:00,0005004521;0090040671,2.0,ST,5358.4,EUR, , ,L
e1915,Create Invoice (from Delivery),2021-01-09T12:29:19+00:00,0087000662;0090040671,2.0,ST,5358.4,EUR, , ,L
e1916,Create Quotation (from Inquiry),2021-01-09T12:29:28+00:00,0005001350;0015000242,0.0, ,0.0,EUR, , , 
e1917,Create Order (from Quotation),2021-01-09T12:29:44+00:00,0005001350;0005004522,0.0, ,5358.4,EUR, , , 
e3074,Create Goods Movement (from Order),2021-01-09T12:30:02+00:00,0005004522;4900000077,2.0,ST,1265.08,EUR,P-101,601, 
e3075,Create Goods Movement (from Delivery),2021-01-09T12:30:02+00:00,0087000663;4900000077,2.0,ST,1265.08,EUR,P-101,601, 
e1918,Create Invoice (from Order),2021-01-09T12:30:03+00:00,0005004522;0090040672,2.0,ST,5358.4,EUR, , ,L
e2018,Create Invoice (from Delivery),2021-01-09T12:30:03+00:00,0087000663;0090040672,2.0,ST,5358.4,EUR, , ,L
e2019,Create Quotation (from Inquiry),2021-01-09T12:30:12+00:00,0005001351;0015000243,0.0, ,0.0,EUR, , , 
e648,Create Quotation (from Inquiry),2021-01-09T12:31:20+00:00,0005001352;0015000244,0.0, ,0.0,EUR, , , 
e2020,Create Order (from Quotation),2021-01-09T12:31:34+00:00,0005001352;0005004523,0.0, ,5358.4,EUR, , , 
e2021,Create Invoice (from Order),2021-01-09T12:31:53+00:00,0005004523;0090040673,2.0,ST,5358.4,EUR, , ,L
e2022,Create Invoice (from Delivery),2021-01-09T12:31:53+00:00,0087000664;0090040673,2.0,ST,5358.4,EUR, , ,L
e2282,Create Goods Movement (from Order),2021-01-09T12:31:53+00:00,0005004523;4900000078,2.0,ST,1265.08,EUR,P-101,601, 
e2283,Create Goods Movement (from Delivery),2021-01-09T12:31:53+00:00,0087000664;4900000078,2.0,ST,1265.08,EUR,P-101,601, 
e2023,Create Quotation (from Inquiry),2021-01-09T12:32:02+00:00,0005001353;0015000245,0.0, ,0.0,EUR, , , 
e2024,Create Order (from Quotation),2021-01-09T12:32:47+00:00,0005001353;0005004524,0.0, ,5358.4,EUR, , , 
e2025,Create Invoice (from Order),2021-01-09T12:33:05+00:00,0005004524;0090040674,2.0,ST,5358.4,EUR, , ,L
e2026,Create Invoice (from Delivery),2021-01-09T12:33:05+00:00,0087000665;0090040674,2.0,ST,5358.4,EUR, , ,L
e2860,Create Goods Movement (from Order),2021-01-09T12:33:05+00:00,0005004524;4900000079,2.0,ST,1265.08,EUR,P-101,601, 
e2861,Create Goods Movement (from Delivery),2021-01-09T12:33:05+00:00,0087000665;4900000079,2.0,ST,1265.08,EUR,P-101,601, 
e2027,Create Quotation (from Inquiry),2021-01-09T12:33:14+00:00,0005001354;0015000246,0.0, ,0.0,EUR, , , 
e2028,Create Order (from Quotation),2021-01-09T12:33:27+00:00,0005001354;0005004525,0.0, ,5358.4,EUR, , , 
e2991,Create Goods Movement (from Order),2021-01-09T12:33:46+00:00,0005004525;4900000080,2.0,ST,1265.08,EUR,P-101,601, 
e2992,Create Goods Movement (from Delivery),2021-01-09T12:33:46+00:00,0087000666;4900000080,2.0,ST,1265.08,EUR,P-101,601, 
e2029,Create Invoice (from Order),2021-01-09T12:33:47+00:00,0005004525;0090040675,2.0,ST,5358.4,EUR, , ,L
e2030,Create Invoice (from Delivery),2021-01-09T12:33:47+00:00,0087000666;0090040675,2.0,ST,5358.4,EUR, , ,L
e2031,Create Quotation (from Inquiry),2021-01-09T12:33:55+00:00,0005001355;0015000247,0.0, ,0.0,EUR, , , 
e2032,Create Quotation (from Inquiry),2021-01-09T12:34:59+00:00,0005001356;0015000248,0.0, ,0.0,EUR, , , 
e2033,Create Order (from Quotation),2021-01-09T12:35:04+00:00,0005001356;0005004526,0.0, ,5358.4,EUR, , , 
e2862,Create Goods Movement (from Order),2021-01-09T12:35:22+00:00,0005004526;4900000081,2.0,ST,1265.08,EUR,P-101,601, 
e2863,Create Goods Movement (from Delivery),2021-01-09T12:35:22+00:00,0087000667;4900000081,2.0,ST,1265.08,EUR,P-101,601, 
e2034,Create Invoice (from Order),2021-01-09T12:35:23+00:00,0005004526;0090040676,2.0,ST,5358.4,EUR, , ,L
e2035,Create Invoice (from Delivery),2021-01-09T12:35:23+00:00,0087000667;0090040676,2.0,ST,5358.4,EUR, , ,L
e2036,Create Quotation (from Inquiry),2021-01-09T12:35:31+00:00,0005001357;0015000249,0.0, ,0.0,EUR, , , 
e2037,Create Order (from Quotation),2021-01-09T12:36:18+00:00,0005001357;0005004527,0.0, ,5358.4,EUR, , , 
e649,Create Invoice (from Order),2021-01-09T12:36:36+00:00,0005004527;0090040677,2.0,ST,5358.4,EUR, , ,L
e650,Create Invoice (from Delivery),2021-01-09T12:36:36+00:00,0087000668;0090040677,2.0,ST,5358.4,EUR, , ,L
e2993,Create Goods Movement (from Order),2021-01-09T12:36:36+00:00,0005004527;4900000082,2.0,ST,1265.08,EUR,P-101,601, 
e2994,Create Goods Movement (from Delivery),2021-01-09T12:36:36+00:00,0087000668;4900000082,2.0,ST,1265.08,EUR,P-101,601, 
e2038,Create Quotation (from Inquiry),2021-01-09T12:36:45+00:00,0005001358;0015000250,0.0, ,0.0,EUR, , , 
e2039,Create Order (from Quotation),2021-01-09T12:36:57+00:00,0005001358;0005004528,0.0, ,5358.4,EUR, , , 
e2864,Create Goods Movement (from Order),2021-01-09T12:37:15+00:00,0005004528;4900000083,2.0,ST,1265.08,EUR,P-101,601, 
e2865,Create Goods Movement (from Delivery),2021-01-09T12:37:15+00:00,0087000669;4900000083,2.0,ST,1265.08,EUR,P-101,601, 
e2040,Create Invoice (from Order),2021-01-09T12:37:16+00:00,0005004528;0090040678,2.0,ST,5358.4,EUR, , ,L
e2041,Create Invoice (from Delivery),2021-01-09T12:37:16+00:00,0087000669;0090040678,2.0,ST,5358.4,EUR, , ,L
e2042,Create Quotation (from Inquiry),2021-01-09T12:37:24+00:00,0005001359;0015000251,0.0, ,0.0,EUR, , , 
e2043,Create Quotation (from Inquiry),2021-01-09T12:38:31+00:00,0005001360;0015000252,0.0, ,0.0,EUR, , , 
e2044,Create Order (from Quotation),2021-01-09T12:38:52+00:00,0005001360;0005004529,0.0, ,0.0,EUR, , , 
e2045,Create Quotation (from Inquiry),2021-01-09T12:40:48+00:00,0005001363;0015000255,0.0, ,0.0,EUR, , , 
e651,Create Quotation (from Inquiry),2021-01-09T12:41:53+00:00,0005001364;0015000256,0.0, ,0.0,EUR, , , 
e2088,Create Order (from Quotation),2021-01-09T12:42:12+00:00,0005001364;0005004532,0.0, ,5358.4,EUR, , , 
e2409,Create Goods Movement (from Order),2021-01-09T12:42:30+00:00,0005004532;4900000084,2.0,ST,1265.08,EUR,P-101,601, 
e2410,Create Goods Movement (from Delivery),2021-01-09T12:42:30+00:00,0087000673;4900000084,2.0,ST,1265.08,EUR,P-101,601, 
e2089,Create Invoice (from Order),2021-01-09T12:42:31+00:00,0005004532;0090040679,2.0,ST,5358.4,EUR, , ,L
e2090,Create Invoice (from Delivery),2021-01-09T12:42:31+00:00,0087000673;0090040679,2.0,ST,5358.4,EUR, , ,L
e2091,Create Quotation (from Inquiry),2021-01-09T12:42:45+00:00,0005001365;0015000257,0.0, ,0.0,EUR, , , 
e2092,Create Order (from Quotation),2021-01-09T12:43:17+00:00,0005001365;0005004533,0.0, ,5358.4,EUR, , , 
e2284,Create Goods Movement (from Order),2021-01-09T12:43:35+00:00,0005004533;4900000085,2.0,ST,1265.08,EUR,P-101,601, 
e2285,Create Goods Movement (from Delivery),2021-01-09T12:43:35+00:00,0087000674;4900000085,2.0,ST,1265.08,EUR,P-101,601, 
e2093,Create Invoice (from Order),2021-01-09T12:43:36+00:00,0005004533;0090040680,2.0,ST,5358.4,EUR, , ,L
e2094,Create Invoice (from Delivery),2021-01-09T12:43:36+00:00,0087000674;0090040680,2.0,ST,5358.4,EUR, , ,L
e2095,Create Quotation (from Inquiry),2021-01-09T12:43:44+00:00,0005001366;0015000258,0.0, ,0.0,EUR, , , 
e2096,Create Order (from Quotation),2021-01-09T12:44:05+00:00,0005001366;0005004534,0.0, ,5358.4,EUR, , , 
e3076,Create Goods Movement (from Order),2021-01-09T12:44:23+00:00,0005004534;4900000086,2.0,ST,1265.08,EUR,P-101,601, 
e3077,Create Goods Movement (from Delivery),2021-01-09T12:44:23+00:00,0087000675;4900000086,2.0,ST,1265.08,EUR,P-101,601, 
e2097,Create Invoice (from Order),2021-01-09T12:44:24+00:00,0005004534;0090040681,2.0,ST,5358.4,EUR, , ,L
e2098,Create Invoice (from Delivery),2021-01-09T12:44:24+00:00,0087000675;0090040681,2.0,ST,5358.4,EUR, , ,L
e652,Create Quotation (from Inquiry),2021-01-09T13:37:30+00:00,0005001367;0015000259,0.0, ,0.0,EUR, , , 
e286,Create Quotation (from Inquiry),2021-01-09T13:38:39+00:00,0005001368;0015000260,0.0, ,0.0,EUR, , , 
e287,Create Order (from Quotation),2021-01-09T13:38:55+00:00,0005001368;0005004535,0.0, ,5358.4,EUR, , , 
e2866,Create Goods Movement (from Order),2021-01-09T13:39:32+00:00,0005004535;4900000087,2.0,ST,1265.08,EUR,P-101,601, 
e2867,Create Goods Movement (from Delivery),2021-01-09T13:39:32+00:00,0087000676;4900000087,2.0,ST,1265.08,EUR,P-101,601, 
e288,Create Invoice (from Order),2021-01-09T13:39:37+00:00,0005004535;0090040682,2.0,ST,5358.4,EUR, , ,L
e289,Create Invoice (from Delivery),2021-01-09T13:39:37+00:00,0087000676;0090040682,2.0,ST,5358.4,EUR, , ,L
e290,Create Quotation (from Inquiry),2021-01-09T13:39:45+00:00,0005001369;0015000261,0.0, ,0.0,EUR, , , 
e291,Create Order (from Quotation),2021-01-09T13:40:23+00:00,0005001369;0005004536,0.0, ,5358.4,EUR, , , 
e2411,Create Goods Movement (from Order),2021-01-09T13:40:41+00:00,0005004536;4900000088,2.0,ST,1265.08,EUR,P-101,601, 
e2412,Create Goods Movement (from Delivery),2021-01-09T13:40:41+00:00,0087000677;4900000088,2.0,ST,1265.08,EUR,P-101,601, 
e292,Create Invoice (from Order),2021-01-09T13:40:42+00:00,0005004536;0090040683,2.0,ST,5358.4,EUR, , ,L
e293,Create Invoice (from Delivery),2021-01-09T13:40:42+00:00,0087000677;0090040683,2.0,ST,5358.4,EUR, , ,L
e294,Create Quotation (from Inquiry),2021-01-09T13:40:51+00:00,0005001370;0015000262,0.0, ,0.0,EUR, , , 
e295,Create Order (from Quotation),2021-01-09T13:40:58+00:00,0005001370;0005004537,0.0, ,5358.4,EUR, , , 
e3078,Create Goods Movement (from Order),2021-01-09T13:41:16+00:00,0005004537;4900000089,2.0,ST,1265.08,EUR,P-101,601, 
e3079,Create Goods Movement (from Delivery),2021-01-09T13:41:16+00:00,0087000678;4900000089,2.0,ST,1265.08,EUR,P-101,601, 
e296,Create Invoice (from Order),2021-01-09T13:41:17+00:00,0005004537;0090040684,2.0,ST,5358.4,EUR, , ,L
e297,Create Invoice (from Delivery),2021-01-09T13:41:17+00:00,0087000678;0090040684,2.0,ST,5358.4,EUR, , ,L
e298,Create Quotation (from Inquiry),2021-01-09T13:41:25+00:00,0005001371;0015000263,0.0, ,0.0,EUR, , , 
e389,Create Quotation (from Inquiry),2021-01-09T13:42:33+00:00,0005001372;0015000264,0.0, ,0.0,EUR, , , 
e653,Create Order (from Quotation),2021-01-09T13:42:41+00:00,0005001372;0005004538,0.0, ,5358.4,EUR, , , 
e1499,Create Goods Movement (from Order),2021-01-09T13:42:59+00:00,0005004538;4900000090,2.0,ST,1265.08,EUR,P-101,601, 
e1500,Create Goods Movement (from Delivery),2021-01-09T13:42:59+00:00,0087000679;4900000090,2.0,ST,1265.08,EUR,P-101,601, 
e862,Create Invoice (from Order),2021-01-09T13:43:00+00:00,0005004538;0090040685,2.0,ST,5358.4,EUR, , ,L
e863,Create Invoice (from Delivery),2021-01-09T13:43:00+00:00,0087000679;0090040685,2.0,ST,5358.4,EUR, , ,L
e864,Create Quotation (from Inquiry),2021-01-09T13:43:09+00:00,0005001373;0015000265,0.0, ,0.0,EUR, , , 
e865,Create Order (from Quotation),2021-01-09T13:43:48+00:00,0005001373;0005004539,0.0, ,5358.4,EUR, , , 
e2868,Create Goods Movement (from Order),2021-01-09T13:44:11+00:00,0005004539;4900000091,2.0,ST,1265.08,EUR,P-101,601, 
e2869,Create Goods Movement (from Delivery),2021-01-09T13:44:11+00:00,0087000680;4900000091,2.0,ST,1265.08,EUR,P-101,601, 
e866,Create Invoice (from Order),2021-01-09T13:44:12+00:00,0005004539;0090040686,2.0,ST,5358.4,EUR, , ,L
e867,Create Invoice (from Delivery),2021-01-09T13:44:12+00:00,0087000680;0090040686,2.0,ST,5358.4,EUR, , ,L
e868,Create Quotation (from Inquiry),2021-01-09T13:44:21+00:00,0005001374;0015000266,0.0, ,0.0,EUR, , , 
e869,Create Order (from Quotation),2021-01-09T13:44:28+00:00,0005001374;0005004540,0.0, ,5358.4,EUR, , , 
e2286,Create Goods Movement (from Order),2021-01-09T13:44:46+00:00,0005004540;4900000092,2.0,ST,1265.08,EUR,P-101,601, 
e2287,Create Goods Movement (from Delivery),2021-01-09T13:44:46+00:00,0087000681;4900000092,2.0,ST,1265.08,EUR,P-101,601, 
e913,Create Invoice (from Order),2021-01-09T13:44:47+00:00,0005004540;0090040687,2.0,ST,5358.4,EUR, , ,L
e914,Create Invoice (from Delivery),2021-01-09T13:44:47+00:00,0087000681;0090040687,2.0,ST,5358.4,EUR, , ,L
e915,Create Quotation (from Inquiry),2021-01-09T13:44:56+00:00,0005001375;0015000267,0.0, ,0.0,EUR, , , 
e654,Create Quotation (from Inquiry),2021-01-09T13:46:02+00:00,0005001376;0015000268,0.0, ,0.0,EUR, , , 
e655,Create Order (from Quotation),2021-01-09T13:46:17+00:00,0005001376;0005004541,0.0, ,5358.4,EUR, , , 
e1501,Create Goods Movement (from Order),2021-01-09T13:46:34+00:00,0005004541;4900000093,2.0,ST,1265.08,EUR,P-101,601, 
e1502,Create Goods Movement (from Delivery),2021-01-09T13:46:34+00:00,0087000682;4900000093,2.0,ST,1265.08,EUR,P-101,601, 
e656,Create Invoice (from Order),2021-01-09T13:46:35+00:00,0005004541;0090040688,2.0,ST,5358.4,EUR, , ,L
e657,Create Invoice (from Delivery),2021-01-09T13:46:35+00:00,0087000682;0090040688,2.0,ST,5358.4,EUR, , ,L
e658,Create Quotation (from Inquiry),2021-01-09T13:46:44+00:00,0005001377;0015000269,0.0, ,0.0,EUR, , , 
e659,Create Order (from Quotation),2021-01-09T13:47:31+00:00,0005001377;0005004542,0.0, ,5358.4,EUR, , , 
e300,Create Goods Movement (from Order),2021-01-09T13:47:50+00:00,0005004542;4900000094,2.0,ST,1265.08,EUR,P-101,601, 
e301,Create Goods Movement (from Delivery),2021-01-09T13:47:50+00:00,0087000683;4900000094,2.0,ST,1265.08,EUR,P-101,601, 
e660,Create Invoice (from Order),2021-01-09T13:47:51+00:00,0005004542;0090040689,2.0,ST,5358.4,EUR, , ,L
e661,Create Invoice (from Delivery),2021-01-09T13:47:51+00:00,0087000683;0090040689,2.0,ST,5358.4,EUR, , ,L
e662,Create Quotation (from Inquiry),2021-01-09T13:47:59+00:00,0005001378;0015000270,0.0, ,0.0,EUR, , , 
e663,Create Order (from Quotation),2021-01-09T13:48:17+00:00,0005001378;0005004543,0.0, ,5358.4,EUR, , , 
e2870,Create Goods Movement (from Order),2021-01-09T13:48:35+00:00,0005004543;4900000095,2.0,ST,1265.08,EUR,P-101,601, 
e2871,Create Goods Movement (from Delivery),2021-01-09T13:48:35+00:00,0087000684;4900000095,2.0,ST,1265.08,EUR,P-101,601, 
e664,Create Invoice (from Order),2021-01-09T13:48:36+00:00,0005004543;0090040690,2.0,ST,5358.4,EUR, , ,L
e665,Create Invoice (from Delivery),2021-01-09T13:48:36+00:00,0087000684;0090040690,2.0,ST,5358.4,EUR, , ,L
e916,Create Quotation (from Inquiry),2021-01-09T13:48:44+00:00,0005001379;0015000271,0.0, ,0.0,EUR, , , 
e917,Create Quotation (from Inquiry),2021-01-09T13:49:56+00:00,0005001380;0015000272,0.0, ,0.0,EUR, , , 
e918,Create Order (from Quotation),2021-01-09T13:50:06+00:00,0005001380;0005004544,0.0, ,0.0,EUR, , , 
e919,Create Quotation (from Inquiry),2021-01-09T13:50:30+00:00,0005001381;0015000273,0.0, ,0.0,EUR, , , 
e920,Create Order (from Quotation),2021-01-09T13:50:52+00:00,0005001381;0005004545,0.0, ,5358.4,EUR, , , 
e302,Create Goods Movement (from Order),2021-01-09T13:51:10+00:00,0005004545;4900000096,2.0,ST,1265.08,EUR,P-101,601, 
e303,Create Goods Movement (from Delivery),2021-01-09T13:51:10+00:00,0087000686;4900000096,2.0,ST,1265.08,EUR,P-101,601, 
e921,Create Invoice (from Order),2021-01-09T13:51:11+00:00,0005004545;0090040691,2.0,ST,5358.4,EUR, , ,L
e922,Create Invoice (from Delivery),2021-01-09T13:51:11+00:00,0087000686;0090040691,2.0,ST,5358.4,EUR, , ,L
e923,Create Quotation (from Inquiry),2021-01-09T13:51:21+00:00,0005001382;0015000274,0.0, ,0.0,EUR, , , 
e924,Create Order (from Quotation),2021-01-09T13:51:28+00:00,0005001382;0005004546,0.0, ,5358.4,EUR, , , 
e1503,Create Goods Movement (from Order),2021-01-09T13:51:47+00:00,0005004546;4900000097,2.0,ST,1265.08,EUR,P-101,601, 
e1504,Create Goods Movement (from Delivery),2021-01-09T13:51:47+00:00,0087000687;4900000097,2.0,ST,1265.08,EUR,P-101,601, 
e925,Create Invoice (from Order),2021-01-09T13:51:48+00:00,0005004546;0090040692,2.0,ST,5358.4,EUR, , ,L
e926,Create Invoice (from Delivery),2021-01-09T13:51:48+00:00,0087000687;0090040692,2.0,ST,5358.4,EUR, , ,L
e927,Create Quotation (from Inquiry),2021-01-09T13:51:57+00:00,0005001383;0015000275,0.0, ,0.0,EUR, , , 
e928,Create Quotation (from Inquiry),2021-01-09T13:53:10+00:00,0005001384;0015000276,0.0, ,0.0,EUR, , , 
e929,Create Order (from Quotation),2021-01-09T13:53:25+00:00,0005001384;0005004547,0.0, ,5358.4,EUR, , , 
e2872,Create Goods Movement (from Order),2021-01-09T13:53:43+00:00,0005004547;4900000098,2.0,ST,1265.08,EUR,P-101,601, 
e2873,Create Goods Movement (from Delivery),2021-01-09T13:53:43+00:00,0087000688;4900000098,2.0,ST,1265.08,EUR,P-101,601, 
e666,Create Invoice (from Order),2021-01-09T13:53:44+00:00,0005004547;0090040693,2.0,ST,5358.4,EUR, , ,L
e667,Create Invoice (from Delivery),2021-01-09T13:53:44+00:00,0087000688;0090040693,2.0,ST,5358.4,EUR, , ,L
e668,Create Quotation (from Inquiry),2021-01-09T13:53:52+00:00,0005001385;0015000277,0.0, ,0.0,EUR, , , 
e930,Create Order (from Quotation),2021-01-09T13:54:33+00:00,0005001385;0005004548,0.0, ,5358.4,EUR, , , 
e1305,Create Goods Movement (from Order),2021-01-09T13:54:51+00:00,0005004548;4900000099,2.0,ST,1265.08,EUR,P-101,601, 
e1306,Create Goods Movement (from Delivery),2021-01-09T13:54:51+00:00,0087000689;4900000099,2.0,ST,1265.08,EUR,P-101,601, 
e931,Create Invoice (from Order),2021-01-09T13:54:52+00:00,0005004548;0090040694,2.0,ST,5358.4,EUR, , ,L
e932,Create Invoice (from Delivery),2021-01-09T13:54:52+00:00,0087000689;0090040694,2.0,ST,5358.4,EUR, , ,L
e933,Create Quotation (from Inquiry),2021-01-09T13:55:01+00:00,0005001386;0015000278,0.0, ,0.0,EUR, , , 
e934,Create Order (from Quotation),2021-01-09T13:55:18+00:00,0005001386;0005004549,0.0, ,5358.4,EUR, , , 
e2995,Create Goods Movement (from Order),2021-01-09T13:55:36+00:00,0005004549;4900000100,2.0,ST,1265.08,EUR,P-101,601, 
e2996,Create Goods Movement (from Delivery),2021-01-09T13:55:36+00:00,0087000690;4900000100,2.0,ST,1265.08,EUR,P-101,601, 
e669,Create Invoice (from Order),2021-01-09T13:55:37+00:00,0005004549;0090040695,2.0,ST,5358.4,EUR, , ,L
e670,Create Invoice (from Delivery),2021-01-09T13:55:37+00:00,0087000690;0090040695,2.0,ST,5358.4,EUR, , ,L
e671,Create Quotation (from Inquiry),2021-01-09T13:55:45+00:00,0005001387;0015000279,0.0, ,0.0,EUR, , , 
e672,Create Quotation (from Inquiry),2021-01-09T13:56:53+00:00,0005001388;0015000280,0.0, ,0.0,EUR, , , 
e673,Create Order (from Quotation),2021-01-09T13:56:58+00:00,0005001388;0005004550,0.0, ,5358.4,EUR, , , 
e2288,Create Goods Movement (from Order),2021-01-09T13:57:16+00:00,0005004550;4900000101,2.0,ST,1265.08,EUR,P-101,601, 
e2289,Create Goods Movement (from Delivery),2021-01-09T13:57:16+00:00,0087000691;4900000101,2.0,ST,1265.08,EUR,P-101,601, 
e674,Create Invoice (from Order),2021-01-09T13:57:17+00:00,0005004550;0090040696,2.0,ST,5358.4,EUR, , ,L
e675,Create Invoice (from Delivery),2021-01-09T13:57:17+00:00,0087000691;0090040696,2.0,ST,5358.4,EUR, , ,L
e676,Create Quotation (from Inquiry),2021-01-09T13:57:30+00:00,0005001389;0015000281,0.0, ,0.0,EUR, , , 
e677,Create Order (from Quotation),2021-01-09T13:58:08+00:00,0005001389;0005004551,0.0, ,5358.4,EUR, , , 
e2413,Create Goods Movement (from Order),2021-01-09T13:58:26+00:00,0005004551;4900000102,2.0,ST,1265.08,EUR,P-101,601, 
e2414,Create Goods Movement (from Delivery),2021-01-09T13:58:26+00:00,0087000692;4900000102,2.0,ST,1265.08,EUR,P-101,601, 
e753,Create Invoice (from Order),2021-01-09T13:58:27+00:00,0005004551;0090040697,2.0,ST,5358.4,EUR, , ,L
e754,Create Invoice (from Delivery),2021-01-09T13:58:27+00:00,0087000692;0090040697,2.0,ST,5358.4,EUR, , ,L
e755,Create Quotation (from Inquiry),2021-01-09T13:58:35+00:00,0005001390;0015000282,0.0, ,0.0,EUR, , , 
e935,Create Order (from Quotation),2021-01-09T13:58:44+00:00,0005001390;0005004552,0.0, ,5358.4,EUR, , , 
e756,Create Invoice (from Order),2021-01-09T13:59:02+00:00,0005004552;0090040698,2.0,ST,5358.4,EUR, , ,L
e757,Create Invoice (from Delivery),2021-01-09T13:59:02+00:00,0087000693;0090040698,2.0,ST,5358.4,EUR, , ,L
e1035,Create Goods Movement (from Order),2021-01-09T13:59:02+00:00,0005004552;4900000103,2.0,ST,1265.08,EUR,P-101,601, 
e1036,Create Goods Movement (from Delivery),2021-01-09T13:59:02+00:00,0087000693;4900000103,2.0,ST,1265.08,EUR,P-101,601, 
e758,Create Quotation (from Inquiry),2021-01-09T14:02:08+00:00,0005001394;0015000286,0.0, ,0.0,EUR, , , 
e759,Create Order (from Quotation),2021-01-09T14:02:14+00:00,0005001394;0005004555,0.0, ,0.0,EUR, , , 
e598,Create Quotation (from Inquiry),2021-01-09T14:02:37+00:00,0005001395;0015000287,0.0, ,0.0,EUR, , , 
e599,Create Quotation (from Inquiry),2021-01-09T14:03:51+00:00,0005001396;0015000288,0.0, ,0.0,EUR, , , 
e600,Create Order (from Quotation),2021-01-09T14:03:59+00:00,0005001396;0005004556,0.0, ,5358.4,EUR, , , 
e1037,Create Goods Movement (from Order),2021-01-09T14:04:27+00:00,0005004556;4900000104,2.0,ST,1265.08,EUR,P-101,601, 
e1038,Create Goods Movement (from Delivery),2021-01-09T14:04:27+00:00,0087000697;4900000104,2.0,ST,1265.08,EUR,P-101,601, 
e601,Create Invoice (from Order),2021-01-09T14:04:28+00:00,0005004556;0090040699,2.0,ST,5358.4,EUR, , ,L
e602,Create Invoice (from Delivery),2021-01-09T14:04:28+00:00,0087000697;0090040699,2.0,ST,5358.4,EUR, , ,L
e603,Create Quotation (from Inquiry),2021-01-09T14:04:36+00:00,0005001397;0015000289,0.0, ,0.0,EUR, , , 
e604,Create Order (from Quotation),2021-01-09T14:05:14+00:00,0005001397;0005004557,0.0, ,5358.4,EUR, , , 
e760,Create Invoice (from Order),2021-01-09T14:05:32+00:00,0005004557;0090040700,2.0,ST,5358.4,EUR, , ,L
e761,Create Invoice (from Delivery),2021-01-09T14:05:32+00:00,0087000698;0090040700,2.0,ST,5358.4,EUR, , ,L
e2874,Create Goods Movement (from Order),2021-01-09T14:05:32+00:00,0005004557;4900000105,2.0,ST,1265.08,EUR,P-101,601, 
e2875,Create Goods Movement (from Delivery),2021-01-09T14:05:32+00:00,0087000698;4900000105,2.0,ST,1265.08,EUR,P-101,601, 
e762,Create Quotation (from Inquiry),2021-01-09T14:05:41+00:00,0005001398;0015000290,0.0, ,0.0,EUR, , , 
e763,Create Order (from Quotation),2021-01-09T14:05:52+00:00,0005001398;0005004558,0.0, ,5358.4,EUR, , , 
e2876,Create Goods Movement (from Order),2021-01-09T14:06:10+00:00,0005004558;4900000106,2.0,ST,1265.08,EUR,P-101,601, 
e2877,Create Goods Movement (from Delivery),2021-01-09T14:06:10+00:00,0087000699;4900000106,2.0,ST,1265.08,EUR,P-101,601, 
e764,Create Invoice (from Order),2021-01-09T14:06:11+00:00,0005004558;0090040701,2.0,ST,5358.4,EUR, , ,L
e765,Create Invoice (from Delivery),2021-01-09T14:06:11+00:00,0087000699;0090040701,2.0,ST,5358.4,EUR, , ,L
e766,Create Quotation (from Inquiry),2021-01-09T14:06:20+00:00,0005001399;0015000291,0.0, ,0.0,EUR, , , 
e767,Create Quotation (from Inquiry),2021-01-09T14:07:33+00:00,0005001400;0015000292,0.0, ,0.0,EUR, , , 
e768,Create Order (from Quotation),2021-01-09T14:07:35+00:00,0005001400;0005004559,0.0, ,5358.4,EUR, , , 
e2290,Create Goods Movement (from Order),2021-01-09T14:07:53+00:00,0005004559;4900000107,2.0,ST,1265.08,EUR,P-101,601, 
e2291,Create Goods Movement (from Delivery),2021-01-09T14:07:53+00:00,0087000700;4900000107,2.0,ST,1265.08,EUR,P-101,601, 
e769,Create Invoice (from Order),2021-01-09T14:07:54+00:00,0005004559;0090040702,2.0,ST,5358.4,EUR, , ,L
e770,Create Invoice (from Delivery),2021-01-09T14:07:54+00:00,0087000700;0090040702,2.0,ST,5358.4,EUR, , ,L
e605,Create Quotation (from Inquiry),2021-01-09T14:08:03+00:00,0005001401;0015000293,0.0, ,0.0,EUR, , , 
e606,Create Order (from Quotation),2021-01-09T14:08:38+00:00,0005001401;0005004560,0.0, ,5358.4,EUR, , , 
e2997,Create Goods Movement (from Order),2021-01-09T14:08:56+00:00,0005004560;4900000108,2.0,ST,1265.08,EUR,P-101,601, 
e2998,Create Goods Movement (from Delivery),2021-01-09T14:08:56+00:00,0087000701;4900000108,2.0,ST,1265.08,EUR,P-101,601, 
e607,Create Invoice (from Order),2021-01-09T14:08:57+00:00,0005004560;0090040703,2.0,ST,5358.4,EUR, , ,L
e608,Create Invoice (from Delivery),2021-01-09T14:08:57+00:00,0087000701;0090040703,2.0,ST,5358.4,EUR, , ,L
e609,Create Quotation (from Inquiry),2021-01-09T14:09:06+00:00,0005001402;0015000294,0.0, ,0.0,EUR, , , 
e610,Create Order (from Quotation),2021-01-09T14:09:08+00:00,0005001402;0005004561,0.0, ,5358.4,EUR, , , 
e1090,Create Goods Movement (from Order),2021-01-09T14:09:33+00:00,0005004561;4900000109,2.0,ST,1265.08,EUR,P-101,601, 
e1091,Create Goods Movement (from Delivery),2021-01-09T14:09:33+00:00,0087000702;4900000109,2.0,ST,1265.08,EUR,P-101,601, 
e611,Create Invoice (from Order),2021-01-09T14:09:34+00:00,0005004561;0090040704,2.0,ST,5358.4,EUR, , ,L
e612,Create Invoice (from Delivery),2021-01-09T14:09:34+00:00,0087000702;0090040704,2.0,ST,5358.4,EUR, , ,L
e613,Create Quotation (from Inquiry),2021-01-09T14:09:43+00:00,0005001403;0015000295,0.0, ,0.0,EUR, , , 
e771,Create Quotation (from Inquiry),2021-01-09T14:10:55+00:00,0005001404;0015000296,0.0, ,0.0,EUR, , , 
e772,Create Order (from Quotation),2021-01-09T14:11:13+00:00,0005001404;0005004562,0.0, ,5358.4,EUR, , , 
e325,Create Goods Movement (from Order),2021-01-09T14:11:31+00:00,0005004562;4900000110,2.0,ST,1265.08,EUR,P-101,601, 
e326,Create Goods Movement (from Delivery),2021-01-09T14:11:31+00:00,0087000703;4900000110,2.0,ST,1265.08,EUR,P-101,601, 
e773,Create Invoice (from Order),2021-01-09T14:11:32+00:00,0005004562;0090040705,2.0,ST,5358.4,EUR, , ,L
e774,Create Invoice (from Delivery),2021-01-09T14:11:32+00:00,0087000703;0090040705,2.0,ST,5358.4,EUR, , ,L
e775,Create Quotation (from Inquiry),2021-01-09T14:11:41+00:00,0005001405;0015000297,0.0, ,0.0,EUR, , , 
e776,Create Order (from Quotation),2021-01-09T14:12:19+00:00,0005001405;0005004563,0.0, ,0.0,EUR, , , 
e811,Create Quotation (from Inquiry),2021-01-09T14:12:43+00:00,0005001406;0015000298,0.0, ,0.0,EUR, , , 
e812,Create Order (from Quotation),2021-01-09T14:12:52+00:00,0005001406;0005004564,0.0, ,5358.4,EUR, , , 
e2415,Create Goods Movement (from Order),2021-01-09T14:13:11+00:00,0005004564;4900000111,2.0,ST,1265.08,EUR,P-101,601, 
e2416,Create Goods Movement (from Delivery),2021-01-09T14:13:11+00:00,0087000705;4900000111,2.0,ST,1265.08,EUR,P-101,601, 
e813,Create Invoice (from Order),2021-01-09T14:13:12+00:00,0005004564;0090040706,2.0,ST,5358.4,EUR, , ,L
e814,Create Invoice (from Delivery),2021-01-09T14:13:12+00:00,0087000705;0090040706,2.0,ST,5358.4,EUR, , ,L
e815,Create Quotation (from Inquiry),2021-01-09T14:13:20+00:00,0005001407;0015000299,0.0, ,0.0,EUR, , , 
e816,Create Quotation (from Inquiry),2021-01-09T14:14:28+00:00,0005001408;0015000300,0.0, ,0.0,EUR, , , 
e614,Create Order (from Quotation),2021-01-09T14:14:47+00:00,0005001408;0005004565,0.0, ,5358.4,EUR, , , 
e2878,Create Goods Movement (from Order),2021-01-09T14:15:05+00:00,0005004565;4900000112,2.0,ST,1265.08,EUR,P-101,601, 
e2879,Create Goods Movement (from Delivery),2021-01-09T14:15:05+00:00,0087000706;4900000112,2.0,ST,1265.08,EUR,P-101,601, 
e682,Create Invoice (from Order),2021-01-09T14:15:06+00:00,0005004565;0090040707,2.0,ST,5358.4,EUR, , ,L
e683,Create Invoice (from Delivery),2021-01-09T14:15:06+00:00,0087000706;0090040707,2.0,ST,5358.4,EUR, , ,L
e684,Create Quotation (from Inquiry),2021-01-09T14:15:15+00:00,0005001409;0015000301,0.0, ,0.0,EUR, , , 
e817,Create Order (from Quotation),2021-01-09T14:16:06+00:00,0005001409;0005004566,0.0, ,5358.4,EUR, , , 
e2292,Create Goods Movement (from Order),2021-01-09T14:16:25+00:00,0005004566;4900000113,2.0,ST,1265.08,EUR,P-101,601, 
e2293,Create Goods Movement (from Delivery),2021-01-09T14:16:25+00:00,0087000707;4900000113,2.0,ST,1265.08,EUR,P-101,601, 
e818,Create Invoice (from Order),2021-01-09T14:16:26+00:00,0005004566;0090040708,2.0,ST,5358.4,EUR, , ,L
e819,Create Invoice (from Delivery),2021-01-09T14:16:26+00:00,0087000707;0090040708,2.0,ST,5358.4,EUR, , ,L
e820,Create Quotation (from Inquiry),2021-01-09T14:16:34+00:00,0005001410;0015000302,0.0, ,0.0,EUR, , , 
e821,Create Order (from Quotation),2021-01-09T14:16:40+00:00,0005001410;0005004567,0.0, ,5358.4,EUR, , , 
e2294,Create Goods Movement (from Order),2021-01-09T14:16:57+00:00,0005004567;4900000114,2.0,ST,1265.08,EUR,P-101,601, 
e2295,Create Goods Movement (from Delivery),2021-01-09T14:16:57+00:00,0087000708;4900000114,2.0,ST,1265.08,EUR,P-101,601, 
e822,Create Invoice (from Order),2021-01-09T14:16:58+00:00,0005004567;0090040709,2.0,ST,5358.4,EUR, , ,L
e823,Create Invoice (from Delivery),2021-01-09T14:16:58+00:00,0087000708;0090040709,2.0,ST,5358.4,EUR, , ,L
e824,Create Quotation (from Inquiry),2021-01-09T14:17:07+00:00,0005001411;0015000303,0.0, ,0.0,EUR, , , 
e825,Create Quotation (from Inquiry),2021-01-09T14:18:22+00:00,0005001412;0015000304,0.0, ,0.0,EUR, , , 
e826,Create Order (from Quotation),2021-01-09T14:18:31+00:00,0005001412;0005004568,0.0, ,5358.4,EUR, , , 
e327,Create Goods Movement (from Order),2021-01-09T14:18:49+00:00,0005004568;4900000115,2.0,ST,1265.08,EUR,P-101,601, 
e328,Create Goods Movement (from Delivery),2021-01-09T14:18:49+00:00,0087000709;4900000115,2.0,ST,1265.08,EUR,P-101,601, 
e827,Create Invoice (from Order),2021-01-09T14:18:50+00:00,0005004568;0090040710,2.0,ST,5358.4,EUR, , ,L
e828,Create Invoice (from Delivery),2021-01-09T14:18:50+00:00,0087000709;0090040710,2.0,ST,5358.4,EUR, , ,L
e829,Create Quotation (from Inquiry),2021-01-09T14:18:59+00:00,0005001413;0015000305,0.0, ,0.0,EUR, , , 
e830,Create Order (from Quotation),2021-01-09T14:19:32+00:00,0005001413;0005004569,0.0, ,5358.4,EUR, , , 
e329,Create Goods Movement (from Order),2021-01-09T14:19:53+00:00,0005004569;4900000116,2.0,ST,1265.08,EUR,P-101,601, 
e330,Create Goods Movement (from Delivery),2021-01-09T14:19:53+00:00,0087000710;4900000116,2.0,ST,1265.08,EUR,P-101,601, 
e831,Create Invoice (from Order),2021-01-09T14:19:54+00:00,0005004569;0090040711,2.0,ST,5358.4,EUR, , ,L
e832,Create Invoice (from Delivery),2021-01-09T14:19:54+00:00,0087000710;0090040711,2.0,ST,5358.4,EUR, , ,L
e685,Create Quotation (from Inquiry),2021-01-09T14:20:03+00:00,0005001414;0015000306,0.0, ,0.0,EUR, , , 
e686,Create Order (from Quotation),2021-01-09T14:20:14+00:00,0005001414;0005004570,0.0, ,5358.4,EUR, , , 
e1307,Create Goods Movement (from Order),2021-01-09T14:20:31+00:00,0005004570;4900000117,2.0,ST,1265.08,EUR,P-101,601, 
e1308,Create Goods Movement (from Delivery),2021-01-09T14:20:31+00:00,0087000711;4900000117,2.0,ST,1265.08,EUR,P-101,601, 
e687,Create Invoice (from Order),2021-01-09T14:20:32+00:00,0005004570;0090040712,2.0,ST,5358.4,EUR, , ,L
e688,Create Invoice (from Delivery),2021-01-09T14:20:32+00:00,0087000711;0090040712,2.0,ST,5358.4,EUR, , ,L
e689,Create Quotation (from Inquiry),2021-01-09T14:20:41+00:00,0005001415;0015000307,0.0, ,0.0,EUR, , , 
e690,Create Quotation (from Inquiry),2021-01-09T14:21:54+00:00,0005001416;0015000308,0.0, ,0.0,EUR, , , 
e691,Create Order (from Quotation),2021-01-09T14:22:01+00:00,0005001416;0005004571,0.0, ,5358.4,EUR, , , 
e2417,Create Goods Movement (from Order),2021-01-09T14:22:19+00:00,0005004571;4900000118,2.0,ST,1265.08,EUR,P-101,601, 
e2418,Create Goods Movement (from Delivery),2021-01-09T14:22:19+00:00,0087000712;4900000118,2.0,ST,1265.08,EUR,P-101,601, 
e692,Create Invoice (from Order),2021-01-09T14:22:20+00:00,0005004571;0090040713,2.0,ST,5358.4,EUR, , ,L
e693,Create Invoice (from Delivery),2021-01-09T14:22:20+00:00,0087000712;0090040713,2.0,ST,5358.4,EUR, , ,L
e694,Create Quotation (from Inquiry),2021-01-09T14:22:29+00:00,0005001417;0015000309,0.0, ,0.0,EUR, , , 
e695,Create Order (from Quotation),2021-01-09T14:23:07+00:00,0005001417;0005004572,0.0, ,0.0,EUR, , , 
e696,Create Quotation (from Inquiry),2021-01-09T14:23:31+00:00,0005001418;0015000310,0.0, ,0.0,EUR, , , 
e697,Create Order (from Quotation),2021-01-09T14:23:46+00:00,0005001418;0005004573,0.0, ,5358.4,EUR, , , 
e2296,Create Goods Movement (from Order),2021-01-09T14:24:04+00:00,0005004573;4900000119,2.0,ST,1265.08,EUR,P-101,601, 
e2297,Create Goods Movement (from Delivery),2021-01-09T14:24:04+00:00,0087000714;4900000119,2.0,ST,1265.08,EUR,P-101,601, 
e698,Create Invoice (from Order),2021-01-09T14:24:05+00:00,0005004573;0090040714,2.0,ST,5358.4,EUR, , ,L
e699,Create Invoice (from Delivery),2021-01-09T14:24:05+00:00,0087000714;0090040714,2.0,ST,5358.4,EUR, , ,L
e700,Create Quotation (from Inquiry),2021-01-09T14:24:14+00:00,0005001419;0015000311,0.0, ,0.0,EUR, , , 
e833,Create Quotation (from Inquiry),2021-01-09T14:25:32+00:00,0005001420;0015000312,0.0, ,0.0,EUR, , , 
e701,Create Order (from Quotation),2021-01-09T14:25:59+00:00,0005001420;0005004574,0.0, ,5358.4,EUR, , , 
e1505,Create Goods Movement (from Order),2021-01-09T14:26:17+00:00,0005004574;4900000120,2.0,ST,1265.08,EUR,P-101,601, 
e1506,Create Goods Movement (from Delivery),2021-01-09T14:26:17+00:00,0087000715;4900000120,2.0,ST,1265.08,EUR,P-101,601, 
e702,Create Invoice (from Order),2021-01-09T14:26:18+00:00,0005004574;0090040715,2.0,ST,5358.4,EUR, , ,L
e703,Create Invoice (from Delivery),2021-01-09T14:26:18+00:00,0087000715;0090040715,2.0,ST,5358.4,EUR, , ,L
e704,Create Quotation (from Inquiry),2021-01-09T14:27:24+00:00,0005001422;0015000314,0.0, ,0.0,EUR, , , 
e705,Create Order (from Quotation),2021-01-09T14:27:42+00:00,0005001422;0005004576,0.0, ,5358.4,EUR, , , 
e3080,Create Goods Movement (from Order),2021-01-09T14:28:00+00:00,0005004576;4900000121,2.0,ST,1265.08,EUR,P-101,601, 
e3081,Create Goods Movement (from Delivery),2021-01-09T14:28:00+00:00,0087000717;4900000121,2.0,ST,1265.08,EUR,P-101,601, 
e706,Create Invoice (from Order),2021-01-09T14:28:01+00:00,0005004576;0090040716,2.0,ST,5358.4,EUR, , ,L
e707,Create Invoice (from Delivery),2021-01-09T14:28:01+00:00,0087000717;0090040716,2.0,ST,5358.4,EUR, , ,L
e708,Create Quotation (from Inquiry),2021-01-09T14:28:09+00:00,0005001423;0015000315,0.0, ,0.0,EUR, , , 
e709,Create Quotation (from Inquiry),2021-01-09T14:29:20+00:00,0005001424;0015000316,0.0, ,0.0,EUR, , , 
e710,Create Order (from Quotation),2021-01-09T14:29:36+00:00,0005001424;0005004577,0.0, ,5358.4,EUR, , , 
e1092,Create Goods Movement (from Order),2021-01-09T14:29:56+00:00,0005004577;4900000122,2.0,ST,1265.08,EUR,P-101,601, 
e1093,Create Goods Movement (from Delivery),2021-01-09T14:29:56+00:00,0087000718;4900000122,2.0,ST,1265.08,EUR,P-101,601, 
e834,Create Invoice (from Order),2021-01-09T14:29:57+00:00,0005004577;0090040717,2.0,ST,5358.4,EUR, , ,L
e835,Create Invoice (from Delivery),2021-01-09T14:29:57+00:00,0087000718;0090040717,2.0,ST,5358.4,EUR, , ,L
e836,Create Quotation (from Inquiry),2021-01-09T14:30:06+00:00,0005001425;0015000317,0.0, ,0.0,EUR, , , 
e837,Create Order (from Quotation),2021-01-09T14:30:46+00:00,0005001425;0005004578,0.0, ,5358.4,EUR, , , 
e304,Create Goods Movement (from Order),2021-01-09T14:31:05+00:00,0005004578;4900000123,2.0,ST,1265.08,EUR,P-101,601, 
e305,Create Goods Movement (from Delivery),2021-01-09T14:31:05+00:00,0087000719;4900000123,2.0,ST,1265.08,EUR,P-101,601, 
e1605,Create Invoice (from Order),2021-01-09T14:31:05+00:00,0005004578;0090040718,2.0,ST,5358.4,EUR, , ,L
e1606,Create Invoice (from Delivery),2021-01-09T14:31:05+00:00,0087000719;0090040718,2.0,ST,5358.4,EUR, , ,L
e1607,Create Quotation (from Inquiry),2021-01-09T14:31:14+00:00,0005001426;0015000318,0.0, ,0.0,EUR, , , 
e1608,Create Order (from Quotation),2021-01-09T14:31:30+00:00,0005001426;0005004579,0.0, ,5358.4,EUR, , , 
e1507,Create Goods Movement (from Order),2021-01-09T14:31:48+00:00,0005004579;4900000124,2.0,ST,1265.08,EUR,P-101,601, 
e1508,Create Goods Movement (from Delivery),2021-01-09T14:31:48+00:00,0087000720;4900000124,2.0,ST,1265.08,EUR,P-101,601, 
e1609,Create Invoice (from Order),2021-01-09T14:31:49+00:00,0005004579;0090040719,2.0,ST,5358.4,EUR, , ,L
e1610,Create Invoice (from Delivery),2021-01-09T14:31:49+00:00,0087000720;0090040719,2.0,ST,5358.4,EUR, , ,L
e1611,Create Quotation (from Inquiry),2021-01-09T14:31:57+00:00,0005001427;0015000319,0.0, ,0.0,EUR, , , 
e1612,Create Quotation (from Inquiry),2021-01-09T14:33:11+00:00,0005001428;0015000320,0.0, ,0.0,EUR, , , 
e1613,Create Order (from Quotation),2021-01-09T14:33:24+00:00,0005001428;0005004580,0.0, ,0.0,EUR, , , 
e1614,Create Quotation (from Inquiry),2021-01-09T14:33:48+00:00,0005001429;0015000321,0.0, ,0.0,EUR, , , 
e1615,Create Order (from Quotation),2021-01-09T14:34:22+00:00,0005001429;0005004581,0.0, ,5358.4,EUR, , , 
e2880,Create Goods Movement (from Order),2021-01-09T14:34:40+00:00,0005004581;4900000125,2.0,ST,1265.08,EUR,P-101,601, 
e2881,Create Goods Movement (from Delivery),2021-01-09T14:34:40+00:00,0087000722;4900000125,2.0,ST,1265.08,EUR,P-101,601, 
e1616,Create Invoice (from Order),2021-01-09T14:34:41+00:00,0005004581;0090040720,2.0,ST,5358.4,EUR, , ,L
e1617,Create Invoice (from Delivery),2021-01-09T14:34:41+00:00,0087000722;0090040720,2.0,ST,5358.4,EUR, , ,L
e1618,Create Quotation (from Inquiry),2021-01-09T14:34:49+00:00,0005001430;0015000322,0.0, ,0.0,EUR, , , 
e1619,Create Order (from Quotation),2021-01-09T14:35:04+00:00,0005001430;0005004582,0.0, ,5358.4,EUR, , , 
e306,Create Goods Movement (from Order),2021-01-09T14:35:22+00:00,0005004582;4900000126,2.0,ST,1265.08,EUR,P-101,601, 
e307,Create Goods Movement (from Delivery),2021-01-09T14:35:22+00:00,0087000723;4900000126,2.0,ST,1265.08,EUR,P-101,601, 
e838,Create Invoice (from Order),2021-01-09T14:35:23+00:00,0005004582;0090040721,2.0,ST,5358.4,EUR, , ,L
e839,Create Invoice (from Delivery),2021-01-09T14:35:23+00:00,0087000723;0090040721,2.0,ST,5358.4,EUR, , ,L
e840,Create Quotation (from Inquiry),2021-01-09T14:35:31+00:00,0005001431;0015000323,0.0, ,0.0,EUR, , , 
e841,Create Quotation (from Inquiry),2021-01-09T14:36:42+00:00,0005001432;0015000324,0.0, ,0.0,EUR, , , 
e1620,Create Order (from Quotation),2021-01-09T14:36:51+00:00,0005001432;0005004583,0.0, ,5358.4,EUR, , , 
e1116,Create Goods Movement (from Order),2021-01-09T14:37:10+00:00,0005004583;4900000127,2.0,ST,1265.08,EUR,P-101,601, 
e1117,Create Goods Movement (from Delivery),2021-01-09T14:37:10+00:00,0087000724;4900000127,2.0,ST,1265.08,EUR,P-101,601, 
e1621,Create Invoice (from Order),2021-01-09T14:37:10+00:00,0005004583;0090040722,2.0,ST,5358.4,EUR, , ,L
e1622,Create Invoice (from Delivery),2021-01-09T14:37:10+00:00,0087000724;0090040722,2.0,ST,5358.4,EUR, , ,L
e1623,Create Quotation (from Inquiry),2021-01-09T14:37:19+00:00,0005001433;0015000325,0.0, ,0.0,EUR, , , 
e1624,Create Order (from Quotation),2021-01-09T14:38:06+00:00,0005001433;0005004584,0.0, ,5358.4,EUR, , , 
e2999,Create Goods Movement (from Order),2021-01-09T14:38:24+00:00,0005004584;4900000128,2.0,ST,1265.08,EUR,P-101,601, 
e3000,Create Goods Movement (from Delivery),2021-01-09T14:38:24+00:00,0087000725;4900000128,2.0,ST,1265.08,EUR,P-101,601, 
e1625,Create Invoice (from Order),2021-01-09T14:38:25+00:00,0005004584;0090040723,2.0,ST,5358.4,EUR, , ,L
e1626,Create Invoice (from Delivery),2021-01-09T14:38:25+00:00,0087000725;0090040723,2.0,ST,5358.4,EUR, , ,L
e1627,Create Quotation (from Inquiry),2021-01-09T14:38:34+00:00,0005001434;0015000326,0.0, ,0.0,EUR, , , 
e1628,Create Order (from Quotation),2021-01-09T14:38:42+00:00,0005001434;0005004585,0.0, ,5358.4,EUR, , , 
e1118,Create Goods Movement (from Order),2021-01-09T14:39:00+00:00,0005004585;4900000129,2.0,ST,1265.08,EUR,P-101,601, 
e1119,Create Goods Movement (from Delivery),2021-01-09T14:39:00+00:00,0087000726;4900000129,2.0,ST,1265.08,EUR,P-101,601, 
e1629,Create Invoice (from Order),2021-01-09T14:39:01+00:00,0005004585;0090040724,2.0,ST,5358.4,EUR, , ,L
e1686,Create Invoice (from Delivery),2021-01-09T14:39:01+00:00,0087000726;0090040724,2.0,ST,5358.4,EUR, , ,L
e1687,Create Quotation (from Inquiry),2021-01-09T14:39:10+00:00,0005001435;0015000327,0.0, ,0.0,EUR, , , 
e1688,Create Quotation (from Inquiry),2021-01-09T14:40:17+00:00,0005001436;0015000328,0.0, ,0.0,EUR, , , 
e1689,Create Order (from Quotation),2021-01-09T14:40:19+00:00,0005001436;0005004586,0.0, ,5358.4,EUR, , , 
e2419,Create Goods Movement (from Order),2021-01-09T14:40:36+00:00,0005004586;4900000130,2.0,ST,1265.08,EUR,P-101,601, 
e2420,Create Goods Movement (from Delivery),2021-01-09T14:40:36+00:00,0087000727;4900000130,2.0,ST,1265.08,EUR,P-101,601, 
e842,Create Invoice (from Order),2021-01-09T14:40:37+00:00,0005004586;0090040725,2.0,ST,5358.4,EUR, , ,L
e843,Create Invoice (from Delivery),2021-01-09T14:40:37+00:00,0087000727;0090040725,2.0,ST,5358.4,EUR, , ,L
e844,Create Quotation (from Inquiry),2021-01-09T14:40:46+00:00,0005001437;0015000329,0.0, ,0.0,EUR, , , 
e845,Create Order (from Quotation),2021-01-09T14:41:30+00:00,0005001437;0005004587,0.0, ,5358.4,EUR, , , 
e1120,Create Goods Movement (from Order),2021-01-09T14:41:48+00:00,0005004587;4900000131,2.0,ST,1265.08,EUR,P-101,601, 
e1121,Create Goods Movement (from Delivery),2021-01-09T14:41:48+00:00,0087000728;4900000131,2.0,ST,1265.08,EUR,P-101,601, 
e846,Create Invoice (from Order),2021-01-09T14:41:49+00:00,0005004587;0090040726,2.0,ST,5358.4,EUR, , ,L
e847,Create Invoice (from Delivery),2021-01-09T14:41:49+00:00,0087000728;0090040726,2.0,ST,5358.4,EUR, , ,L
e848,Create Quotation (from Inquiry),2021-01-09T14:41:58+00:00,0005001438;0015000330,0.0, ,0.0,EUR, , , 
e849,Create Order (from Quotation),2021-01-09T14:42:11+00:00,0005001438;0005004588,0.0, ,5358.4,EUR, , , 
e2882,Create Goods Movement (from Order),2021-01-09T14:42:29+00:00,0005004588;4900000132,2.0,ST,1265.08,EUR,P-101,601, 
e2883,Create Goods Movement (from Delivery),2021-01-09T14:42:29+00:00,0087000729;4900000132,2.0,ST,1265.08,EUR,P-101,601, 
e1690,Create Invoice (from Order),2021-01-09T14:42:30+00:00,0005004588;0090040727,2.0,ST,5358.4,EUR, , ,L
e1691,Create Invoice (from Delivery),2021-01-09T14:42:30+00:00,0087000729;0090040727,2.0,ST,5358.4,EUR, , ,L
e1692,Create Quotation (from Inquiry),2021-01-09T14:42:39+00:00,0005001439;0015000331,0.0, ,0.0,EUR, , , 
e1693,Create Quotation (from Inquiry),2021-01-09T14:43:37+00:00,0005001440;0015000332,0.0, ,0.0,EUR, , , 
e1694,Create Order (from Quotation),2021-01-09T14:43:58+00:00,0005001440;0005004589,0.0, ,0.0,EUR, , , 
e1695,Create Quotation (from Inquiry),2021-01-09T14:44:23+00:00,0005001441;0015000333,0.0, ,0.0,EUR, , , 
e1696,Create Order (from Quotation),2021-01-09T14:45:03+00:00,0005001441;0005004590,0.0, ,5358.4,EUR, , , 
e331,Create Goods Movement (from Order),2021-01-09T14:45:23+00:00,0005004590;4900000133,2.0,ST,1265.08,EUR,P-101,601, 
e332,Create Goods Movement (from Delivery),2021-01-09T14:45:23+00:00,0087000731;4900000133,2.0,ST,1265.08,EUR,P-101,601, 
e1697,Create Invoice (from Order),2021-01-09T14:45:24+00:00,0005004590;0090040728,2.0,ST,5358.4,EUR, , ,L
e1698,Create Invoice (from Delivery),2021-01-09T14:45:24+00:00,0087000731;0090040728,2.0,ST,5358.4,EUR, , ,L
e1699,Create Quotation (from Inquiry),2021-01-09T14:45:33+00:00,0005001442;0015000334,0.0, ,0.0,EUR, , , 
e1700,Create Order (from Quotation),2021-01-09T14:45:52+00:00,0005001442;0005004591,0.0, ,5358.4,EUR, , , 
e1309,Create Goods Movement (from Order),2021-01-09T14:46:10+00:00,0005004591;4900000134,2.0,ST,1265.08,EUR,P-101,601, 
e1310,Create Goods Movement (from Delivery),2021-01-09T14:46:10+00:00,0087000732;4900000134,2.0,ST,1265.08,EUR,P-101,601, 
e1701,Create Invoice (from Order),2021-01-09T14:46:11+00:00,0005004591;0090040729,2.0,ST,5358.4,EUR, , ,L
e1702,Create Invoice (from Delivery),2021-01-09T14:46:11+00:00,0087000732;0090040729,2.0,ST,5358.4,EUR, , ,L
e1703,Create Quotation (from Inquiry),2021-01-09T14:46:20+00:00,0005001443;0015000335,0.0, ,0.0,EUR, , , 
e888,Create Quotation (from Inquiry),2021-01-09T14:47:27+00:00,0005001444;0015000336,0.0, ,0.0,EUR, , , 
e889,Create Order (from Quotation),2021-01-09T14:47:43+00:00,0005001444;0005004592,0.0, ,5358.4,EUR, , , 
e1122,Create Goods Movement (from Order),2021-01-09T14:48:02+00:00,0005004592;4900000135,2.0,ST,1265.08,EUR,P-101,601, 
e1123,Create Goods Movement (from Delivery),2021-01-09T14:48:02+00:00,0087000733;4900000135,2.0,ST,1265.08,EUR,P-101,601, 
e1704,Create Invoice (from Order),2021-01-09T14:48:03+00:00,0005004592;0090040730,2.0,ST,5358.4,EUR, , ,L
e1705,Create Invoice (from Delivery),2021-01-09T14:48:03+00:00,0087000733;0090040730,2.0,ST,5358.4,EUR, , ,L
e1706,Create Quotation (from Inquiry),2021-01-09T14:48:11+00:00,0005001445;0015000337,0.0, ,0.0,EUR, , , 
e1707,Create Order (from Quotation),2021-01-09T14:48:46+00:00,0005001445;0005004593,0.0, ,5358.4,EUR, , , 
e1509,Create Goods Movement (from Order),2021-01-09T14:49:04+00:00,0005004593;4900000136,2.0,ST,1265.08,EUR,P-101,601, 
e1510,Create Goods Movement (from Delivery),2021-01-09T14:49:04+00:00,0087000734;4900000136,2.0,ST,1265.08,EUR,P-101,601, 
e1708,Create Invoice (from Order),2021-01-09T14:49:05+00:00,0005004593;0090040731,2.0,ST,5358.4,EUR, , ,L
e1709,Create Invoice (from Delivery),2021-01-09T14:49:05+00:00,0087000734;0090040731,2.0,ST,5358.4,EUR, , ,L
e1710,Create Quotation (from Inquiry),2021-01-09T14:49:14+00:00,0005001446;0015000338,0.0, ,0.0,EUR, , , 
e1711,Create Order (from Quotation),2021-01-09T14:49:28+00:00,0005001446;0005004594,0.0, ,5358.4,EUR, , , 
e2298,Create Goods Movement (from Order),2021-01-09T14:49:46+00:00,0005004594;4900000137,2.0,ST,1265.08,EUR,P-101,601, 
e2299,Create Goods Movement (from Delivery),2021-01-09T14:49:46+00:00,0087000735;4900000137,2.0,ST,1265.08,EUR,P-101,601, 
e1712,Create Invoice (from Order),2021-01-09T14:49:47+00:00,0005004594;0090040732,2.0,ST,5358.4,EUR, , ,L
e1713,Create Invoice (from Delivery),2021-01-09T14:49:47+00:00,0087000735;0090040732,2.0,ST,5358.4,EUR, , ,L
e1714,Create Quotation (from Inquiry),2021-01-09T14:49:56+00:00,0005001447;0015000339,0.0, ,0.0,EUR, , , 
e890,Create Quotation (from Inquiry),2021-01-09T14:51:08+00:00,0005001448;0015000340,0.0, ,0.0,EUR, , , 
e891,Create Order (from Quotation),2021-01-09T14:51:28+00:00,0005001448;0005004595,0.0, ,5358.4,EUR, , , 
e1511,Create Goods Movement (from Order),2021-01-09T14:51:46+00:00,0005004595;4900000138,2.0,ST,1265.08,EUR,P-101,601, 
e1512,Create Goods Movement (from Delivery),2021-01-09T14:51:46+00:00,0087000736;4900000138,2.0,ST,1265.08,EUR,P-101,601, 
e892,Create Invoice (from Order),2021-01-09T14:51:47+00:00,0005004595;0090040733,2.0,ST,5358.4,EUR, , ,L
e893,Create Invoice (from Delivery),2021-01-09T14:51:47+00:00,0087000736;0090040733,2.0,ST,5358.4,EUR, , ,L
e894,Create Quotation (from Inquiry),2021-01-09T14:51:56+00:00,0005001449;0015000341,0.0, ,0.0,EUR, , , 
e895,Create Order (from Quotation),2021-01-09T14:52:26+00:00,0005001449;0005004596,0.0, ,5358.4,EUR, , , 
e3001,Create Goods Movement (from Order),2021-01-09T14:52:44+00:00,0005004596;4900000139,2.0,ST,1265.08,EUR,P-101,601, 
e3002,Create Goods Movement (from Delivery),2021-01-09T14:52:44+00:00,0087000737;4900000139,2.0,ST,1265.08,EUR,P-101,601, 
e896,Create Invoice (from Order),2021-01-09T14:52:45+00:00,0005004596;0090040734,2.0,ST,5358.4,EUR, , ,L
e897,Create Invoice (from Delivery),2021-01-09T14:52:45+00:00,0087000737;0090040734,2.0,ST,5358.4,EUR, , ,L
e898,Create Quotation (from Inquiry),2021-01-09T14:52:54+00:00,0005001450;0015000342,0.0, ,0.0,EUR, , , 
e1715,Create Order (from Quotation),2021-01-09T14:53:12+00:00,0005001450;0005004597,0.0, ,5358.4,EUR, , , 
e333,Create Goods Movement (from Order),2021-01-09T14:53:30+00:00,0005004597;4900000140,2.0,ST,1265.08,EUR,P-101,601, 
e334,Create Goods Movement (from Delivery),2021-01-09T14:53:30+00:00,0087000738;4900000140,2.0,ST,1265.08,EUR,P-101,601, 
e1716,Create Invoice (from Order),2021-01-09T14:53:31+00:00,0005004597;0090040735,2.0,ST,5358.4,EUR, , ,L
e1717,Create Invoice (from Delivery),2021-01-09T14:53:31+00:00,0087000738;0090040735,2.0,ST,5358.4,EUR, , ,L
e1718,Create Quotation (from Inquiry),2021-01-09T14:53:40+00:00,0005001451;0015000343,0.0, ,0.0,EUR, , , 
e1719,Create Quotation (from Inquiry),2021-01-09T14:54:52+00:00,0005001452;0015000344,0.0, ,0.0,EUR, , , 
e1720,Create Order (from Quotation),2021-01-09T14:55:02+00:00,0005001452;0005004598,0.0, ,0.0,EUR, , , 
e899,Create Quotation (from Inquiry),2021-01-09T14:55:33+00:00,0005001453;0015000345,0.0, ,0.0,EUR, , , 
e900,Create Order (from Quotation),2021-01-09T14:56:08+00:00,0005001453;0005004599,0.0, ,5358.4,EUR, , , 
e2300,Create Goods Movement (from Order),2021-01-09T14:56:26+00:00,0005004599;4900000141,2.0,ST,1265.08,EUR,P-101,601, 
e2301,Create Goods Movement (from Delivery),2021-01-09T14:56:26+00:00,0087000740;4900000141,2.0,ST,1265.08,EUR,P-101,601, 
e901,Create Invoice (from Order),2021-01-09T14:56:27+00:00,0005004599;0090040736,2.0,ST,5358.4,EUR, , ,L
e902,Create Invoice (from Delivery),2021-01-09T14:56:27+00:00,0087000740;0090040736,2.0,ST,5358.4,EUR, , ,L
e903,Create Quotation (from Inquiry),2021-01-09T14:56:36+00:00,0005001454;0015000346,0.0, ,0.0,EUR, , , 
e904,Create Order (from Quotation),2021-01-09T14:56:43+00:00,0005001454;0005004600,0.0, ,5358.4,EUR, , , 
e1124,Create Goods Movement (from Order),2021-01-09T14:57:01+00:00,0005004600;4900000142,2.0,ST,1265.08,EUR,P-101,601, 
e1125,Create Goods Movement (from Delivery),2021-01-09T14:57:01+00:00,0087000741;4900000142,2.0,ST,1265.08,EUR,P-101,601, 
e905,Create Invoice (from Order),2021-01-09T14:57:02+00:00,0005004600;0090040737,2.0,ST,5358.4,EUR, , ,L
e906,Create Invoice (from Delivery),2021-01-09T14:57:02+00:00,0087000741;0090040737,2.0,ST,5358.4,EUR, , ,L
e907,Create Quotation (from Inquiry),2021-01-09T14:57:11+00:00,0005001455;0015000347,0.0, ,0.0,EUR, , , 
e908,Create Quotation (from Inquiry),2021-01-09T14:58:27+00:00,0005001456;0015000348,0.0, ,0.0,EUR, , , 
e909,Create Order (from Quotation),2021-01-09T14:58:32+00:00,0005001456;0005004601,0.0, ,5358.4,EUR, , , 
e3082,Create Goods Movement (from Order),2021-01-09T14:58:51+00:00,0005004601;4900000143,2.0,ST,1265.08,EUR,P-101,601, 
e3083,Create Goods Movement (from Delivery),2021-01-09T14:58:51+00:00,0087000742;4900000143,2.0,ST,1265.08,EUR,P-101,601, 
e1721,Create Invoice (from Order),2021-01-09T14:58:52+00:00,0005004601;0090040738,2.0,ST,5358.4,EUR, , ,L
e1722,Create Invoice (from Delivery),2021-01-09T14:58:52+00:00,0087000742;0090040738,2.0,ST,5358.4,EUR, , ,L
e1723,Create Quotation (from Inquiry),2021-01-09T14:59:00+00:00,0005001457;0015000349,0.0, ,0.0,EUR, , , 
e1822,Create Order (from Quotation),2021-01-09T14:59:35+00:00,0005001457;0005004602,0.0, ,5358.4,EUR, , , 
e2884,Create Goods Movement (from Order),2021-01-09T14:59:53+00:00,0005004602;4900000144,2.0,ST,1265.08,EUR,P-101,601, 
e2885,Create Goods Movement (from Delivery),2021-01-09T14:59:53+00:00,0087000743;4900000144,2.0,ST,1265.08,EUR,P-101,601, 
e1823,Create Invoice (from Order),2021-01-09T14:59:54+00:00,0005004602;0090040739,2.0,ST,5358.4,EUR, , ,L
e1824,Create Invoice (from Delivery),2021-01-09T14:59:54+00:00,0087000743;0090040739,2.0,ST,5358.4,EUR, , ,L
e1825,Create Quotation (from Inquiry),2021-01-09T15:00:03+00:00,0005001458;0015000350,0.0, ,0.0,EUR, , , 
e1826,Create Order (from Quotation),2021-01-09T15:00:18+00:00,0005001458;0005004603,0.0, ,5358.4,EUR, , , 
e1311,Create Goods Movement (from Order),2021-01-09T15:00:42+00:00,0005004603;4900000145,2.0,ST,1265.08,EUR,P-101,601, 
e1312,Create Goods Movement (from Delivery),2021-01-09T15:00:42+00:00,0087000744;4900000145,2.0,ST,1265.08,EUR,P-101,601, 
e1827,Create Invoice (from Order),2021-01-09T15:00:43+00:00,0005004603;0090040740,2.0,ST,5358.4,EUR, , ,L
e1828,Create Invoice (from Delivery),2021-01-09T15:00:43+00:00,0087000744;0090040740,2.0,ST,5358.4,EUR, , ,L
e1829,Create Quotation (from Inquiry),2021-01-09T15:00:51+00:00,0005001459;0015000351,0.0, ,0.0,EUR, , , 
e1830,Create Quotation (from Inquiry),2021-01-09T15:02:00+00:00,0005001460;0015000352,0.0, ,0.0,EUR, , , 
e1831,Create Order (from Quotation),2021-01-09T15:02:19+00:00,0005001460;0005004604,0.0, ,5358.4,EUR, , , 
e1313,Create Goods Movement (from Order),2021-01-09T15:02:37+00:00,0005004604;4900000146,2.0,ST,1265.08,EUR,P-101,601, 
e1314,Create Goods Movement (from Delivery),2021-01-09T15:02:37+00:00,0087000745;4900000146,2.0,ST,1265.08,EUR,P-101,601, 
e1832,Create Invoice (from Order),2021-01-09T15:02:38+00:00,0005004604;0090040741,2.0,ST,5358.4,EUR, , ,L
e1833,Create Invoice (from Delivery),2021-01-09T15:02:38+00:00,0087000745;0090040741,2.0,ST,5358.4,EUR, , ,L
e1834,Create Quotation (from Inquiry),2021-01-09T15:02:46+00:00,0005001461;0015000353,0.0, ,0.0,EUR, , , 
e1835,Create Order (from Quotation),2021-01-09T15:03:31+00:00,0005001461;0005004605,0.0, ,5358.4,EUR, , , 
e2886,Create Goods Movement (from Order),2021-01-09T15:03:49+00:00,0005004605;4900000147,2.0,ST,1265.08,EUR,P-101,601, 
e2887,Create Goods Movement (from Delivery),2021-01-09T15:03:49+00:00,0087000746;4900000147,2.0,ST,1265.08,EUR,P-101,601, 
e910,Create Invoice (from Order),2021-01-09T15:03:50+00:00,0005004605;0090040742,2.0,ST,5358.4,EUR, , ,L
e911,Create Invoice (from Delivery),2021-01-09T15:03:50+00:00,0087000746;0090040742,2.0,ST,5358.4,EUR, , ,L
e1836,Create Quotation (from Inquiry),2021-01-09T15:03:58+00:00,0005001462;0015000354,0.0, ,0.0,EUR, , , 
e1837,Create Order (from Quotation),2021-01-09T15:04:13+00:00,0005001462;0005004606,0.0, ,5358.4,EUR, , , 
e335,Create Goods Movement (from Order),2021-01-09T15:04:32+00:00,0005004606;4900000148,2.0,ST,1265.08,EUR,P-101,601, 
e336,Create Goods Movement (from Delivery),2021-01-09T15:04:32+00:00,0087000747;4900000148,2.0,ST,1265.08,EUR,P-101,601, 
e1838,Create Invoice (from Order),2021-01-09T15:04:33+00:00,0005004606;0090040743,2.0,ST,5358.4,EUR, , ,L
e1839,Create Invoice (from Delivery),2021-01-09T15:04:33+00:00,0087000747;0090040743,2.0,ST,5358.4,EUR, , ,L
e1840,Create Quotation (from Inquiry),2021-01-09T15:04:42+00:00,0005001463;0015000355,0.0, ,0.0,EUR, , , 
e1841,Create Quotation (from Inquiry),2021-01-09T15:05:37+00:00,0005001464;0015000356,0.0, ,0.0,EUR, , , 
e1842,Create Order (from Quotation),2021-01-09T15:05:47+00:00,0005001464;0005004607,0.0, ,0.0,EUR, , , 
e1843,Create Quotation (from Inquiry),2021-01-09T15:06:10+00:00,0005001465;0015000357,0.0, ,0.0,EUR, , , 
e1844,Create Order (from Quotation),2021-01-09T15:06:54+00:00,0005001465;0005004608,0.0, ,5358.4,EUR, , , 
e3084,Create Goods Movement (from Order),2021-01-09T15:07:12+00:00,0005004608;4900000149,2.0,ST,1265.08,EUR,P-101,601, 
e3085,Create Goods Movement (from Delivery),2021-01-09T15:07:12+00:00,0087000749;4900000149,2.0,ST,1265.08,EUR,P-101,601, 
e1845,Create Invoice (from Order),2021-01-09T15:07:13+00:00,0005004608;0090040744,2.0,ST,5358.4,EUR, , ,L
e1846,Create Invoice (from Delivery),2021-01-09T15:07:13+00:00,0087000749;0090040744,2.0,ST,5358.4,EUR, , ,L
e1847,Create Quotation (from Inquiry),2021-01-09T15:07:21+00:00,0005001466;0015000358,0.0, ,0.0,EUR, , , 
e1848,Create Order (from Quotation),2021-01-09T15:07:37+00:00,0005001466;0005004609,0.0, ,5358.4,EUR, , , 
e337,Create Goods Movement (from Order),2021-01-09T15:07:55+00:00,0005004609;4900000150,2.0,ST,1265.08,EUR,P-101,601, 
e338,Create Goods Movement (from Delivery),2021-01-09T15:07:55+00:00,0087000750;4900000150,2.0,ST,1265.08,EUR,P-101,601, 
e1849,Create Invoice (from Order),2021-01-09T15:07:55+00:00,0005004609;0090040745,2.0,ST,5358.4,EUR, , ,L
e1850,Create Invoice (from Delivery),2021-01-09T15:07:55+00:00,0087000750;0090040745,2.0,ST,5358.4,EUR, , ,L
e1126,Create Goods Movement (from Order),2021-01-10T00:47:51+00:00,0005004610;4900000151,1.0,ST,632.54,EUR,P-101,601, 
e1127,Create Goods Movement (from Order),2021-01-10T00:47:51+00:00,0005004610;0100751000,0.0,ST,0.0,EUR,P-100, , 
e1128,Create Goods Movement (from Delivery),2021-01-10T00:47:51+00:00,0087000751;4900000151,1.0,ST,632.54,EUR,P-101,601, 
e1129,Create Goods Movement (from Delivery),2021-01-10T00:47:51+00:00,0087000751;0100751000,0.0,ST,0.0,EUR,P-100, , 
e912,Create Invoice (from Order),2021-01-10T00:47:55+00:00,0005004610;0090040746,1.0,ST,2679.2,EUR, , ,L
e978,Create Invoice (from Order),2021-01-10T00:47:55+00:00,0005004610;0090040746,0.0,ST,0.0,EUR, , ,L
e979,Create Invoice (from Delivery),2021-01-10T00:47:55+00:00,0087000751;0090040746,1.0,ST,2679.2,EUR, , ,L
e980,Create Invoice (from Delivery),2021-01-10T00:47:55+00:00,0087000751;0090040746,0.0,ST,0.0,EUR, , ,L
e1315,Create Goods Movement (from Order),2021-01-10T00:48:19+00:00,0005004611;4900000152,1.0,ST,632.54,EUR,P-101,601, 
e1316,Create Goods Movement (from Order),2021-01-10T00:48:19+00:00,0005004611;0100752000,0.0,ST,0.0,EUR,P-100, , 
e1317,Create Goods Movement (from Delivery),2021-01-10T00:48:19+00:00,0087000752;4900000152,1.0,ST,632.54,EUR,P-101,601, 
e1318,Create Goods Movement (from Delivery),2021-01-10T00:48:19+00:00,0087000752;0100752000,0.0,ST,0.0,EUR,P-100, , 
e981,Create Invoice (from Order),2021-01-10T00:48:20+00:00,0005004611;0090040747,1.0,ST,2679.2,EUR, , ,L
e982,Create Invoice (from Order),2021-01-10T00:48:20+00:00,0005004611;0090040747,0.0,ST,0.0,EUR, , ,L
e983,Create Invoice (from Delivery),2021-01-10T00:48:20+00:00,0087000752;0090040747,1.0,ST,2679.2,EUR, , ,L
e984,Create Invoice (from Delivery),2021-01-10T00:48:20+00:00,0087000752;0090040747,0.0,ST,0.0,EUR, , ,L
e308,Create Goods Movement (from Order),2021-01-10T00:50:15+00:00,0005004612;4900000153,1.0,ST,632.54,EUR,P-101,601, 
e309,Create Goods Movement (from Order),2021-01-10T00:50:15+00:00,0005004612;0100753000,0.0,ST,0.0,EUR,P-100, , 
e310,Create Goods Movement (from Delivery),2021-01-10T00:50:15+00:00,0087000753;4900000153,1.0,ST,632.54,EUR,P-101,601, 
e311,Create Goods Movement (from Delivery),2021-01-10T00:50:15+00:00,0087000753;0100753000,0.0,ST,0.0,EUR,P-100, , 
e985,Create Invoice (from Order),2021-01-10T00:50:18+00:00,0005004612;0090040748,1.0,ST,2679.2,EUR, , ,L
e986,Create Invoice (from Order),2021-01-10T00:50:18+00:00,0005004612;0090040748,0.0,ST,0.0,EUR, , ,L
e987,Create Invoice (from Delivery),2021-01-10T00:50:18+00:00,0087000753;0090040748,1.0,ST,2679.2,EUR, , ,L
e988,Create Invoice (from Delivery),2021-01-10T00:50:18+00:00,0087000753;0090040748,0.0,ST,0.0,EUR, , ,L
e1513,Create Goods Movement (from Order),2021-01-10T00:51:27+00:00,0005004613;4900000154,2.0,ST,1265.08,EUR,P-101,601, 
e1514,Create Goods Movement (from Order),2021-01-10T00:51:27+00:00,0005004613;0100754000,0.0,ST,0.0,EUR,P-100, , 
e1515,Create Goods Movement (from Delivery),2021-01-10T00:51:27+00:00,0087000754;4900000154,2.0,ST,1265.08,EUR,P-101,601, 
e1516,Create Goods Movement (from Delivery),2021-01-10T00:51:27+00:00,0087000754;0100754000,0.0,ST,0.0,EUR,P-100, , 
e1851,Create Invoice (from Order),2021-01-10T00:51:28+00:00,0005004613;0090040749,2.0,ST,5358.4,EUR, , ,L
e1852,Create Invoice (from Order),2021-01-10T00:51:28+00:00,0005004613;0090040749,0.0,ST,0.0,EUR, , ,L
e1853,Create Invoice (from Delivery),2021-01-10T00:51:28+00:00,0087000754;0090040749,2.0,ST,5358.4,EUR, , ,L
e1854,Create Invoice (from Delivery),2021-01-10T00:51:28+00:00,0087000754;0090040749,0.0,ST,0.0,EUR, , ,L
e1517,Create Goods Movement (from Order),2021-01-10T00:52:51+00:00,0005004614;4900000155,1.0,ST,632.54,EUR,P-101,601, 
e1518,Create Goods Movement (from Order),2021-01-10T00:52:51+00:00,0005004614;0100755000,0.0,ST,0.0,EUR,P-100, , 
e1519,Create Goods Movement (from Delivery),2021-01-10T00:52:51+00:00,0087000755;4900000155,1.0,ST,632.54,EUR,P-101,601, 
e1520,Create Goods Movement (from Delivery),2021-01-10T00:52:51+00:00,0087000755;0100755000,0.0,ST,0.0,EUR,P-100, , 
e1855,Create Invoice (from Order),2021-01-10T00:52:54+00:00,0005004614;0090040750,1.0,ST,2679.2,EUR, , ,L
e1856,Create Invoice (from Order),2021-01-10T00:52:54+00:00,0005004614;0090040750,0.0,ST,0.0,EUR, , ,L
e1857,Create Invoice (from Delivery),2021-01-10T00:52:54+00:00,0087000755;0090040750,1.0,ST,2679.2,EUR, , ,L
e1952,Create Invoice (from Delivery),2021-01-10T00:52:54+00:00,0087000755;0090040750,0.0,ST,0.0,EUR, , ,L
e1130,Create Goods Movement (from Order),2021-01-10T00:53:19+00:00,0005004615;4900000156,1.0,ST,632.54,EUR,P-101,601, 
e1131,Create Goods Movement (from Order),2021-01-10T00:53:19+00:00,0005004615;0100756000,0.0,ST,0.0,EUR,P-100, , 
e1132,Create Goods Movement (from Delivery),2021-01-10T00:53:19+00:00,0087000756;4900000156,1.0,ST,632.54,EUR,P-101,601, 
e1133,Create Goods Movement (from Delivery),2021-01-10T00:53:19+00:00,0087000756;0100756000,0.0,ST,0.0,EUR,P-100, , 
e1953,Create Invoice (from Order),2021-01-10T00:53:20+00:00,0005004615;0090040751,1.0,ST,2679.2,EUR, , ,L
e1954,Create Invoice (from Order),2021-01-10T00:53:20+00:00,0005004615;0090040751,0.0,ST,0.0,EUR, , ,L
e1955,Create Invoice (from Delivery),2021-01-10T00:53:20+00:00,0087000756;0090040751,1.0,ST,2679.2,EUR, , ,L
e1956,Create Invoice (from Delivery),2021-01-10T00:53:20+00:00,0087000756;0090040751,0.0,ST,0.0,EUR, , ,L
e1319,Create Goods Movement (from Order),2021-01-10T00:53:45+00:00,0005004616;4900000157,1.0,ST,632.54,EUR,P-101,601, 
e1320,Create Goods Movement (from Order),2021-01-10T00:53:45+00:00,0005004616;0100757000,0.0,ST,0.0,EUR,P-100, , 
e1321,Create Goods Movement (from Delivery),2021-01-10T00:53:45+00:00,0087000757;4900000157,1.0,ST,632.54,EUR,P-101,601, 
e1322,Create Goods Movement (from Delivery),2021-01-10T00:53:45+00:00,0087000757;0100757000,0.0,ST,0.0,EUR,P-100, , 
e1957,Create Invoice (from Order),2021-01-10T00:53:46+00:00,0005004616;0090040752,1.0,ST,2679.2,EUR, , ,L
e1958,Create Invoice (from Order),2021-01-10T00:53:46+00:00,0005004616;0090040752,0.0,ST,0.0,EUR, , ,L
e1959,Create Invoice (from Delivery),2021-01-10T00:53:46+00:00,0087000757;0090040752,1.0,ST,2679.2,EUR, , ,L
e1960,Create Invoice (from Delivery),2021-01-10T00:53:46+00:00,0087000757;0090040752,0.0,ST,0.0,EUR, , ,L
e2421,Create Goods Movement (from Order),2021-01-10T00:55:47+00:00,0005004617;4900000158,2.0,ST,1265.08,EUR,P-101,601, 
e2422,Create Goods Movement (from Order),2021-01-10T00:55:47+00:00,0005004617;0100758000,0.0,ST,0.0,EUR,P-100, , 
e2423,Create Goods Movement (from Delivery),2021-01-10T00:55:47+00:00,0087000758;4900000158,2.0,ST,1265.08,EUR,P-101,601, 
e2424,Create Goods Movement (from Delivery),2021-01-10T00:55:47+00:00,0087000758;0100758000,0.0,ST,0.0,EUR,P-100, , 
e989,Create Invoice (from Order),2021-01-10T00:55:48+00:00,0005004617;0090040753,2.0,ST,5411.98,EUR, , ,L
e990,Create Invoice (from Order),2021-01-10T00:55:48+00:00,0005004617;0090040753,0.0,ST,0.0,EUR, , ,L
e991,Create Invoice (from Delivery),2021-01-10T00:55:48+00:00,0087000758;0090040753,2.0,ST,5411.98,EUR, , ,L
e992,Create Invoice (from Delivery),2021-01-10T00:55:48+00:00,0087000758;0090040753,0.0,ST,0.0,EUR, , ,L
e1134,Create Goods Movement (from Order),2021-01-10T00:56:13+00:00,0005004618;4900000159,1.0,ST,632.54,EUR,P-101,601, 
e1135,Create Goods Movement (from Order),2021-01-10T00:56:13+00:00,0005004618;0100759000,0.0,ST,0.0,EUR,P-100, , 
e1136,Create Goods Movement (from Delivery),2021-01-10T00:56:13+00:00,0087000759;4900000159,1.0,ST,632.54,EUR,P-101,601, 
e1137,Create Goods Movement (from Delivery),2021-01-10T00:56:13+00:00,0087000759;0100759000,0.0,ST,0.0,EUR,P-100, , 
e993,Create Invoice (from Order),2021-01-10T00:56:14+00:00,0005004618;0090040754,1.0,ST,2679.2,EUR, , ,L
e994,Create Invoice (from Order),2021-01-10T00:56:14+00:00,0005004618;0090040754,0.0,ST,0.0,EUR, , ,L
e995,Create Invoice (from Delivery),2021-01-10T00:56:14+00:00,0087000759;0090040754,1.0,ST,2679.2,EUR, , ,L
e996,Create Invoice (from Delivery),2021-01-10T00:56:14+00:00,0087000759;0090040754,0.0,ST,0.0,EUR, , ,L
e1203,Create Goods Movement (from Delivery),2021-01-10T00:58:14+00:00,0087000760;0100760000,0.0,ST,0.0,EUR,P-100, , 
e1961,Create Invoice (from Order),2021-01-10T00:58:14+00:00,0005004619;0090040755,2.0,ST,5411.98,EUR, , ,L
e1962,Create Invoice (from Order),2021-01-10T00:58:14+00:00,0005004619;0090040755,0.0,ST,0.0,EUR, , ,L
e1963,Create Invoice (from Delivery),2021-01-10T00:58:14+00:00,0087000760;0090040755,2.0,ST,5411.98,EUR, , ,L
e1964,Create Invoice (from Delivery),2021-01-10T00:58:14+00:00,0087000760;0090040755,0.0,ST,0.0,EUR, , ,L
e3086,Create Goods Movement (from Order),2021-01-10T00:58:14+00:00,0005004619;4900000160,2.0,ST,1265.08,EUR,P-101,601, 
e3087,Create Goods Movement (from Order),2021-01-10T00:58:14+00:00,0005004619;0100760000,0.0,ST,0.0,EUR,P-100, , 
e3088,Create Goods Movement (from Delivery),2021-01-10T00:58:14+00:00,0087000760;4900000160,2.0,ST,1265.08,EUR,P-101,601, 
e3003,Create Goods Movement (from Order),2021-01-10T00:58:39+00:00,0005004620;4900000161,1.0,ST,632.54,EUR,P-101,601, 
e3004,Create Goods Movement (from Order),2021-01-10T00:58:39+00:00,0005004620;0100761000,0.0,ST,0.0,EUR,P-100, , 
e3005,Create Goods Movement (from Delivery),2021-01-10T00:58:39+00:00,0087000761;4900000161,1.0,ST,632.54,EUR,P-101,601, 
e3006,Create Goods Movement (from Delivery),2021-01-10T00:58:39+00:00,0087000761;0100761000,0.0,ST,0.0,EUR,P-100, , 
e1965,Create Invoice (from Order),2021-01-10T00:58:40+00:00,0005004620;0090040756,1.0,ST,2679.2,EUR, , ,L
e1966,Create Invoice (from Order),2021-01-10T00:58:40+00:00,0005004620;0090040756,0.0,ST,0.0,EUR, , ,L
e1967,Create Invoice (from Delivery),2021-01-10T00:58:40+00:00,0087000761;0090040756,1.0,ST,2679.2,EUR, , ,L
e1968,Create Invoice (from Delivery),2021-01-10T00:58:40+00:00,0087000761;0090040756,0.0,ST,0.0,EUR, , ,L
e1204,Create Goods Movement (from Order),2021-01-10T00:59:27+00:00,0005004621;4900000162,1.0,ST,632.54,EUR,P-101,601, 
e1205,Create Goods Movement (from Order),2021-01-10T00:59:27+00:00,0005004621;0100762000,0.0,ST,0.0,EUR,P-100, , 
e1206,Create Goods Movement (from Delivery),2021-01-10T00:59:27+00:00,0087000762;4900000162,1.0,ST,632.54,EUR,P-101,601, 
e1207,Create Goods Movement (from Delivery),2021-01-10T00:59:27+00:00,0087000762;0100762000,0.0,ST,0.0,EUR,P-100, , 
e997,Create Invoice (from Order),2021-01-10T00:59:28+00:00,0005004621;0090040757,1.0,ST,2679.2,EUR, , ,L
e998,Create Invoice (from Order),2021-01-10T00:59:28+00:00,0005004621;0090040757,0.0,ST,0.0,EUR, , ,L
e999,Create Invoice (from Delivery),2021-01-10T00:59:28+00:00,0087000762;0090040757,1.0,ST,2679.2,EUR, , ,L
e1000,Create Invoice (from Delivery),2021-01-10T00:59:28+00:00,0087000762;0090040757,0.0,ST,0.0,EUR, , ,L
e312,Create Goods Movement (from Delivery),2021-01-10T00:59:53+00:00,0087000763;0100763000,0.0,ST,0.0,EUR,P-100, , 
e1001,Create Invoice (from Order),2021-01-10T00:59:53+00:00,0005004622;0090040758,1.0,ST,2679.2,EUR, , ,L
e1002,Create Invoice (from Order),2021-01-10T00:59:53+00:00,0005004622;0090040758,0.0,ST,0.0,EUR, , ,L
e1003,Create Invoice (from Delivery),2021-01-10T00:59:53+00:00,0087000763;0090040758,1.0,ST,2679.2,EUR, , ,L
e1004,Create Invoice (from Delivery),2021-01-10T00:59:53+00:00,0087000763;0090040758,0.0,ST,0.0,EUR, , ,L
e1138,Create Goods Movement (from Order),2021-01-10T00:59:53+00:00,0005004622;4900000163,1.0,ST,632.54,EUR,P-101,601, 
e1139,Create Goods Movement (from Order),2021-01-10T00:59:53+00:00,0005004622;0100763000,0.0,ST,0.0,EUR,P-100, , 
e1140,Create Goods Movement (from Delivery),2021-01-10T00:59:53+00:00,0087000763;4900000163,1.0,ST,632.54,EUR,P-101,601, 
e2425,Create Goods Movement (from Order),2021-01-10T01:00:29+00:00,0005004623;4900000164,1.0,ST,632.54,EUR,P-101,601, 
e2426,Create Goods Movement (from Order),2021-01-10T01:00:29+00:00,0005004623;0100764000,0.0,ST,0.0,EUR,P-100, , 
e2427,Create Goods Movement (from Delivery),2021-01-10T01:00:29+00:00,0087000764;4900000164,1.0,ST,632.54,EUR,P-101,601, 
e2428,Create Goods Movement (from Delivery),2021-01-10T01:00:29+00:00,0087000764;0100764000,0.0,ST,0.0,EUR,P-100, , 
e1005,Create Invoice (from Order),2021-01-10T01:00:30+00:00,0005004623;0090040759,1.0,ST,2679.2,EUR, , ,L
e1006,Create Invoice (from Order),2021-01-10T01:00:30+00:00,0005004623;0090040759,0.0,ST,0.0,EUR, , ,L
e1007,Create Invoice (from Delivery),2021-01-10T01:00:30+00:00,0087000764;0090040759,1.0,ST,2679.2,EUR, , ,L
e1008,Create Invoice (from Delivery),2021-01-10T01:00:30+00:00,0087000764;0090040759,0.0,ST,0.0,EUR, , ,L
e3007,Create Goods Movement (from Order),2021-01-10T01:00:55+00:00,0005004624;4900000165,1.0,ST,632.54,EUR,P-101,601, 
e3008,Create Goods Movement (from Order),2021-01-10T01:00:55+00:00,0005004624;0100765000,0.0,ST,0.0,EUR,P-100, , 
e3009,Create Goods Movement (from Delivery),2021-01-10T01:00:55+00:00,0087000765;4900000165,1.0,ST,632.54,EUR,P-101,601, 
e3010,Create Goods Movement (from Delivery),2021-01-10T01:00:55+00:00,0087000765;0100765000,0.0,ST,0.0,EUR,P-100, , 
e313,Create Invoice (from Order),2021-01-10T01:00:56+00:00,0005004624;0090040760,1.0,ST,2679.2,EUR, , ,L
e314,Create Invoice (from Order),2021-01-10T01:00:56+00:00,0005004624;0090040760,0.0,ST,0.0,EUR, , ,L
e315,Create Invoice (from Delivery),2021-01-10T01:00:56+00:00,0087000765;0090040760,1.0,ST,2679.2,EUR, , ,L
e316,Create Invoice (from Delivery),2021-01-10T01:00:56+00:00,0087000765;0090040760,0.0,ST,0.0,EUR, , ,L
e1521,Create Goods Movement (from Order),2021-01-10T01:07:05+00:00,0005004625;4900000166,2.0,ST,1265.08,EUR,P-101,601, 
e1522,Create Goods Movement (from Order),2021-01-10T01:07:05+00:00,0005004625;0100766000,0.0,ST,0.0,EUR,P-100, , 
e1523,Create Goods Movement (from Delivery),2021-01-10T01:07:05+00:00,0087000766;4900000166,2.0,ST,1265.08,EUR,P-101,601, 
e1524,Create Goods Movement (from Delivery),2021-01-10T01:07:05+00:00,0087000766;0100766000,0.0,ST,0.0,EUR,P-100, , 
e711,Create Invoice (from Order),2021-01-10T01:07:06+00:00,0005004625;0090040761,2.0,ST,5411.98,EUR, , ,L
e712,Create Invoice (from Order),2021-01-10T01:07:06+00:00,0005004625;0090040761,0.0,ST,0.0,EUR, , ,L
e713,Create Invoice (from Delivery),2021-01-10T01:07:06+00:00,0087000766;0090040761,2.0,ST,5411.98,EUR, , ,L
e714,Create Invoice (from Delivery),2021-01-10T01:07:06+00:00,0087000766;0090040761,0.0,ST,0.0,EUR, , ,L
e317,Create Goods Movement (from Order),2021-01-10T01:07:31+00:00,0005004626;4900000167,1.0,ST,632.54,EUR,P-101,601, 
e318,Create Goods Movement (from Order),2021-01-10T01:07:31+00:00,0005004626;0100767000,0.0,ST,0.0,EUR,P-100, , 
e319,Create Goods Movement (from Delivery),2021-01-10T01:07:31+00:00,0087000767;4900000167,1.0,ST,632.54,EUR,P-101,601, 
e320,Create Goods Movement (from Delivery),2021-01-10T01:07:31+00:00,0087000767;0100767000,0.0,ST,0.0,EUR,P-100, , 
e321,Create Invoice (from Order),2021-01-10T01:07:32+00:00,0005004626;0090040762,1.0,ST,2679.2,EUR, , ,L
e322,Create Invoice (from Order),2021-01-10T01:07:32+00:00,0005004626;0090040762,0.0,ST,0.0,EUR, , ,L
e323,Create Invoice (from Delivery),2021-01-10T01:07:32+00:00,0087000767;0090040762,1.0,ST,2679.2,EUR, , ,L
e324,Create Invoice (from Delivery),2021-01-10T01:07:32+00:00,0087000767;0090040762,0.0,ST,0.0,EUR, , ,L
e3011,Create Goods Movement (from Order),2021-01-10T01:12:02+00:00,0005004627;4900000168,2.0,ST,1265.08,EUR,P-101,601, 
e3012,Create Goods Movement (from Order),2021-01-10T01:12:02+00:00,0005004627;0100768000,0.0,ST,0.0,EUR,P-100, , 
e3013,Create Goods Movement (from Delivery),2021-01-10T01:12:02+00:00,0087000768;4900000168,2.0,ST,1265.08,EUR,P-101,601, 
e3014,Create Goods Movement (from Delivery),2021-01-10T01:12:02+00:00,0087000768;0100768000,0.0,ST,0.0,EUR,P-100, , 
e715,Create Invoice (from Order),2021-01-10T01:12:03+00:00,0005004627;0090040763,2.0,ST,5411.98,EUR, , ,L
e716,Create Invoice (from Order),2021-01-10T01:12:03+00:00,0005004627;0090040763,0.0,ST,0.0,EUR, , ,L
e717,Create Invoice (from Delivery),2021-01-10T01:12:03+00:00,0087000768;0090040763,2.0,ST,5411.98,EUR, , ,L
e718,Create Invoice (from Delivery),2021-01-10T01:12:03+00:00,0087000768;0090040763,0.0,ST,0.0,EUR, , ,L
e2429,Create Goods Movement (from Order),2021-01-10T01:12:28+00:00,0005004628;4900000169,1.0,ST,632.54,EUR,P-101,601, 
e2430,Create Goods Movement (from Order),2021-01-10T01:12:28+00:00,0005004628;0100769000,0.0,ST,0.0,EUR,P-100, , 
e2431,Create Goods Movement (from Delivery),2021-01-10T01:12:28+00:00,0087000769;4900000169,1.0,ST,632.54,EUR,P-101,601, 
e2432,Create Goods Movement (from Delivery),2021-01-10T01:12:28+00:00,0087000769;0100769000,0.0,ST,0.0,EUR,P-100, , 
e719,Create Invoice (from Order),2021-01-10T01:12:29+00:00,0005004628;0090040764,1.0,ST,2679.2,EUR, , ,L
e720,Create Invoice (from Order),2021-01-10T01:12:29+00:00,0005004628;0090040764,0.0,ST,0.0,EUR, , ,L
e721,Create Invoice (from Delivery),2021-01-10T01:12:29+00:00,0087000769;0090040764,1.0,ST,2679.2,EUR, , ,L
e722,Create Invoice (from Delivery),2021-01-10T01:12:29+00:00,0087000769;0090040764,0.0,ST,0.0,EUR, , ,L
e1323,Create Goods Movement (from Order),2021-01-10T01:12:54+00:00,0005004629;4900000170,1.0,ST,632.54,EUR,P-101,601, 
e1324,Create Goods Movement (from Order),2021-01-10T01:12:54+00:00,0005004629;0100770000,0.0,ST,0.0,EUR,P-100, , 
e1325,Create Goods Movement (from Delivery),2021-01-10T01:12:54+00:00,0087000770;4900000170,1.0,ST,632.54,EUR,P-101,601, 
e1326,Create Goods Movement (from Delivery),2021-01-10T01:12:54+00:00,0087000770;0100770000,0.0,ST,0.0,EUR,P-100, , 
e355,Create Invoice (from Order),2021-01-10T01:12:55+00:00,0005004629;0090040765,1.0,ST,2679.2,EUR, , ,L
e356,Create Invoice (from Order),2021-01-10T01:12:55+00:00,0005004629;0090040765,0.0,ST,0.0,EUR, , ,L
e357,Create Invoice (from Delivery),2021-01-10T01:12:55+00:00,0087000770;0090040765,1.0,ST,2679.2,EUR, , ,L
e358,Create Invoice (from Delivery),2021-01-10T01:12:55+00:00,0087000770;0090040765,0.0,ST,0.0,EUR, , ,L
e359,Create Goods Movement (from Order),2021-01-10T01:13:23+00:00,0005004630;4900000171,1.0,ST,632.54,EUR,P-101,601, 
e360,Create Goods Movement (from Order),2021-01-10T01:13:23+00:00,0005004630;0100771000,0.0,ST,0.0,EUR,P-100, , 
e361,Create Goods Movement (from Delivery),2021-01-10T01:13:23+00:00,0087000771;4900000171,1.0,ST,632.54,EUR,P-101,601, 
e362,Create Goods Movement (from Delivery),2021-01-10T01:13:23+00:00,0087000771;0100771000,0.0,ST,0.0,EUR,P-100, , 
e723,Create Invoice (from Order),2021-01-10T01:13:23+00:00,0005004630;0090040766,1.0,ST,2679.2,EUR, , ,L
e724,Create Invoice (from Order),2021-01-10T01:13:23+00:00,0005004630;0090040766,0.0,ST,0.0,EUR, , ,L
e725,Create Invoice (from Delivery),2021-01-10T01:13:23+00:00,0087000771;0090040766,1.0,ST,2679.2,EUR, , ,L
e726,Create Invoice (from Delivery),2021-01-10T01:13:23+00:00,0087000771;0090040766,0.0,ST,0.0,EUR, , ,L
e363,Create Goods Movement (from Order),2021-01-10T01:13:48+00:00,0005004631;4900000172,1.0,ST,632.54,EUR,P-101,601, 
e364,Create Goods Movement (from Order),2021-01-10T01:13:48+00:00,0005004631;0100772000,0.0,ST,0.0,EUR,P-100, , 
e365,Create Goods Movement (from Delivery),2021-01-10T01:13:48+00:00,0087000772;4900000172,1.0,ST,632.54,EUR,P-101,601, 
e366,Create Goods Movement (from Delivery),2021-01-10T01:13:48+00:00,0087000772;0100772000,0.0,ST,0.0,EUR,P-100, , 
e727,Create Invoice (from Order),2021-01-10T01:13:49+00:00,0005004631;0090040767,1.0,ST,2679.2,EUR, , ,L
e728,Create Invoice (from Order),2021-01-10T01:13:49+00:00,0005004631;0090040767,0.0,ST,0.0,EUR, , ,L
e729,Create Invoice (from Delivery),2021-01-10T01:13:49+00:00,0087000772;0090040767,1.0,ST,2679.2,EUR, , ,L
e730,Create Invoice (from Delivery),2021-01-10T01:13:49+00:00,0087000772;0090040767,0.0,ST,0.0,EUR, , ,L
e367,Create Goods Movement (from Order),2021-01-10T01:14:15+00:00,0005004632;4900000173,1.0,ST,632.54,EUR,P-101,601, 
e368,Create Goods Movement (from Order),2021-01-10T01:14:15+00:00,0005004632;0100773000,0.0,ST,0.0,EUR,P-100, , 
e369,Create Goods Movement (from Delivery),2021-01-10T01:14:15+00:00,0087000773;4900000173,1.0,ST,632.54,EUR,P-101,601, 
e370,Create Goods Movement (from Delivery),2021-01-10T01:14:15+00:00,0087000773;0100773000,0.0,ST,0.0,EUR,P-100, , 
e731,Create Invoice (from Order),2021-01-10T01:14:16+00:00,0005004632;0090040768,1.0,ST,2679.2,EUR, , ,L
e732,Create Invoice (from Order),2021-01-10T01:14:16+00:00,0005004632;0090040768,0.0,ST,0.0,EUR, , ,L
e733,Create Invoice (from Delivery),2021-01-10T01:14:16+00:00,0087000773;0090040768,1.0,ST,2679.2,EUR, , ,L
e734,Create Invoice (from Delivery),2021-01-10T01:14:16+00:00,0087000773;0090040768,0.0,ST,0.0,EUR, , ,L
e2302,Create Goods Movement (from Order),2021-01-10T01:14:54+00:00,0005004633;4900000174,2.0,ST,1265.08,EUR,P-101,601, 
e2303,Create Goods Movement (from Order),2021-01-10T01:14:54+00:00,0005004633;0100774000,0.0,ST,0.0,EUR,P-100, , 
e2304,Create Goods Movement (from Delivery),2021-01-10T01:14:54+00:00,0087000774;4900000174,2.0,ST,1265.08,EUR,P-101,601, 
e2305,Create Goods Movement (from Delivery),2021-01-10T01:14:54+00:00,0087000774;0100774000,0.0,ST,0.0,EUR,P-100, , 
e735,Create Invoice (from Order),2021-01-10T01:14:55+00:00,0005004633;0090040769,2.0,ST,5358.4,EUR, , ,L
e736,Create Invoice (from Order),2021-01-10T01:14:55+00:00,0005004633;0090040769,0.0,ST,0.0,EUR, , ,L
e737,Create Invoice (from Delivery),2021-01-10T01:14:55+00:00,0087000774;0090040769,2.0,ST,5358.4,EUR, , ,L
e738,Create Invoice (from Delivery),2021-01-10T01:14:55+00:00,0087000774;0090040769,0.0,ST,0.0,EUR, , ,L
e371,Create Goods Movement (from Order),2021-01-10T01:15:20+00:00,0005004634;4900000175,1.0,ST,632.54,EUR,P-101,601, 
e372,Create Goods Movement (from Order),2021-01-10T01:15:20+00:00,0005004634;0100775000,0.0,ST,0.0,EUR,P-100, , 
e373,Create Goods Movement (from Delivery),2021-01-10T01:15:20+00:00,0087000775;4900000175,1.0,ST,632.54,EUR,P-101,601, 
e374,Create Goods Movement (from Delivery),2021-01-10T01:15:20+00:00,0087000775;0100775000,0.0,ST,0.0,EUR,P-100, , 
e375,Create Invoice (from Delivery),2021-01-10T01:15:20+00:00,0087000775;0090040770,1.0,ST,2679.2,EUR, , ,L
e376,Create Invoice (from Delivery),2021-01-10T01:15:20+00:00,0087000775;0090040770,0.0,ST,0.0,EUR, , ,L
e739,Create Invoice (from Order),2021-01-10T01:15:20+00:00,0005004634;0090040770,1.0,ST,2679.2,EUR, , ,L
e740,Create Invoice (from Order),2021-01-10T01:15:20+00:00,0005004634;0090040770,0.0,ST,0.0,EUR, , ,L
e2433,Create Goods Movement (from Order),2021-01-10T01:15:45+00:00,0005004635;4900000176,1.0,ST,632.54,EUR,P-101,601, 
e2434,Create Goods Movement (from Order),2021-01-10T01:15:45+00:00,0005004635;0100776000,0.0,ST,0.0,EUR,P-100, , 
e2533,Create Goods Movement (from Delivery),2021-01-10T01:15:45+00:00,0087000776;4900000176,1.0,ST,632.54,EUR,P-101,601, 
e2534,Create Goods Movement (from Delivery),2021-01-10T01:15:45+00:00,0087000776;0100776000,0.0,ST,0.0,EUR,P-100, , 
e377,Create Invoice (from Order),2021-01-10T01:15:46+00:00,0005004635;0090040771,1.0,ST,2679.2,EUR, , ,L
e378,Create Invoice (from Order),2021-01-10T01:15:46+00:00,0005004635;0090040771,0.0,ST,0.0,EUR, , ,L
e379,Create Invoice (from Delivery),2021-01-10T01:15:46+00:00,0087000776;0090040771,1.0,ST,2679.2,EUR, , ,L
e380,Create Invoice (from Delivery),2021-01-10T01:15:46+00:00,0087000776;0090040771,0.0,ST,0.0,EUR, , ,L
e2535,Create Goods Movement (from Order),2021-01-10T01:16:11+00:00,0005004636;4900000177,1.0,ST,632.54,EUR,P-101,601, 
e2536,Create Goods Movement (from Order),2021-01-10T01:16:11+00:00,0005004636;0100777000,0.0,ST,0.0,EUR,P-100, , 
e2537,Create Goods Movement (from Delivery),2021-01-10T01:16:11+00:00,0087000777;4900000177,1.0,ST,632.54,EUR,P-101,601, 
e2538,Create Goods Movement (from Delivery),2021-01-10T01:16:11+00:00,0087000777;0100777000,0.0,ST,0.0,EUR,P-100, , 
e381,Create Invoice (from Order),2021-01-10T01:16:12+00:00,0005004636;0090040772,1.0,ST,2679.2,EUR, , ,L
e382,Create Invoice (from Order),2021-01-10T01:16:12+00:00,0005004636;0090040772,0.0,ST,0.0,EUR, , ,L
e383,Create Invoice (from Delivery),2021-01-10T01:16:12+00:00,0087000777;0090040772,1.0,ST,2679.2,EUR, , ,L
e384,Create Invoice (from Delivery),2021-01-10T01:16:12+00:00,0087000777;0090040772,0.0,ST,0.0,EUR, , ,L
e1969,Create Goods Movement (from Order),2021-01-10T01:16:47+00:00,0005004637;4900000178,1.0,ST,632.54,EUR,P-101,601, 
e1970,Create Goods Movement (from Order),2021-01-10T01:16:47+00:00,0005004637;0100778000,0.0,ST,0.0,EUR,P-100, , 
e1971,Create Goods Movement (from Delivery),2021-01-10T01:16:47+00:00,0087000778;4900000178,1.0,ST,632.54,EUR,P-101,601, 
e1972,Create Goods Movement (from Delivery),2021-01-10T01:16:47+00:00,0087000778;0100778000,0.0,ST,0.0,EUR,P-100, , 
e385,Create Invoice (from Order),2021-01-10T01:16:48+00:00,0005004637;0090040773,1.0,ST,2679.2,EUR, , ,L
e386,Create Invoice (from Order),2021-01-10T01:16:48+00:00,0005004637;0090040773,0.0,ST,0.0,EUR, , ,L
e387,Create Invoice (from Delivery),2021-01-10T01:16:48+00:00,0087000778;0090040773,1.0,ST,2679.2,EUR, , ,L
e388,Create Invoice (from Delivery),2021-01-10T01:16:48+00:00,0087000778;0090040773,0.0,ST,0.0,EUR, , ,L
e1208,Create Goods Movement (from Order),2021-01-10T01:17:13+00:00,0005004638;4900000179,1.0,ST,632.54,EUR,P-101,601, 
e1209,Create Goods Movement (from Order),2021-01-10T01:17:13+00:00,0005004638;0100779000,0.0,ST,0.0,EUR,P-100, , 
e1210,Create Goods Movement (from Delivery),2021-01-10T01:17:13+00:00,0087000779;4900000179,1.0,ST,632.54,EUR,P-101,601, 
e1211,Create Goods Movement (from Delivery),2021-01-10T01:17:13+00:00,0087000779;0100779000,0.0,ST,0.0,EUR,P-100, , 
e418,Create Invoice (from Order),2021-01-10T01:17:14+00:00,0005004638;0090040774,1.0,ST,2679.2,EUR, , ,L
e419,Create Invoice (from Order),2021-01-10T01:17:14+00:00,0005004638;0090040774,0.0,ST,0.0,EUR, , ,L
e420,Create Invoice (from Delivery),2021-01-10T01:17:14+00:00,0087000779;0090040774,1.0,ST,2679.2,EUR, , ,L
e421,Create Invoice (from Delivery),2021-01-10T01:17:14+00:00,0087000779;0090040774,0.0,ST,0.0,EUR, , ,L
e3015,Create Goods Movement (from Order),2021-01-10T01:18:00+00:00,0005004639;4900000180,2.0,ST,1265.08,EUR,P-101,601, 
e3016,Create Goods Movement (from Order),2021-01-10T01:18:00+00:00,0005004639;0100780000,0.0,ST,0.0,EUR,P-100, , 
e3017,Create Goods Movement (from Delivery),2021-01-10T01:18:00+00:00,0087000780;4900000180,2.0,ST,1265.08,EUR,P-101,601, 
e3018,Create Goods Movement (from Delivery),2021-01-10T01:18:00+00:00,0087000780;0100780000,0.0,ST,0.0,EUR,P-100, , 
e422,Create Invoice (from Order),2021-01-10T01:18:01+00:00,0005004639;0090040775,2.0,ST,5358.4,EUR, , ,L
e423,Create Invoice (from Order),2021-01-10T01:18:01+00:00,0005004639;0090040775,0.0,ST,0.0,EUR, , ,L
e424,Create Invoice (from Delivery),2021-01-10T01:18:01+00:00,0087000780;0090040775,2.0,ST,5358.4,EUR, , ,L
e425,Create Invoice (from Delivery),2021-01-10T01:18:01+00:00,0087000780;0090040775,0.0,ST,0.0,EUR, , ,L
e426,Create Goods Movement (from Order),2021-01-10T01:18:29+00:00,0005004640;4900000181,1.0,ST,632.54,EUR,P-101,601, 
e427,Create Goods Movement (from Order),2021-01-10T01:18:29+00:00,0005004640;0100781000,0.0,ST,0.0,EUR,P-100, , 
e428,Create Goods Movement (from Delivery),2021-01-10T01:18:29+00:00,0087000781;4900000181,1.0,ST,632.54,EUR,P-101,601, 
e429,Create Goods Movement (from Delivery),2021-01-10T01:18:29+00:00,0087000781;0100781000,0.0,ST,0.0,EUR,P-100, , 
e430,Create Invoice (from Order),2021-01-10T01:18:29+00:00,0005004640;0090040776,1.0,ST,2679.2,EUR, , ,L
e431,Create Invoice (from Order),2021-01-10T01:18:29+00:00,0005004640;0090040776,0.0,ST,0.0,EUR, , ,L
e432,Create Invoice (from Delivery),2021-01-10T01:18:29+00:00,0087000781;0090040776,1.0,ST,2679.2,EUR, , ,L
e433,Create Invoice (from Delivery),2021-01-10T01:18:29+00:00,0087000781;0090040776,0.0,ST,0.0,EUR, , ,L
e1212,Create Goods Movement (from Order),2021-01-10T01:19:06+00:00,0005004641;4900000182,2.0,ST,1265.08,EUR,P-101,601, 
e1213,Create Goods Movement (from Order),2021-01-10T01:19:06+00:00,0005004641;0100782000,0.0,ST,0.0,EUR,P-100, , 
e1214,Create Goods Movement (from Delivery),2021-01-10T01:19:06+00:00,0087000782;4900000182,2.0,ST,1265.08,EUR,P-101,601, 
e1215,Create Goods Movement (from Delivery),2021-01-10T01:19:06+00:00,0087000782;0100782000,0.0,ST,0.0,EUR,P-100, , 
e434,Create Invoice (from Order),2021-01-10T01:19:07+00:00,0005004641;0090040777,2.0,ST,5358.4,EUR, , ,L
e435,Create Invoice (from Order),2021-01-10T01:19:07+00:00,0005004641;0090040777,0.0,ST,0.0,EUR, , ,L
e436,Create Invoice (from Delivery),2021-01-10T01:19:07+00:00,0087000782;0090040777,2.0,ST,5358.4,EUR, , ,L
e437,Create Invoice (from Delivery),2021-01-10T01:19:07+00:00,0087000782;0090040777,0.0,ST,0.0,EUR, , ,L
e1973,Create Goods Movement (from Order),2021-01-10T01:19:32+00:00,0005004642;4900000183,1.0,ST,632.54,EUR,P-101,601, 
e1974,Create Goods Movement (from Order),2021-01-10T01:19:32+00:00,0005004642;0100783000,0.0,ST,0.0,EUR,P-100, , 
e1975,Create Goods Movement (from Delivery),2021-01-10T01:19:32+00:00,0087000783;4900000183,1.0,ST,632.54,EUR,P-101,601, 
e1976,Create Goods Movement (from Delivery),2021-01-10T01:19:32+00:00,0087000783;0100783000,0.0,ST,0.0,EUR,P-100, , 
e438,Create Invoice (from Order),2021-01-10T01:19:33+00:00,0005004642;0090040778,1.0,ST,2679.2,EUR, , ,L
e439,Create Invoice (from Order),2021-01-10T01:19:33+00:00,0005004642;0090040778,0.0,ST,0.0,EUR, , ,L
e440,Create Invoice (from Delivery),2021-01-10T01:19:33+00:00,0087000783;0090040778,1.0,ST,2679.2,EUR, , ,L
e441,Create Invoice (from Delivery),2021-01-10T01:19:33+00:00,0087000783;0090040778,0.0,ST,0.0,EUR, , ,L
e1977,Create Goods Movement (from Order),2021-01-10T01:20:19+00:00,0005004643;4900000184,1.0,ST,632.54,EUR,P-101,601, 
e1978,Create Goods Movement (from Order),2021-01-10T01:20:19+00:00,0005004643;0100784000,0.0,ST,0.0,EUR,P-100, , 
e1979,Create Goods Movement (from Delivery),2021-01-10T01:20:19+00:00,0087000784;4900000184,1.0,ST,632.54,EUR,P-101,601, 
e1980,Create Goods Movement (from Delivery),2021-01-10T01:20:19+00:00,0087000784;0100784000,0.0,ST,0.0,EUR,P-100, , 
e472,Create Invoice (from Order),2021-01-10T01:20:20+00:00,0005004643;0090040779,1.0,ST,2679.2,EUR, , ,L
e473,Create Invoice (from Order),2021-01-10T01:20:20+00:00,0005004643;0090040779,0.0,ST,0.0,EUR, , ,L
e474,Create Invoice (from Delivery),2021-01-10T01:20:20+00:00,0087000784;0090040779,1.0,ST,2679.2,EUR, , ,L
e475,Create Invoice (from Delivery),2021-01-10T01:20:20+00:00,0087000784;0090040779,0.0,ST,0.0,EUR, , ,L
e476,Create Goods Movement (from Order),2021-01-10T01:20:45+00:00,0005004644;4900000185,1.0,ST,632.54,EUR,P-101,601, 
e477,Create Goods Movement (from Order),2021-01-10T01:20:45+00:00,0005004644;0100785000,0.0,ST,0.0,EUR,P-100, , 
e478,Create Goods Movement (from Delivery),2021-01-10T01:20:45+00:00,0087000785;4900000185,1.0,ST,632.54,EUR,P-101,601, 
e479,Create Goods Movement (from Delivery),2021-01-10T01:20:45+00:00,0087000785;0100785000,0.0,ST,0.0,EUR,P-100, , 
e480,Create Invoice (from Order),2021-01-10T01:20:46+00:00,0005004644;0090040780,1.0,ST,2679.2,EUR, , ,L
e481,Create Invoice (from Order),2021-01-10T01:20:46+00:00,0005004644;0090040780,0.0,ST,0.0,EUR, , ,L
e482,Create Invoice (from Delivery),2021-01-10T01:20:46+00:00,0087000785;0090040780,1.0,ST,2679.2,EUR, , ,L
e483,Create Invoice (from Delivery),2021-01-10T01:20:46+00:00,0087000785;0090040780,0.0,ST,0.0,EUR, , ,L
e484,Create Goods Movement (from Order),2021-01-10T01:22:15+00:00,0005004645;4900000186,1.0,ST,632.54,EUR,P-101,601, 
e485,Create Goods Movement (from Order),2021-01-10T01:22:15+00:00,0005004645;0100786000,0.0,ST,0.0,EUR,P-100, , 
e486,Create Goods Movement (from Delivery),2021-01-10T01:22:15+00:00,0087000786;4900000186,1.0,ST,632.54,EUR,P-101,601, 
e487,Create Goods Movement (from Delivery),2021-01-10T01:22:15+00:00,0087000786;0100786000,0.0,ST,0.0,EUR,P-100, , 
e488,Create Invoice (from Order),2021-01-10T01:22:16+00:00,0005004645;0090040781,1.0,ST,2705.99,EUR, , ,L
e489,Create Invoice (from Order),2021-01-10T01:22:16+00:00,0005004645;0090040781,0.0,ST,0.0,EUR, , ,L
e490,Create Invoice (from Delivery),2021-01-10T01:22:16+00:00,0087000786;0090040781,1.0,ST,2705.99,EUR, , ,L
e491,Create Invoice (from Delivery),2021-01-10T01:22:16+00:00,0087000786;0090040781,0.0,ST,0.0,EUR, , ,L
e1327,Create Goods Movement (from Order),2021-01-10T01:22:41+00:00,0005004646;4900000187,1.0,ST,632.54,EUR,P-101,601, 
e1328,Create Goods Movement (from Order),2021-01-10T01:22:41+00:00,0005004646;0100787000,0.0,ST,0.0,EUR,P-100, , 
e1329,Create Goods Movement (from Delivery),2021-01-10T01:22:41+00:00,0087000787;4900000187,1.0,ST,632.54,EUR,P-101,601, 
e1330,Create Goods Movement (from Delivery),2021-01-10T01:22:41+00:00,0087000787;0100787000,0.0,ST,0.0,EUR,P-100, , 
e492,Create Invoice (from Order),2021-01-10T01:22:42+00:00,0005004646;0090040782,1.0,ST,2679.2,EUR, , ,L
e493,Create Invoice (from Order),2021-01-10T01:22:42+00:00,0005004646;0090040782,0.0,ST,0.0,EUR, , ,L
e494,Create Invoice (from Delivery),2021-01-10T01:22:42+00:00,0087000787;0090040782,1.0,ST,2679.2,EUR, , ,L
e495,Create Invoice (from Delivery),2021-01-10T01:22:42+00:00,0087000787;0090040782,0.0,ST,0.0,EUR, , ,L
e1216,Create Goods Movement (from Order),2021-01-10T01:23:07+00:00,0005004647;4900000188,1.0,ST,632.54,EUR,P-101,601, 
e1217,Create Goods Movement (from Order),2021-01-10T01:23:07+00:00,0005004647;0100788000,0.0,ST,0.0,EUR,P-100, , 
e1218,Create Goods Movement (from Delivery),2021-01-10T01:23:07+00:00,0087000788;4900000188,1.0,ST,632.54,EUR,P-101,601, 
e1219,Create Goods Movement (from Delivery),2021-01-10T01:23:07+00:00,0087000788;0100788000,0.0,ST,0.0,EUR,P-100, , 
e496,Create Invoice (from Order),2021-01-10T01:23:08+00:00,0005004647;0090040783,1.0,ST,2679.2,EUR, , ,L
e497,Create Invoice (from Order),2021-01-10T01:23:08+00:00,0005004647;0090040783,0.0,ST,0.0,EUR, , ,L
e498,Create Invoice (from Delivery),2021-01-10T01:23:08+00:00,0087000788;0090040783,1.0,ST,2679.2,EUR, , ,L
e499,Create Invoice (from Delivery),2021-01-10T01:23:08+00:00,0087000788;0090040783,0.0,ST,0.0,EUR, , ,L
e500,Create Invoice (from Order),2021-01-10T01:23:35+00:00,0005004648;0090040784,1.0,ST,2679.2,EUR, , ,L
e936,Create Invoice (from Order),2021-01-10T01:23:35+00:00,0005004648;0090040784,0.0,ST,0.0,EUR, , ,L
e937,Create Invoice (from Delivery),2021-01-10T01:23:35+00:00,0087000789;0090040784,1.0,ST,2679.2,EUR, , ,L
e938,Create Invoice (from Delivery),2021-01-10T01:23:35+00:00,0087000789;0090040784,0.0,ST,0.0,EUR, , ,L
e1220,Create Goods Movement (from Order),2021-01-10T01:23:35+00:00,0005004648;4900000189,1.0,ST,632.54,EUR,P-101,601, 
e1221,Create Goods Movement (from Order),2021-01-10T01:23:35+00:00,0005004648;0100789000,0.0,ST,0.0,EUR,P-100, , 
e1222,Create Goods Movement (from Delivery),2021-01-10T01:23:35+00:00,0087000789;4900000189,1.0,ST,632.54,EUR,P-101,601, 
e1223,Create Goods Movement (from Delivery),2021-01-10T01:23:35+00:00,0087000789;0100789000,0.0,ST,0.0,EUR,P-100, , 
e939,Create Invoice (from Order),2021-01-10T01:26:12+00:00,0005004649;0090040785,2.0,ST,5411.98,EUR, , ,L
e940,Create Invoice (from Order),2021-01-10T01:26:12+00:00,0005004649;0090040785,0.0,ST,0.0,EUR, , ,L
e941,Create Invoice (from Delivery),2021-01-10T01:26:12+00:00,0087000790;0090040785,2.0,ST,5411.98,EUR, , ,L
e942,Create Invoice (from Delivery),2021-01-10T01:26:12+00:00,0087000790;0090040785,0.0,ST,0.0,EUR, , ,L
e1224,Create Goods Movement (from Order),2021-01-10T01:26:12+00:00,0005004649;4900000190,2.0,ST,1265.08,EUR,P-101,601, 
e1225,Create Goods Movement (from Order),2021-01-10T01:26:12+00:00,0005004649;0100790000,0.0,ST,0.0,EUR,P-100, , 
e1226,Create Goods Movement (from Delivery),2021-01-10T01:26:12+00:00,0087000790;4900000190,2.0,ST,1265.08,EUR,P-101,601, 
e1227,Create Goods Movement (from Delivery),2021-01-10T01:26:12+00:00,0087000790;0100790000,0.0,ST,0.0,EUR,P-100, , 
e1981,Create Goods Movement (from Order),2021-01-10T01:26:37+00:00,0005004650;4900000191,1.0,ST,632.54,EUR,P-101,601, 
e1982,Create Goods Movement (from Order),2021-01-10T01:26:37+00:00,0005004650;0100791000,0.0,ST,0.0,EUR,P-100, , 
e1983,Create Goods Movement (from Delivery),2021-01-10T01:26:37+00:00,0087000791;4900000191,1.0,ST,632.54,EUR,P-101,601, 
e1984,Create Goods Movement (from Delivery),2021-01-10T01:26:37+00:00,0087000791;0100791000,0.0,ST,0.0,EUR,P-100, , 
e943,Create Invoice (from Order),2021-01-10T01:26:38+00:00,0005004650;0090040786,1.0,ST,2679.2,EUR, , ,L
e944,Create Invoice (from Order),2021-01-10T01:26:38+00:00,0005004650;0090040786,0.0,ST,0.0,EUR, , ,L
e945,Create Invoice (from Delivery),2021-01-10T01:26:38+00:00,0087000791;0090040786,1.0,ST,2679.2,EUR, , ,L
e946,Create Invoice (from Delivery),2021-01-10T01:26:38+00:00,0087000791;0090040786,0.0,ST,0.0,EUR, , ,L
e1228,Create Goods Movement (from Order),2021-01-10T01:28:18+00:00,0005004651;4900000192,2.0,ST,1265.08,EUR,P-101,601, 
e1229,Create Goods Movement (from Order),2021-01-10T01:28:18+00:00,0005004651;0100792000,0.0,ST,0.0,EUR,P-100, , 
e1230,Create Goods Movement (from Delivery),2021-01-10T01:28:18+00:00,0087000792;4900000192,2.0,ST,1265.08,EUR,P-101,601, 
e1231,Create Goods Movement (from Delivery),2021-01-10T01:28:18+00:00,0087000792;0100792000,0.0,ST,0.0,EUR,P-100, , 
e339,Create Invoice (from Order),2021-01-10T01:28:28+00:00,0005004651;0090040787,2.0,ST,5411.98,EUR, , ,L
e340,Create Invoice (from Order),2021-01-10T01:28:28+00:00,0005004651;0090040787,0.0,ST,0.0,EUR, , ,L
e341,Create Invoice (from Delivery),2021-01-10T01:28:28+00:00,0087000792;0090040787,2.0,ST,5411.98,EUR, , ,L
e342,Create Invoice (from Delivery),2021-01-10T01:28:28+00:00,0087000792;0090040787,0.0,ST,0.0,EUR, , ,L
e1985,Create Goods Movement (from Order),2021-01-10T01:28:53+00:00,0005004652;4900000193,1.0,ST,632.54,EUR,P-101,601, 
e1986,Create Goods Movement (from Order),2021-01-10T01:28:53+00:00,0005004652;0100793000,0.0,ST,0.0,EUR,P-100, , 
e1987,Create Goods Movement (from Delivery),2021-01-10T01:28:53+00:00,0087000793;4900000193,1.0,ST,632.54,EUR,P-101,601, 
e2099,Create Goods Movement (from Delivery),2021-01-10T01:28:53+00:00,0087000793;0100793000,0.0,ST,0.0,EUR,P-100, , 
e343,Create Invoice (from Order),2021-01-10T01:28:54+00:00,0005004652;0090040788,1.0,ST,2679.2,EUR, , ,L
e344,Create Invoice (from Order),2021-01-10T01:28:54+00:00,0005004652;0090040788,0.0,ST,0.0,EUR, , ,L
e345,Create Invoice (from Delivery),2021-01-10T01:28:54+00:00,0087000793;0090040788,1.0,ST,2679.2,EUR, , ,L
e346,Create Invoice (from Delivery),2021-01-10T01:28:54+00:00,0087000793;0090040788,0.0,ST,0.0,EUR, , ,L
e3019,Create Goods Movement (from Order),2021-01-10T01:29:30+00:00,0005004653;4900000194,1.0,ST,632.54,EUR,P-101,601, 
e3020,Create Goods Movement (from Order),2021-01-10T01:29:30+00:00,0005004653;0100794000,0.0,ST,0.0,EUR,P-100, , 
e3021,Create Goods Movement (from Delivery),2021-01-10T01:29:30+00:00,0087000794;4900000194,1.0,ST,632.54,EUR,P-101,601, 
e3022,Create Goods Movement (from Delivery),2021-01-10T01:29:30+00:00,0087000794;0100794000,0.0,ST,0.0,EUR,P-100, , 
e347,Create Invoice (from Order),2021-01-10T01:29:31+00:00,0005004653;0090040789,1.0,ST,2705.99,EUR, , ,L
e348,Create Invoice (from Order),2021-01-10T01:29:31+00:00,0005004653;0090040789,0.0,ST,0.0,EUR, , ,L
e349,Create Invoice (from Delivery),2021-01-10T01:29:31+00:00,0087000794;0090040789,1.0,ST,2705.99,EUR, , ,L
e350,Create Invoice (from Delivery),2021-01-10T01:29:31+00:00,0087000794;0090040789,0.0,ST,0.0,EUR, , ,L
e2539,Create Goods Movement (from Order),2021-01-10T01:29:56+00:00,0005004654;4900000195,1.0,ST,632.54,EUR,P-101,601, 
e2540,Create Goods Movement (from Order),2021-01-10T01:29:56+00:00,0005004654;0100795000,0.0,ST,0.0,EUR,P-100, , 
e2541,Create Goods Movement (from Delivery),2021-01-10T01:29:56+00:00,0087000795;4900000195,1.0,ST,632.54,EUR,P-101,601, 
e2542,Create Goods Movement (from Delivery),2021-01-10T01:29:56+00:00,0087000795;0100795000,0.0,ST,0.0,EUR,P-100, , 
e351,Create Invoice (from Order),2021-01-10T01:29:57+00:00,0005004654;0090040790,1.0,ST,2679.2,EUR, , ,L
e352,Create Invoice (from Order),2021-01-10T01:29:57+00:00,0005004654;0090040790,0.0,ST,0.0,EUR, , ,L
e353,Create Invoice (from Delivery),2021-01-10T01:29:57+00:00,0087000795;0090040790,1.0,ST,2679.2,EUR, , ,L
e354,Create Invoice (from Delivery),2021-01-10T01:29:57+00:00,0087000795;0090040790,0.0,ST,0.0,EUR, , ,L
e442,Create Goods Movement (from Order),2021-01-10T01:30:43+00:00,0005004655;4900000196,1.0,ST,632.54,EUR,P-101,601, 
e443,Create Goods Movement (from Order),2021-01-10T01:30:43+00:00,0005004655;0100796000,0.0,ST,0.0,EUR,P-100, , 
e444,Create Goods Movement (from Delivery),2021-01-10T01:30:43+00:00,0087000796;4900000196,1.0,ST,632.54,EUR,P-101,601, 
e445,Create Goods Movement (from Delivery),2021-01-10T01:30:43+00:00,0087000796;0100796000,0.0,ST,0.0,EUR,P-100, , 
e446,Create Invoice (from Order),2021-01-10T01:30:44+00:00,0005004655;0090040791,1.0,ST,2679.2,EUR, , ,L
e447,Create Invoice (from Order),2021-01-10T01:30:44+00:00,0005004655;0090040791,0.0,ST,0.0,EUR, , ,L
e448,Create Invoice (from Delivery),2021-01-10T01:30:44+00:00,0087000796;0090040791,1.0,ST,2679.2,EUR, , ,L
e449,Create Invoice (from Delivery),2021-01-10T01:30:44+00:00,0087000796;0090040791,0.0,ST,0.0,EUR, , ,L
e450,Create Goods Movement (from Order),2021-01-10T01:31:09+00:00,0005004656;4900000197,1.0,ST,632.54,EUR,P-101,601, 
e451,Create Goods Movement (from Order),2021-01-10T01:31:09+00:00,0005004656;0100797000,0.0,ST,0.0,EUR,P-100, , 
e452,Create Goods Movement (from Delivery),2021-01-10T01:31:09+00:00,0087000797;4900000197,1.0,ST,632.54,EUR,P-101,601, 
e453,Create Goods Movement (from Delivery),2021-01-10T01:31:09+00:00,0087000797;0100797000,0.0,ST,0.0,EUR,P-100, , 
e454,Create Invoice (from Order),2021-01-10T01:31:10+00:00,0005004656;0090040792,1.0,ST,2679.2,EUR, , ,L
e455,Create Invoice (from Order),2021-01-10T01:31:10+00:00,0005004656;0090040792,0.0,ST,0.0,EUR, , ,L
e456,Create Invoice (from Delivery),2021-01-10T01:31:10+00:00,0087000797;0090040792,1.0,ST,2679.2,EUR, , ,L
e457,Create Invoice (from Delivery),2021-01-10T01:31:10+00:00,0087000797;0090040792,0.0,ST,0.0,EUR, , ,L
e2100,Create Goods Movement (from Order),2021-01-10T01:32:08+00:00,0005004657;4900000198,2.0,ST,1265.08,EUR,P-101,601, 
e2101,Create Goods Movement (from Order),2021-01-10T01:32:08+00:00,0005004657;0100798000,0.0,ST,0.0,EUR,P-100, , 
e2102,Create Goods Movement (from Delivery),2021-01-10T01:32:08+00:00,0087000798;4900000198,2.0,ST,1265.08,EUR,P-101,601, 
e2103,Create Goods Movement (from Delivery),2021-01-10T01:32:08+00:00,0087000798;0100798000,0.0,ST,0.0,EUR,P-100, , 
e458,Create Invoice (from Order),2021-01-10T01:32:09+00:00,0005004657;0090040793,2.0,ST,5411.98,EUR, , ,L
e459,Create Invoice (from Order),2021-01-10T01:32:09+00:00,0005004657;0090040793,0.0,ST,0.0,EUR, , ,L
e460,Create Invoice (from Delivery),2021-01-10T01:32:09+00:00,0087000798;0090040793,2.0,ST,5411.98,EUR, , ,L
e461,Create Invoice (from Delivery),2021-01-10T01:32:09+00:00,0087000798;0090040793,0.0,ST,0.0,EUR, , ,L
e462,Create Goods Movement (from Order),2021-01-10T01:32:33+00:00,0005004658;4900000199,1.0,ST,632.54,EUR,P-101,601, 
e463,Create Goods Movement (from Order),2021-01-10T01:32:33+00:00,0005004658;0100799000,0.0,ST,0.0,EUR,P-100, , 
e464,Create Goods Movement (from Delivery),2021-01-10T01:32:33+00:00,0087000799;4900000199,1.0,ST,632.54,EUR,P-101,601, 
e465,Create Goods Movement (from Delivery),2021-01-10T01:32:33+00:00,0087000799;0100799000,0.0,ST,0.0,EUR,P-100, , 
e466,Create Invoice (from Order),2021-01-10T01:32:34+00:00,0005004658;0090040794,1.0,ST,2679.2,EUR, , ,L
e467,Create Invoice (from Order),2021-01-10T01:32:34+00:00,0005004658;0090040794,0.0,ST,0.0,EUR, , ,L
e468,Create Invoice (from Delivery),2021-01-10T01:32:34+00:00,0087000799;0090040794,1.0,ST,2679.2,EUR, , ,L
e469,Create Invoice (from Delivery),2021-01-10T01:32:34+00:00,0087000799;0090040794,0.0,ST,0.0,EUR, , ,L
e470,Create Goods Movement (from Order),2021-01-10T01:33:10+00:00,0005004659;4900000200,1.0,ST,632.54,EUR,P-101,601, 
e471,Create Goods Movement (from Order),2021-01-10T01:33:10+00:00,0005004659;0100800000,0.0,ST,0.0,EUR,P-100, , 
e565,Create Goods Movement (from Delivery),2021-01-10T01:33:10+00:00,0087000800;4900000200,1.0,ST,632.54,EUR,P-101,601, 
e566,Create Goods Movement (from Delivery),2021-01-10T01:33:10+00:00,0087000800;0100800000,0.0,ST,0.0,EUR,P-100, , 
e567,Create Invoice (from Order),2021-01-10T01:33:11+00:00,0005004659;0090040795,1.0,ST,2679.2,EUR, , ,L
e568,Create Invoice (from Order),2021-01-10T01:33:11+00:00,0005004659;0090040795,0.0,ST,0.0,EUR, , ,L
e569,Create Invoice (from Delivery),2021-01-10T01:33:11+00:00,0087000800;0090040795,1.0,ST,2679.2,EUR, , ,L
e570,Create Invoice (from Delivery),2021-01-10T01:33:11+00:00,0087000800;0090040795,0.0,ST,0.0,EUR, , ,L
e571,Create Goods Movement (from Order),2021-01-10T01:33:36+00:00,0005004660;4900000201,1.0,ST,632.54,EUR,P-101,601, 
e572,Create Goods Movement (from Order),2021-01-10T01:33:36+00:00,0005004660;0100801000,0.0,ST,0.0,EUR,P-100, , 
e573,Create Goods Movement (from Delivery),2021-01-10T01:33:36+00:00,0087000801;4900000201,1.0,ST,632.54,EUR,P-101,601, 
e574,Create Goods Movement (from Delivery),2021-01-10T01:33:36+00:00,0087000801;0100801000,0.0,ST,0.0,EUR,P-100, , 
e575,Create Invoice (from Order),2021-01-10T01:33:36+00:00,0005004660;0090040796,1.0,ST,2679.2,EUR, , ,L
e576,Create Invoice (from Order),2021-01-10T01:33:36+00:00,0005004660;0090040796,0.0,ST,0.0,EUR, , ,L
e577,Create Invoice (from Delivery),2021-01-10T01:33:36+00:00,0087000801;0090040796,1.0,ST,2679.2,EUR, , ,L
e578,Create Invoice (from Delivery),2021-01-10T01:33:36+00:00,0087000801;0090040796,0.0,ST,0.0,EUR, , ,L
e390,Create Goods Movement (from Delivery),2021-01-10T01:34:02+00:00,0087000802;0100802000,0.0,ST,0.0,EUR,P-100, , 
e579,Create Goods Movement (from Order),2021-01-10T01:34:02+00:00,0005004661;4900000202,1.0,ST,632.54,EUR,P-101,601, 
e580,Create Goods Movement (from Order),2021-01-10T01:34:02+00:00,0005004661;0100802000,0.0,ST,0.0,EUR,P-100, , 
e581,Create Goods Movement (from Delivery),2021-01-10T01:34:02+00:00,0087000802;4900000202,1.0,ST,632.54,EUR,P-101,601, 
e391,Create Invoice (from Order),2021-01-10T01:34:03+00:00,0005004661;0090040797,1.0,ST,2679.2,EUR, , ,L
e392,Create Invoice (from Order),2021-01-10T01:34:03+00:00,0005004661;0090040797,0.0,ST,0.0,EUR, , ,L
e393,Create Invoice (from Delivery),2021-01-10T01:34:03+00:00,0087000802;0090040797,1.0,ST,2679.2,EUR, , ,L
e394,Create Invoice (from Delivery),2021-01-10T01:34:03+00:00,0087000802;0090040797,0.0,ST,0.0,EUR, , ,L
e395,Create Goods Movement (from Order),2021-01-10T01:34:28+00:00,0005004662;4900000203,1.0,ST,632.54,EUR,P-101,601, 
e396,Create Goods Movement (from Order),2021-01-10T01:34:28+00:00,0005004662;0100803000,0.0,ST,0.0,EUR,P-100, , 
e397,Create Goods Movement (from Delivery),2021-01-10T01:34:28+00:00,0087000803;4900000203,1.0,ST,632.54,EUR,P-101,601, 
e398,Create Goods Movement (from Delivery),2021-01-10T01:34:28+00:00,0087000803;0100803000,0.0,ST,0.0,EUR,P-100, , 
e399,Create Invoice (from Order),2021-01-10T01:34:29+00:00,0005004662;0090040798,1.0,ST,2679.2,EUR, , ,L
e400,Create Invoice (from Order),2021-01-10T01:34:29+00:00,0005004662;0090040798,0.0,ST,0.0,EUR, , ,L
e401,Create Invoice (from Delivery),2021-01-10T01:34:29+00:00,0087000803;0090040798,1.0,ST,2679.2,EUR, , ,L
e402,Create Invoice (from Delivery),2021-01-10T01:34:29+00:00,0087000803;0090040798,0.0,ST,0.0,EUR, , ,L
e3023,Create Goods Movement (from Order),2021-01-10T01:35:48+00:00,0005004663;4900000204,1.0,ST,632.54,EUR,P-101,601, 
e3121,Create Goods Movement (from Order),2021-01-10T01:35:48+00:00,0005004663;0100804000,0.0,ST,0.0,EUR,P-100, , 
e3122,Create Goods Movement (from Delivery),2021-01-10T01:35:48+00:00,0087000804;4900000204,1.0,ST,632.54,EUR,P-101,601, 
e3123,Create Goods Movement (from Delivery),2021-01-10T01:35:48+00:00,0087000804;0100804000,0.0,ST,0.0,EUR,P-100, , 
e403,Create Invoice (from Order),2021-01-10T01:35:49+00:00,0005004663;0090040799,1.0,ST,2679.2,EUR, , ,L
e404,Create Invoice (from Order),2021-01-10T01:35:49+00:00,0005004663;0090040799,0.0,ST,0.0,EUR, , ,L
e405,Create Invoice (from Delivery),2021-01-10T01:35:49+00:00,0087000804;0090040799,1.0,ST,2679.2,EUR, , ,L
e406,Create Invoice (from Delivery),2021-01-10T01:35:49+00:00,0087000804;0090040799,0.0,ST,0.0,EUR, , ,L
e2543,Create Goods Movement (from Order),2021-01-10T01:36:14+00:00,0005004664;4900000205,1.0,ST,632.54,EUR,P-101,601, 
e2544,Create Goods Movement (from Order),2021-01-10T01:36:14+00:00,0005004664;0100805000,0.0,ST,0.0,EUR,P-100, , 
e2545,Create Goods Movement (from Delivery),2021-01-10T01:36:14+00:00,0087000805;4900000205,1.0,ST,632.54,EUR,P-101,601, 
e2546,Create Goods Movement (from Delivery),2021-01-10T01:36:14+00:00,0087000805;0100805000,0.0,ST,0.0,EUR,P-100, , 
e407,Create Invoice (from Order),2021-01-10T01:36:15+00:00,0005004664;0090040800,1.0,ST,2679.2,EUR, , ,L
e408,Create Invoice (from Order),2021-01-10T01:36:15+00:00,0005004664;0090040800,0.0,ST,0.0,EUR, , ,L
e409,Create Invoice (from Delivery),2021-01-10T01:36:15+00:00,0087000805;0090040800,1.0,ST,2679.2,EUR, , ,L
e410,Create Invoice (from Delivery),2021-01-10T01:36:15+00:00,0087000805;0090040800,0.0,ST,0.0,EUR, , ,L
e2104,Create Goods Movement (from Order),2021-01-10T01:36:40+00:00,0005004665;4900000206,1.0,ST,632.54,EUR,P-101,601, 
e2105,Create Goods Movement (from Order),2021-01-10T01:36:40+00:00,0005004665;0100806000,0.0,ST,0.0,EUR,P-100, , 
e2106,Create Goods Movement (from Delivery),2021-01-10T01:36:40+00:00,0087000806;4900000206,1.0,ST,632.54,EUR,P-101,601, 
e2107,Create Goods Movement (from Delivery),2021-01-10T01:36:40+00:00,0087000806;0100806000,0.0,ST,0.0,EUR,P-100, , 
e2961,Create Invoice (from Order),2021-01-10T01:36:41+00:00,0005004665;0090040801,1.0,ST,2679.2,EUR, , ,L
e2962,Create Invoice (from Order),2021-01-10T01:36:41+00:00,0005004665;0090040801,0.0,ST,0.0,EUR, , ,L
e2963,Create Invoice (from Delivery),2021-01-10T01:36:41+00:00,0087000806;0090040801,1.0,ST,2679.2,EUR, , ,L
e2964,Create Invoice (from Delivery),2021-01-10T01:36:41+00:00,0087000806;0090040801,0.0,ST,0.0,EUR, , ,L
e1412,Create Goods Movement (from Order),2021-01-10T01:37:05+00:00,0005004666;4900000207,1.0,ST,632.54,EUR,P-101,601, 
e1413,Create Goods Movement (from Order),2021-01-10T01:37:05+00:00,0005004666;0100807000,0.0,ST,0.0,EUR,P-100, , 
e1414,Create Goods Movement (from Delivery),2021-01-10T01:37:05+00:00,0087000807;4900000207,1.0,ST,632.54,EUR,P-101,601, 
e1415,Create Goods Movement (from Delivery),2021-01-10T01:37:05+00:00,0087000807;0100807000,0.0,ST,0.0,EUR,P-100, , 
e2965,Create Invoice (from Order),2021-01-10T01:37:06+00:00,0005004666;0090040802,1.0,ST,2679.2,EUR, , ,L
e2966,Create Invoice (from Order),2021-01-10T01:37:06+00:00,0005004666;0090040802,0.0,ST,0.0,EUR, , ,L
e2967,Create Invoice (from Delivery),2021-01-10T01:37:06+00:00,0087000807;0090040802,1.0,ST,2679.2,EUR, , ,L
e2968,Create Invoice (from Delivery),2021-01-10T01:37:06+00:00,0087000807;0090040802,0.0,ST,0.0,EUR, , ,L
e1232,Create Goods Movement (from Order),2021-01-10T01:37:53+00:00,0005004667;4900000208,1.0,ST,632.54,EUR,P-101,601, 
e1233,Create Goods Movement (from Order),2021-01-10T01:37:53+00:00,0005004667;0100808000,0.0,ST,0.0,EUR,P-100, , 
e1234,Create Goods Movement (from Delivery),2021-01-10T01:37:53+00:00,0087000808;4900000208,1.0,ST,632.54,EUR,P-101,601, 
e1235,Create Goods Movement (from Delivery),2021-01-10T01:37:53+00:00,0087000808;0100808000,0.0,ST,0.0,EUR,P-100, , 
e2969,Create Invoice (from Order),2021-01-10T01:37:54+00:00,0005004667;0090040803,1.0,ST,2705.99,EUR, , ,L
e2970,Create Invoice (from Order),2021-01-10T01:37:54+00:00,0005004667;0090040803,0.0,ST,0.0,EUR, , ,L
e2971,Create Invoice (from Delivery),2021-01-10T01:37:54+00:00,0087000808;0090040803,1.0,ST,2705.99,EUR, , ,L
e2972,Create Invoice (from Delivery),2021-01-10T01:37:54+00:00,0087000808;0090040803,0.0,ST,0.0,EUR, , ,L
e1630,Create Goods Movement (from Order),2021-01-10T01:38:19+00:00,0005004668;4900000209,1.0,ST,632.54,EUR,P-101,601, 
e1631,Create Goods Movement (from Order),2021-01-10T01:38:19+00:00,0005004668;0100809000,0.0,ST,0.0,EUR,P-100, , 
e1632,Create Goods Movement (from Delivery),2021-01-10T01:38:19+00:00,0087000809;4900000209,1.0,ST,632.54,EUR,P-101,601, 
e1747,Create Goods Movement (from Delivery),2021-01-10T01:38:19+00:00,0087000809;0100809000,0.0,ST,0.0,EUR,P-100, , 
e2973,Create Invoice (from Order),2021-01-10T01:38:20+00:00,0005004668;0090040804,1.0,ST,2679.2,EUR, , ,L
e2974,Create Invoice (from Order),2021-01-10T01:38:20+00:00,0005004668;0090040804,0.0,ST,0.0,EUR, , ,L
e2975,Create Invoice (from Delivery),2021-01-10T01:38:20+00:00,0087000809;0090040804,1.0,ST,2679.2,EUR, , ,L
e2976,Create Invoice (from Delivery),2021-01-10T01:38:20+00:00,0087000809;0090040804,0.0,ST,0.0,EUR, , ,L
e2547,Create Goods Movement (from Order),2021-01-10T01:39:14+00:00,0005004669;4900000210,1.0,ST,632.54,EUR,P-101,601, 
e2548,Create Goods Movement (from Order),2021-01-10T01:39:14+00:00,0005004669;0100810000,0.0,ST,0.0,EUR,P-100, , 
e2549,Create Goods Movement (from Delivery),2021-01-10T01:39:14+00:00,0087000810;4900000210,1.0,ST,632.54,EUR,P-101,601, 
e2550,Create Goods Movement (from Delivery),2021-01-10T01:39:14+00:00,0087000810;0100810000,0.0,ST,0.0,EUR,P-100, , 
e2977,Create Invoice (from Order),2021-01-10T01:39:15+00:00,0005004669;0090040805,1.0,ST,2679.2,EUR, , ,L
e2978,Create Invoice (from Order),2021-01-10T01:39:15+00:00,0005004669;0090040805,0.0,ST,0.0,EUR, , ,L
e2979,Create Invoice (from Delivery),2021-01-10T01:39:15+00:00,0087000810;0090040805,1.0,ST,2679.2,EUR, , ,L
e2980,Create Invoice (from Delivery),2021-01-10T01:39:15+00:00,0087000810;0090040805,0.0,ST,0.0,EUR, , ,L
e3124,Create Goods Movement (from Order),2021-01-10T01:39:40+00:00,0005004670;4900000211,1.0,ST,632.54,EUR,P-101,601, 
e3125,Create Goods Movement (from Order),2021-01-10T01:39:40+00:00,0005004670;0100811000,0.0,ST,0.0,EUR,P-100, , 
e3126,Create Goods Movement (from Delivery),2021-01-10T01:39:40+00:00,0087000811;4900000211,1.0,ST,632.54,EUR,P-101,601, 
e3127,Create Goods Movement (from Delivery),2021-01-10T01:39:40+00:00,0087000811;0100811000,0.0,ST,0.0,EUR,P-100, , 
e2981,Create Invoice (from Order),2021-01-10T01:39:41+00:00,0005004670;0090040806,1.0,ST,2679.2,EUR, , ,L
e2982,Create Invoice (from Order),2021-01-10T01:39:41+00:00,0005004670;0090040806,0.0,ST,0.0,EUR, , ,L
e2983,Create Invoice (from Delivery),2021-01-10T01:39:41+00:00,0087000811;0090040806,1.0,ST,2679.2,EUR, , ,L
e2984,Create Invoice (from Delivery),2021-01-10T01:39:41+00:00,0087000811;0090040806,0.0,ST,0.0,EUR, , ,L
e2985,Create Invoice (from Order),2021-01-10T01:40:06+00:00,0005004671;0090040807,1.0,ST,2679.2,EUR, , ,L
e2986,Create Invoice (from Order),2021-01-10T01:40:06+00:00,0005004671;0090040807,0.0,ST,0.0,EUR, , ,L
e2987,Create Invoice (from Delivery),2021-01-10T01:40:06+00:00,0087000812;0090040807,1.0,ST,2679.2,EUR, , ,L
e2988,Create Invoice (from Delivery),2021-01-10T01:40:06+00:00,0087000812;0090040807,0.0,ST,0.0,EUR, , ,L
e3128,Create Goods Movement (from Order),2021-01-10T01:40:06+00:00,0005004671;4900000212,1.0,ST,632.54,EUR,P-101,601, 
e3129,Create Goods Movement (from Order),2021-01-10T01:40:06+00:00,0005004671;0100812000,0.0,ST,0.0,EUR,P-100, , 
e3130,Create Goods Movement (from Delivery),2021-01-10T01:40:06+00:00,0087000812;4900000212,1.0,ST,632.54,EUR,P-101,601, 
e3131,Create Goods Movement (from Delivery),2021-01-10T01:40:06+00:00,0087000812;0100812000,0.0,ST,0.0,EUR,P-100, , 
e2306,Create Goods Movement (from Order),2021-01-10T01:40:31+00:00,0005004672;4900000213,1.0,ST,632.54,EUR,P-101,601, 
e2307,Create Goods Movement (from Order),2021-01-10T01:40:31+00:00,0005004672;0100813000,0.0,ST,0.0,EUR,P-100, , 
e2308,Create Goods Movement (from Delivery),2021-01-10T01:40:31+00:00,0087000813;4900000213,1.0,ST,632.54,EUR,P-101,601, 
e2309,Create Goods Movement (from Delivery),2021-01-10T01:40:31+00:00,0087000813;0100813000,0.0,ST,0.0,EUR,P-100, , 
e2989,Create Invoice (from Order),2021-01-10T01:40:32+00:00,0005004672;0090040808,1.0,ST,2679.2,EUR, , ,L
e2990,Create Invoice (from Order),2021-01-10T01:40:32+00:00,0005004672;0090040808,0.0,ST,0.0,EUR, , ,L
e3089,Create Invoice (from Delivery),2021-01-10T01:40:32+00:00,0087000813;0090040808,1.0,ST,2679.2,EUR, , ,L
e3090,Create Invoice (from Delivery),2021-01-10T01:40:32+00:00,0087000813;0090040808,0.0,ST,0.0,EUR, , ,L
e1331,Create Goods Movement (from Order),2021-01-10T01:41:52+00:00,0005004673;4900000214,2.0,ST,1265.08,EUR,P-101,601, 
e1332,Create Goods Movement (from Order),2021-01-10T01:41:52+00:00,0005004673;0100814000,0.0,ST,0.0,EUR,P-100, , 
e1333,Create Goods Movement (from Delivery),2021-01-10T01:41:52+00:00,0087000814;4900000214,2.0,ST,1265.08,EUR,P-101,601, 
e1334,Create Goods Movement (from Delivery),2021-01-10T01:41:52+00:00,0087000814;0100814000,0.0,ST,0.0,EUR,P-100, , 
e3091,Create Invoice (from Order),2021-01-10T01:41:53+00:00,0005004673;0090040809,2.0,ST,5411.98,EUR, , ,L
e3092,Create Invoice (from Order),2021-01-10T01:41:53+00:00,0005004673;0090040809,0.0,ST,0.0,EUR, , ,L
e3093,Create Invoice (from Delivery),2021-01-10T01:41:53+00:00,0087000814;0090040809,2.0,ST,5411.98,EUR, , ,L
e3094,Create Invoice (from Delivery),2021-01-10T01:41:53+00:00,0087000814;0090040809,0.0,ST,0.0,EUR, , ,L
e3132,Create Goods Movement (from Order),2021-01-10T01:42:18+00:00,0005004674;4900000215,1.0,ST,632.54,EUR,P-101,601, 
e3133,Create Goods Movement (from Order),2021-01-10T01:42:18+00:00,0005004674;0100815000,0.0,ST,0.0,EUR,P-100, , 
e3134,Create Goods Movement (from Delivery),2021-01-10T01:42:18+00:00,0087000815;4900000215,1.0,ST,632.54,EUR,P-101,601, 
e3135,Create Goods Movement (from Delivery),2021-01-10T01:42:18+00:00,0087000815;0100815000,0.0,ST,0.0,EUR,P-100, , 
e3095,Create Invoice (from Order),2021-01-10T01:42:19+00:00,0005004674;0090040810,1.0,ST,2679.2,EUR, , ,L
e3096,Create Invoice (from Order),2021-01-10T01:42:19+00:00,0005004674;0090040810,0.0,ST,0.0,EUR, , ,L
e3097,Create Invoice (from Delivery),2021-01-10T01:42:19+00:00,0087000815;0090040810,1.0,ST,2679.2,EUR, , ,L
e3098,Create Invoice (from Delivery),2021-01-10T01:42:19+00:00,0087000815;0090040810,0.0,ST,0.0,EUR, , ,L
e2551,Create Goods Movement (from Order),2021-01-10T01:43:17+00:00,0005004675;4900000216,2.0,ST,1265.08,EUR,P-101,601, 
e2552,Create Goods Movement (from Order),2021-01-10T01:43:17+00:00,0005004675;0100816000,0.0,ST,0.0,EUR,P-100, , 
e2553,Create Goods Movement (from Delivery),2021-01-10T01:43:17+00:00,0087000816;4900000216,2.0,ST,1265.08,EUR,P-101,601, 
e2554,Create Goods Movement (from Delivery),2021-01-10T01:43:17+00:00,0087000816;0100816000,0.0,ST,0.0,EUR,P-100, , 
e3099,Create Invoice (from Order),2021-01-10T01:43:18+00:00,0005004675;0090040811,2.0,ST,5358.4,EUR, , ,L
e3100,Create Invoice (from Order),2021-01-10T01:43:18+00:00,0005004675;0090040811,0.0,ST,0.0,EUR, , ,L
e3101,Create Invoice (from Delivery),2021-01-10T01:43:18+00:00,0087000816;0090040811,2.0,ST,5358.4,EUR, , ,L
e3102,Create Invoice (from Delivery),2021-01-10T01:43:18+00:00,0087000816;0090040811,0.0,ST,0.0,EUR, , ,L
e1236,Create Goods Movement (from Order),2021-01-10T01:43:49+00:00,0005004676;4900000217,1.0,ST,632.54,EUR,P-101,601, 
e1237,Create Goods Movement (from Order),2021-01-10T01:43:49+00:00,0005004676;0100817000,0.0,ST,0.0,EUR,P-100, , 
e1238,Create Goods Movement (from Delivery),2021-01-10T01:43:49+00:00,0087000817;4900000217,1.0,ST,632.54,EUR,P-101,601, 
e1239,Create Goods Movement (from Delivery),2021-01-10T01:43:49+00:00,0087000817;0100817000,0.0,ST,0.0,EUR,P-100, , 
e3103,Create Invoice (from Order),2021-01-10T01:43:50+00:00,0005004676;0090040812,1.0,ST,2679.2,EUR, , ,L
e3104,Create Invoice (from Order),2021-01-10T01:43:50+00:00,0005004676;0090040812,0.0,ST,0.0,EUR, , ,L
e3105,Create Invoice (from Delivery),2021-01-10T01:43:50+00:00,0087000817;0090040812,1.0,ST,2679.2,EUR, , ,L
e3106,Create Invoice (from Delivery),2021-01-10T01:43:50+00:00,0087000817;0090040812,0.0,ST,0.0,EUR, , ,L
e1416,Create Goods Movement (from Order),2021-01-10T01:44:28+00:00,0005004677;4900000218,1.0,ST,632.54,EUR,P-101,601, 
e1417,Create Goods Movement (from Order),2021-01-10T01:44:28+00:00,0005004677;0100818000,0.0,ST,0.0,EUR,P-100, , 
e1418,Create Goods Movement (from Delivery),2021-01-10T01:44:28+00:00,0087000818;4900000218,1.0,ST,632.54,EUR,P-101,601, 
e1419,Create Goods Movement (from Delivery),2021-01-10T01:44:28+00:00,0087000818;0100818000,0.0,ST,0.0,EUR,P-100, , 
e3107,Create Invoice (from Order),2021-01-10T01:44:29+00:00,0005004677;0090040813,1.0,ST,2679.2,EUR, , ,L
e3108,Create Invoice (from Order),2021-01-10T01:44:29+00:00,0005004677;0090040813,0.0,ST,0.0,EUR, , ,L
e3109,Create Invoice (from Delivery),2021-01-10T01:44:29+00:00,0087000818;0090040813,1.0,ST,2679.2,EUR, , ,L
e3110,Create Invoice (from Delivery),2021-01-10T01:44:29+00:00,0087000818;0090040813,0.0,ST,0.0,EUR, , ,L
e2108,Create Goods Movement (from Order),2021-01-10T01:44:55+00:00,0005004678;4900000219,1.0,ST,632.54,EUR,P-101,601, 
e2109,Create Goods Movement (from Order),2021-01-10T01:44:55+00:00,0005004678;0100819000,0.0,ST,0.0,EUR,P-100, , 
e2110,Create Goods Movement (from Delivery),2021-01-10T01:44:55+00:00,0087000819;4900000219,1.0,ST,632.54,EUR,P-101,601, 
e2111,Create Goods Movement (from Delivery),2021-01-10T01:44:55+00:00,0087000819;0100819000,0.0,ST,0.0,EUR,P-100, , 
e3111,Create Invoice (from Order),2021-01-10T01:44:56+00:00,0005004678;0090040814,1.0,ST,2679.2,EUR, , ,L
e3112,Create Invoice (from Order),2021-01-10T01:44:56+00:00,0005004678;0090040814,0.0,ST,0.0,EUR, , ,L
e3113,Create Invoice (from Delivery),2021-01-10T01:44:56+00:00,0087000819;0090040814,1.0,ST,2679.2,EUR, , ,L
e3114,Create Invoice (from Delivery),2021-01-10T01:44:56+00:00,0087000819;0090040814,0.0,ST,0.0,EUR, , ,L
e2555,Create Goods Movement (from Order),2021-01-10T01:46:16+00:00,0005004679;4900000220,2.0,ST,1265.08,EUR,P-101,601, 
e2556,Create Goods Movement (from Order),2021-01-10T01:46:16+00:00,0005004679;0100820000,0.0,ST,0.0,EUR,P-100, , 
e2557,Create Goods Movement (from Delivery),2021-01-10T01:46:16+00:00,0087000820;4900000220,2.0,ST,1265.08,EUR,P-101,601, 
e2558,Create Goods Movement (from Delivery),2021-01-10T01:46:16+00:00,0087000820;0100820000,0.0,ST,0.0,EUR,P-100, , 
e1988,Create Invoice (from Order),2021-01-10T01:46:17+00:00,0005004679;0090040815,2.0,ST,5411.98,EUR, , ,L
e1989,Create Invoice (from Order),2021-01-10T01:46:17+00:00,0005004679;0090040815,0.0,ST,0.0,EUR, , ,L
e1990,Create Invoice (from Delivery),2021-01-10T01:46:17+00:00,0087000820;0090040815,2.0,ST,5411.98,EUR, , ,L
e1991,Create Invoice (from Delivery),2021-01-10T01:46:17+00:00,0087000820;0090040815,0.0,ST,0.0,EUR, , ,L
e1368,Create Goods Movement (from Order),2021-01-10T01:46:43+00:00,0005004680;4900000221,1.0,ST,632.54,EUR,P-101,601, 
e1369,Create Goods Movement (from Order),2021-01-10T01:46:43+00:00,0005004680;0100821000,0.0,ST,0.0,EUR,P-100, , 
e1370,Create Goods Movement (from Delivery),2021-01-10T01:46:43+00:00,0087000821;4900000221,1.0,ST,632.54,EUR,P-101,601, 
e1371,Create Goods Movement (from Delivery),2021-01-10T01:46:43+00:00,0087000821;0100821000,0.0,ST,0.0,EUR,P-100, , 
e1992,Create Invoice (from Order),2021-01-10T01:46:44+00:00,0005004680;0090040816,1.0,ST,2679.2,EUR, , ,L
e1993,Create Invoice (from Order),2021-01-10T01:46:44+00:00,0005004680;0090040816,0.0,ST,0.0,EUR, , ,L
e1994,Create Invoice (from Delivery),2021-01-10T01:46:44+00:00,0087000821;0090040816,1.0,ST,2679.2,EUR, , ,L
e1995,Create Invoice (from Delivery),2021-01-10T01:46:44+00:00,0087000821;0090040816,0.0,ST,0.0,EUR, , ,L
e3136,Create Goods Movement (from Order),2021-01-10T01:48:55+00:00,0005004681;4900000222,2.0,ST,1265.08,EUR,P-101,601, 
e3137,Create Goods Movement (from Order),2021-01-10T01:48:55+00:00,0005004681;0100822000,0.0,ST,0.0,EUR,P-100, , 
e3138,Create Goods Movement (from Delivery),2021-01-10T01:48:55+00:00,0087000822;4900000222,2.0,ST,1265.08,EUR,P-101,601, 
e3139,Create Goods Movement (from Delivery),2021-01-10T01:48:55+00:00,0087000822;0100822000,0.0,ST,0.0,EUR,P-100, , 
e1996,Create Invoice (from Order),2021-01-10T01:48:56+00:00,0005004681;0090040817,2.0,ST,5411.98,EUR, , ,L
e1997,Create Invoice (from Order),2021-01-10T01:48:56+00:00,0005004681;0090040817,0.0,ST,0.0,EUR, , ,L
e1998,Create Invoice (from Delivery),2021-01-10T01:48:56+00:00,0087000822;0090040817,2.0,ST,5411.98,EUR, , ,L
e1999,Create Invoice (from Delivery),2021-01-10T01:48:56+00:00,0087000822;0090040817,0.0,ST,0.0,EUR, , ,L
e2559,Create Goods Movement (from Order),2021-01-10T01:49:22+00:00,0005004682;4900000223,1.0,ST,632.54,EUR,P-101,601, 
e2560,Create Goods Movement (from Order),2021-01-10T01:49:22+00:00,0005004682;0100823000,0.0,ST,0.0,EUR,P-100, , 
e2561,Create Goods Movement (from Delivery),2021-01-10T01:49:22+00:00,0087000823;4900000223,1.0,ST,632.54,EUR,P-101,601, 
e2562,Create Goods Movement (from Delivery),2021-01-10T01:49:22+00:00,0087000823;0100823000,0.0,ST,0.0,EUR,P-100, , 
e2000,Create Invoice (from Order),2021-01-10T01:49:23+00:00,0005004682;0090040818,1.0,ST,2679.2,EUR, , ,L
e2001,Create Invoice (from Order),2021-01-10T01:49:23+00:00,0005004682;0090040818,0.0,ST,0.0,EUR, , ,L
e2002,Create Invoice (from Delivery),2021-01-10T01:49:23+00:00,0087000823;0090040818,1.0,ST,2679.2,EUR, , ,L
e2003,Create Invoice (from Delivery),2021-01-10T01:49:23+00:00,0087000823;0090040818,0.0,ST,0.0,EUR, , ,L
e1748,Create Goods Movement (from Order),2021-01-10T01:51:18+00:00,0005004683;4900000224,2.0,ST,1265.08,EUR,P-101,601, 
e1749,Create Goods Movement (from Order),2021-01-10T01:51:18+00:00,0005004683;0100824000,0.0,ST,0.0,EUR,P-100, , 
e1750,Create Goods Movement (from Delivery),2021-01-10T01:51:18+00:00,0087000824;4900000224,2.0,ST,1265.08,EUR,P-101,601, 
e1751,Create Goods Movement (from Delivery),2021-01-10T01:51:18+00:00,0087000824;0100824000,0.0,ST,0.0,EUR,P-100, , 
e2004,Create Invoice (from Order),2021-01-10T01:51:18+00:00,0005004683;0090040819,2.0,ST,5411.98,EUR, , ,L
e2005,Create Invoice (from Order),2021-01-10T01:51:18+00:00,0005004683;0090040819,0.0,ST,0.0,EUR, , ,L
e2006,Create Invoice (from Delivery),2021-01-10T01:51:18+00:00,0087000824;0090040819,2.0,ST,5411.98,EUR, , ,L
e2007,Create Invoice (from Delivery),2021-01-10T01:51:18+00:00,0087000824;0090040819,0.0,ST,0.0,EUR, , ,L
e3140,Create Goods Movement (from Order),2021-01-10T01:51:43+00:00,0005004684;4900000225,1.0,ST,632.54,EUR,P-101,601, 
e3141,Create Goods Movement (from Order),2021-01-10T01:51:43+00:00,0005004684;0100825000,0.0,ST,0.0,EUR,P-100, , 
e3142,Create Goods Movement (from Delivery),2021-01-10T01:51:43+00:00,0087000825;4900000225,1.0,ST,632.54,EUR,P-101,601, 
e3143,Create Goods Movement (from Delivery),2021-01-10T01:51:43+00:00,0087000825;0100825000,0.0,ST,0.0,EUR,P-100, , 
e2008,Create Invoice (from Order),2021-01-10T01:51:44+00:00,0005004684;0090040820,1.0,ST,2679.2,EUR, , ,L
e2009,Create Invoice (from Order),2021-01-10T01:51:44+00:00,0005004684;0090040820,0.0,ST,0.0,EUR, , ,L
e2010,Create Invoice (from Delivery),2021-01-10T01:51:44+00:00,0087000825;0090040820,1.0,ST,2679.2,EUR, , ,L
e2011,Create Invoice (from Delivery),2021-01-10T01:51:44+00:00,0087000825;0090040820,0.0,ST,0.0,EUR, , ,L
e3144,Create Goods Movement (from Order),2021-01-10T01:52:31+00:00,0005004685;4900000226,2.0,ST,1265.08,EUR,P-101,601, 
e3145,Create Goods Movement (from Order),2021-01-10T01:52:31+00:00,0005004685;0100826000,0.0,ST,0.0,EUR,P-100, , 
e3146,Create Goods Movement (from Delivery),2021-01-10T01:52:31+00:00,0087000826;4900000226,2.0,ST,1265.08,EUR,P-101,601, 
e3147,Create Goods Movement (from Delivery),2021-01-10T01:52:31+00:00,0087000826;0100826000,0.0,ST,0.0,EUR,P-100, , 
e2012,Create Invoice (from Order),2021-01-10T01:52:32+00:00,0005004685;0090040821,2.0,ST,5358.4,EUR, , ,L
e2013,Create Invoice (from Order),2021-01-10T01:52:32+00:00,0005004685;0090040821,0.0,ST,0.0,EUR, , ,L
e2014,Create Invoice (from Delivery),2021-01-10T01:52:32+00:00,0087000826;0090040821,2.0,ST,5358.4,EUR, , ,L
e2015,Create Invoice (from Delivery),2021-01-10T01:52:32+00:00,0087000826;0090040821,0.0,ST,0.0,EUR, , ,L
e1372,Create Goods Movement (from Order),2021-01-10T01:52:56+00:00,0005004686;4900000227,1.0,ST,632.54,EUR,P-101,601, 
e1373,Create Goods Movement (from Order),2021-01-10T01:52:56+00:00,0005004686;0100827000,0.0,ST,0.0,EUR,P-100, , 
e3115,Create Goods Movement (from Delivery),2021-01-10T01:52:56+00:00,0087000827;4900000227,1.0,ST,632.54,EUR,P-101,601, 
e3116,Create Goods Movement (from Delivery),2021-01-10T01:52:56+00:00,0087000827;0100827000,0.0,ST,0.0,EUR,P-100, , 
e2016,Create Invoice (from Order),2021-01-10T01:52:57+00:00,0005004686;0090040822,1.0,ST,2679.2,EUR, , ,L
e2017,Create Invoice (from Order),2021-01-10T01:52:57+00:00,0005004686;0090040822,0.0,ST,0.0,EUR, , ,L
e2055,Create Invoice (from Delivery),2021-01-10T01:52:57+00:00,0087000827;0090040822,1.0,ST,2679.2,EUR, , ,L
e2056,Create Invoice (from Delivery),2021-01-10T01:52:57+00:00,0087000827;0090040822,0.0,ST,0.0,EUR, , ,L
e3117,Create Goods Movement (from Order),2021-01-10T01:53:22+00:00,0005004687;4900000228,1.0,ST,632.54,EUR,P-101,601, 
e3118,Create Goods Movement (from Order),2021-01-10T01:53:22+00:00,0005004687;0100828000,0.0,ST,0.0,EUR,P-100, , 
e3119,Create Goods Movement (from Delivery),2021-01-10T01:53:22+00:00,0087000828;4900000228,1.0,ST,632.54,EUR,P-101,601, 
e3120,Create Goods Movement (from Delivery),2021-01-10T01:53:22+00:00,0087000828;0100828000,0.0,ST,0.0,EUR,P-100, , 
e2057,Create Invoice (from Order),2021-01-10T01:53:23+00:00,0005004687;0090040823,1.0,ST,2679.2,EUR, , ,L
e2058,Create Invoice (from Order),2021-01-10T01:53:23+00:00,0005004687;0090040823,0.0,ST,0.0,EUR, , ,L
e2059,Create Invoice (from Delivery),2021-01-10T01:53:23+00:00,0087000828;0090040823,1.0,ST,2679.2,EUR, , ,L
e2060,Create Invoice (from Delivery),2021-01-10T01:53:23+00:00,0087000828;0090040823,0.0,ST,0.0,EUR, , ,L
e2435,Create Goods Movement (from Order),2021-01-10T01:53:48+00:00,0005004688;4900000229,1.0,ST,632.54,EUR,P-101,601, 
e2436,Create Goods Movement (from Order),2021-01-10T01:53:48+00:00,0005004688;0100829000,0.0,ST,0.0,EUR,P-100, , 
e2437,Create Goods Movement (from Delivery),2021-01-10T01:53:48+00:00,0087000829;4900000229,1.0,ST,632.54,EUR,P-101,601, 
e2438,Create Goods Movement (from Delivery),2021-01-10T01:53:48+00:00,0087000829;0100829000,0.0,ST,0.0,EUR,P-100, , 
e2061,Create Invoice (from Order),2021-01-10T01:53:49+00:00,0005004688;0090040824,1.0,ST,2679.2,EUR, , ,L
e2062,Create Invoice (from Order),2021-01-10T01:53:49+00:00,0005004688;0090040824,0.0,ST,0.0,EUR, , ,L
e2063,Create Invoice (from Delivery),2021-01-10T01:53:49+00:00,0087000829;0090040824,1.0,ST,2679.2,EUR, , ,L
e2064,Create Invoice (from Delivery),2021-01-10T01:53:49+00:00,0087000829;0090040824,0.0,ST,0.0,EUR, , ,L
e1456,Create Goods Movement (from Order),2021-01-10T01:55:25+00:00,0005004689;4900000230,1.0,ST,632.54,EUR,P-101,601, 
e1457,Create Goods Movement (from Order),2021-01-10T01:55:25+00:00,0005004689;0100830000,0.0,ST,0.0,EUR,P-100, , 
e1458,Create Goods Movement (from Delivery),2021-01-10T01:55:25+00:00,0087000830;4900000230,1.0,ST,632.54,EUR,P-101,601, 
e1459,Create Goods Movement (from Delivery),2021-01-10T01:55:25+00:00,0087000830;0100830000,0.0,ST,0.0,EUR,P-100, , 
e2065,Create Invoice (from Order),2021-01-10T01:55:25+00:00,0005004689;0090040825,1.0,ST,2705.99,EUR, , ,L
e2066,Create Invoice (from Order),2021-01-10T01:55:25+00:00,0005004689;0090040825,0.0,ST,0.0,EUR, , ,L
e2067,Create Invoice (from Delivery),2021-01-10T01:55:25+00:00,0087000830;0090040825,1.0,ST,2705.99,EUR, , ,L
e2068,Create Invoice (from Delivery),2021-01-10T01:55:25+00:00,0087000830;0090040825,0.0,ST,0.0,EUR, , ,L
e2310,Create Goods Movement (from Order),2021-01-10T01:55:50+00:00,0005004690;4900000231,1.0,ST,632.54,EUR,P-101,601, 
e2311,Create Goods Movement (from Order),2021-01-10T01:55:50+00:00,0005004690;0100831000,0.0,ST,0.0,EUR,P-100, , 
e2312,Create Goods Movement (from Delivery),2021-01-10T01:55:50+00:00,0087000831;4900000231,1.0,ST,632.54,EUR,P-101,601, 
e2313,Create Goods Movement (from Delivery),2021-01-10T01:55:50+00:00,0087000831;0100831000,0.0,ST,0.0,EUR,P-100, , 
e2069,Create Invoice (from Order),2021-01-10T01:55:51+00:00,0005004690;0090040826,1.0,ST,2679.2,EUR, , ,L
e2070,Create Invoice (from Order),2021-01-10T01:55:51+00:00,0005004690;0090040826,0.0,ST,0.0,EUR, , ,L
e2071,Create Invoice (from Delivery),2021-01-10T01:55:51+00:00,0087000831;0090040826,1.0,ST,2679.2,EUR, , ,L
e2072,Create Invoice (from Delivery),2021-01-10T01:55:51+00:00,0087000831;0090040826,0.0,ST,0.0,EUR, , ,L
e1557,Create Goods Movement (from Order),2021-01-10T01:57:22+00:00,0005004691;4900000232,1.0,ST,632.54,EUR,P-101,601, 
e1558,Create Goods Movement (from Order),2021-01-10T01:57:22+00:00,0005004691;0100832000,0.0,ST,0.0,EUR,P-100, , 
e1559,Create Goods Movement (from Delivery),2021-01-10T01:57:22+00:00,0087000832;4900000232,1.0,ST,632.54,EUR,P-101,601, 
e1560,Create Goods Movement (from Delivery),2021-01-10T01:57:22+00:00,0087000832;0100832000,0.0,ST,0.0,EUR,P-100, , 
e3148,Create Invoice (from Order),2021-01-10T01:57:23+00:00,0005004691;0090040827,1.0,ST,2705.99,EUR, , ,L
e3149,Create Invoice (from Order),2021-01-10T01:57:23+00:00,0005004691;0090040827,0.0,ST,0.0,EUR, , ,L
e3150,Create Invoice (from Delivery),2021-01-10T01:57:23+00:00,0087000832;0090040827,1.0,ST,2705.99,EUR, , ,L
e3151,Create Invoice (from Delivery),2021-01-10T01:57:23+00:00,0087000832;0090040827,0.0,ST,0.0,EUR, , ,L
e1335,Create Goods Movement (from Order),2021-01-10T01:57:47+00:00,0005004692;4900000233,1.0,ST,632.54,EUR,P-101,601, 
e1336,Create Goods Movement (from Order),2021-01-10T01:57:47+00:00,0005004692;0100833000,0.0,ST,0.0,EUR,P-100, , 
e1337,Create Goods Movement (from Delivery),2021-01-10T01:57:47+00:00,0087000833;4900000233,1.0,ST,632.54,EUR,P-101,601, 
e1338,Create Goods Movement (from Delivery),2021-01-10T01:57:47+00:00,0087000833;0100833000,0.0,ST,0.0,EUR,P-100, , 
e3152,Create Invoice (from Order),2021-01-10T01:57:48+00:00,0005004692;0090040828,1.0,ST,2679.2,EUR, , ,L
e3153,Create Invoice (from Order),2021-01-10T01:57:48+00:00,0005004692;0090040828,0.0,ST,0.0,EUR, , ,L
e3154,Create Invoice (from Delivery),2021-01-10T01:57:48+00:00,0087000833;0090040828,1.0,ST,2679.2,EUR, , ,L
e3155,Create Invoice (from Delivery),2021-01-10T01:57:48+00:00,0087000833;0090040828,0.0,ST,0.0,EUR, , ,L
e1374,Create Goods Movement (from Order),2021-01-10T01:58:13+00:00,0005004693;4900000234,1.0,ST,632.54,EUR,P-101,601, 
e1375,Create Goods Movement (from Order),2021-01-10T01:58:13+00:00,0005004693;0100834000,0.0,ST,0.0,EUR,P-100, , 
e1376,Create Goods Movement (from Delivery),2021-01-10T01:58:13+00:00,0087000834;4900000234,1.0,ST,632.54,EUR,P-101,601, 
e1377,Create Goods Movement (from Delivery),2021-01-10T01:58:13+00:00,0087000834;0100834000,0.0,ST,0.0,EUR,P-100, , 
e1271,Create Invoice (from Order),2021-01-10T01:58:14+00:00,0005004693;0090040829,1.0,ST,2679.2,EUR, , ,L
e1272,Create Invoice (from Order),2021-01-10T01:58:14+00:00,0005004693;0090040829,0.0,ST,0.0,EUR, , ,L
e1273,Create Invoice (from Delivery),2021-01-10T01:58:14+00:00,0087000834;0090040829,1.0,ST,2679.2,EUR, , ,L
e1274,Create Invoice (from Delivery),2021-01-10T01:58:14+00:00,0087000834;0090040829,0.0,ST,0.0,EUR, , ,L
e2314,Create Goods Movement (from Order),2021-01-10T01:58:39+00:00,0005004694;4900000235,1.0,ST,632.54,EUR,P-101,601, 
e2315,Create Goods Movement (from Order),2021-01-10T01:58:39+00:00,0005004694;0100835000,0.0,ST,0.0,EUR,P-100, , 
e2316,Create Goods Movement (from Delivery),2021-01-10T01:58:39+00:00,0087000835;4900000235,1.0,ST,632.54,EUR,P-101,601, 
e2317,Create Goods Movement (from Delivery),2021-01-10T01:58:39+00:00,0087000835;0100835000,0.0,ST,0.0,EUR,P-100, , 
e1275,Create Invoice (from Order),2021-01-10T01:58:40+00:00,0005004694;0090040830,1.0,ST,2679.2,EUR, , ,L
e1276,Create Invoice (from Order),2021-01-10T01:58:40+00:00,0005004694;0090040830,0.0,ST,0.0,EUR, , ,L
e1277,Create Invoice (from Delivery),2021-01-10T01:58:40+00:00,0087000835;0090040830,1.0,ST,2679.2,EUR, , ,L
e1278,Create Invoice (from Delivery),2021-01-10T01:58:40+00:00,0087000835;0090040830,0.0,ST,0.0,EUR, , ,L
e1339,Create Goods Movement (from Order),2021-01-10T01:59:43+00:00,0005004695;4900000236,1.0,ST,632.54,EUR,P-101,601, 
e1340,Create Goods Movement (from Order),2021-01-10T01:59:43+00:00,0005004695;0100836000,0.0,ST,0.0,EUR,P-100, , 
e1341,Create Goods Movement (from Delivery),2021-01-10T01:59:43+00:00,0087000836;4900000236,1.0,ST,632.54,EUR,P-101,601, 
e1561,Create Goods Movement (from Delivery),2021-01-10T01:59:43+00:00,0087000836;0100836000,0.0,ST,0.0,EUR,P-100, , 
e1279,Create Invoice (from Order),2021-01-10T01:59:44+00:00,0005004695;0090040831,1.0,ST,2705.99,EUR, , ,L
e1280,Create Invoice (from Order),2021-01-10T01:59:44+00:00,0005004695;0090040831,0.0,ST,0.0,EUR, , ,L
e1281,Create Invoice (from Delivery),2021-01-10T01:59:44+00:00,0087000836;0090040831,1.0,ST,2705.99,EUR, , ,L
e1282,Create Invoice (from Delivery),2021-01-10T01:59:44+00:00,0087000836;0090040831,0.0,ST,0.0,EUR, , ,L
e1283,Create Invoice (from Order),2021-01-10T02:00:09+00:00,0005004696;0090040832,1.0,ST,2679.2,EUR, , ,L
e1284,Create Invoice (from Order),2021-01-10T02:00:09+00:00,0005004696;0090040832,0.0,ST,0.0,EUR, , ,L
e1285,Create Invoice (from Delivery),2021-01-10T02:00:09+00:00,0087000837;0090040832,1.0,ST,2679.2,EUR, , ,L
e1286,Create Invoice (from Delivery),2021-01-10T02:00:09+00:00,0087000837;0090040832,0.0,ST,0.0,EUR, , ,L
e1578,Create Goods Movement (from Order),2021-01-10T02:00:09+00:00,0005004696;4900000237,1.0,ST,632.54,EUR,P-101,601, 
e1579,Create Goods Movement (from Order),2021-01-10T02:00:09+00:00,0005004696;0100837000,0.0,ST,0.0,EUR,P-100, , 
e1580,Create Goods Movement (from Delivery),2021-01-10T02:00:09+00:00,0087000837;4900000237,1.0,ST,632.54,EUR,P-101,601, 
e1581,Create Goods Movement (from Delivery),2021-01-10T02:00:09+00:00,0087000837;0100837000,0.0,ST,0.0,EUR,P-100, , 
e1420,Create Goods Movement (from Order),2021-01-10T02:00:56+00:00,0005004697;4900000238,1.0,ST,632.54,EUR,P-101,601, 
e1421,Create Goods Movement (from Order),2021-01-10T02:00:56+00:00,0005004697;0100838000,0.0,ST,0.0,EUR,P-100, , 
e1422,Create Goods Movement (from Delivery),2021-01-10T02:00:56+00:00,0087000838;4900000238,1.0,ST,632.54,EUR,P-101,601, 
e1423,Create Goods Movement (from Delivery),2021-01-10T02:00:56+00:00,0087000838;0100838000,0.0,ST,0.0,EUR,P-100, , 
e1287,Create Invoice (from Order),2021-01-10T02:00:57+00:00,0005004697;0090040833,1.0,ST,2679.2,EUR, , ,L
e1288,Create Invoice (from Order),2021-01-10T02:00:57+00:00,0005004697;0090040833,0.0,ST,0.0,EUR, , ,L
e1289,Create Invoice (from Delivery),2021-01-10T02:00:57+00:00,0087000838;0090040833,1.0,ST,2679.2,EUR, , ,L
e1290,Create Invoice (from Delivery),2021-01-10T02:00:57+00:00,0087000838;0090040833,0.0,ST,0.0,EUR, , ,L
e1460,Create Goods Movement (from Order),2021-01-10T02:01:21+00:00,0005004698;4900000239,1.0,ST,632.54,EUR,P-101,601, 
e1461,Create Goods Movement (from Order),2021-01-10T02:01:21+00:00,0005004698;0100839000,0.0,ST,0.0,EUR,P-100, , 
e1462,Create Goods Movement (from Delivery),2021-01-10T02:01:21+00:00,0087000839;4900000239,1.0,ST,632.54,EUR,P-101,601, 
e1463,Create Goods Movement (from Delivery),2021-01-10T02:01:21+00:00,0087000839;0100839000,0.0,ST,0.0,EUR,P-100, , 
e1291,Create Invoice (from Order),2021-01-10T02:01:22+00:00,0005004698;0090040834,1.0,ST,2679.2,EUR, , ,L
e1292,Create Invoice (from Order),2021-01-10T02:01:22+00:00,0005004698;0090040834,0.0,ST,0.0,EUR, , ,L
e1293,Create Invoice (from Delivery),2021-01-10T02:01:22+00:00,0087000839;0090040834,1.0,ST,2679.2,EUR, , ,L
e1294,Create Invoice (from Delivery),2021-01-10T02:01:22+00:00,0087000839;0090040834,0.0,ST,0.0,EUR, , ,L
e1562,Create Goods Movement (from Order),2021-01-10T02:03:11+00:00,0005004699;4900000240,1.0,ST,632.54,EUR,P-101,601, 
e1563,Create Goods Movement (from Order),2021-01-10T02:03:11+00:00,0005004699;0100840000,0.0,ST,0.0,EUR,P-100, , 
e1564,Create Goods Movement (from Delivery),2021-01-10T02:03:11+00:00,0087000840;4900000240,1.0,ST,632.54,EUR,P-101,601, 
e1565,Create Goods Movement (from Delivery),2021-01-10T02:03:11+00:00,0087000840;0100840000,0.0,ST,0.0,EUR,P-100, , 
e2123,Create Invoice (from Order),2021-01-10T02:03:12+00:00,0005004699;0090040835,1.0,ST,2705.99,EUR, , ,L
e2124,Create Invoice (from Order),2021-01-10T02:03:12+00:00,0005004699;0090040835,0.0,ST,0.0,EUR, , ,L
e2125,Create Invoice (from Delivery),2021-01-10T02:03:12+00:00,0087000840;0090040835,1.0,ST,2705.99,EUR, , ,L
e2126,Create Invoice (from Delivery),2021-01-10T02:03:12+00:00,0087000840;0090040835,0.0,ST,0.0,EUR, , ,L
e1464,Create Goods Movement (from Order),2021-01-10T02:03:40+00:00,0005004700;4900000241,1.0,ST,632.54,EUR,P-101,601, 
e1465,Create Goods Movement (from Order),2021-01-10T02:03:40+00:00,0005004700;0100841000,0.0,ST,0.0,EUR,P-100, , 
e1466,Create Goods Movement (from Delivery),2021-01-10T02:03:40+00:00,0087000841;4900000241,1.0,ST,632.54,EUR,P-101,601, 
e1467,Create Goods Movement (from Delivery),2021-01-10T02:03:40+00:00,0087000841;0100841000,0.0,ST,0.0,EUR,P-100, , 
e2127,Create Invoice (from Order),2021-01-10T02:03:40+00:00,0005004700;0090040836,1.0,ST,2679.2,EUR, , ,L
e2128,Create Invoice (from Order),2021-01-10T02:03:40+00:00,0005004700;0090040836,0.0,ST,0.0,EUR, , ,L
e2129,Create Invoice (from Delivery),2021-01-10T02:03:40+00:00,0087000841;0090040836,1.0,ST,2679.2,EUR, , ,L
e2130,Create Invoice (from Delivery),2021-01-10T02:03:40+00:00,0087000841;0090040836,0.0,ST,0.0,EUR, , ,L
e1566,Create Goods Movement (from Order),2021-01-10T02:05:43+00:00,0005004701;4900000242,2.0,ST,1265.08,EUR,P-101,601, 
e1567,Create Goods Movement (from Order),2021-01-10T02:05:43+00:00,0005004701;0100842000,0.0,ST,0.0,EUR,P-100, , 
e1568,Create Goods Movement (from Delivery),2021-01-10T02:05:43+00:00,0087000842;4900000242,2.0,ST,1265.08,EUR,P-101,601, 
e1569,Create Goods Movement (from Delivery),2021-01-10T02:05:43+00:00,0087000842;0100842000,0.0,ST,0.0,EUR,P-100, , 
e2131,Create Invoice (from Order),2021-01-10T02:05:44+00:00,0005004701;0090040837,2.0,ST,5411.98,EUR, , ,L
e2132,Create Invoice (from Order),2021-01-10T02:05:44+00:00,0005004701;0090040837,0.0,ST,0.0,EUR, , ,L
e2133,Create Invoice (from Delivery),2021-01-10T02:05:44+00:00,0087000842;0090040837,2.0,ST,5411.98,EUR, , ,L
e2134,Create Invoice (from Delivery),2021-01-10T02:05:44+00:00,0087000842;0090040837,0.0,ST,0.0,EUR, , ,L
e1424,Create Goods Movement (from Order),2021-01-10T02:06:09+00:00,0005004702;4900000243,1.0,ST,632.54,EUR,P-101,601, 
e1425,Create Goods Movement (from Order),2021-01-10T02:06:09+00:00,0005004702;0100843000,0.0,ST,0.0,EUR,P-100, , 
e1426,Create Goods Movement (from Delivery),2021-01-10T02:06:09+00:00,0087000843;4900000243,1.0,ST,632.54,EUR,P-101,601, 
e1427,Create Goods Movement (from Delivery),2021-01-10T02:06:09+00:00,0087000843;0100843000,0.0,ST,0.0,EUR,P-100, , 
e2135,Create Invoice (from Order),2021-01-10T02:06:10+00:00,0005004702;0090040838,1.0,ST,2679.2,EUR, , ,L
e2136,Create Invoice (from Order),2021-01-10T02:06:10+00:00,0005004702;0090040838,0.0,ST,0.0,EUR, , ,L
e2137,Create Invoice (from Delivery),2021-01-10T02:06:10+00:00,0087000843;0090040838,1.0,ST,2679.2,EUR, , ,L
e2138,Create Invoice (from Delivery),2021-01-10T02:06:10+00:00,0087000843;0090040838,0.0,ST,0.0,EUR, , ,L
e1254,Create Goods Movement (from Order),2021-01-10T02:06:35+00:00,0005004703;4900000244,1.0,ST,632.54,EUR,P-101,601, 
e1255,Create Goods Movement (from Order),2021-01-10T02:06:35+00:00,0005004703;0100844000,0.0,ST,0.0,EUR,P-100, , 
e1256,Create Goods Movement (from Delivery),2021-01-10T02:06:35+00:00,0087000844;4900000244,1.0,ST,632.54,EUR,P-101,601, 
e1257,Create Goods Movement (from Delivery),2021-01-10T02:06:35+00:00,0087000844;0100844000,0.0,ST,0.0,EUR,P-100, , 
e2139,Create Invoice (from Order),2021-01-10T02:06:36+00:00,0005004703;0090040839,1.0,ST,2679.2,EUR, , ,L
e2140,Create Invoice (from Order),2021-01-10T02:06:36+00:00,0005004703;0090040839,0.0,ST,0.0,EUR, , ,L
e2141,Create Invoice (from Delivery),2021-01-10T02:06:36+00:00,0087000844;0090040839,1.0,ST,2679.2,EUR, , ,L
e2142,Create Invoice (from Delivery),2021-01-10T02:06:36+00:00,0087000844;0090040839,0.0,ST,0.0,EUR, , ,L
e2439,Create Goods Movement (from Order),2021-01-10T02:07:03+00:00,0005004704;4900000245,1.0,ST,632.54,EUR,P-101,601, 
e2440,Create Goods Movement (from Order),2021-01-10T02:07:03+00:00,0005004704;0100845000,0.0,ST,0.0,EUR,P-100, , 
e2441,Create Goods Movement (from Delivery),2021-01-10T02:07:03+00:00,0087000845;4900000245,1.0,ST,632.54,EUR,P-101,601, 
e2442,Create Goods Movement (from Delivery),2021-01-10T02:07:03+00:00,0087000845;0100845000,0.0,ST,0.0,EUR,P-100, , 
e1295,Create Invoice (from Order),2021-01-10T02:07:04+00:00,0005004704;0090040840,1.0,ST,2679.2,EUR, , ,L
e1296,Create Invoice (from Order),2021-01-10T02:07:04+00:00,0005004704;0090040840,0.0,ST,0.0,EUR, , ,L
e1297,Create Invoice (from Delivery),2021-01-10T02:07:04+00:00,0087000845;0090040840,1.0,ST,2679.2,EUR, , ,L
e1298,Create Invoice (from Delivery),2021-01-10T02:07:04+00:00,0087000845;0090040840,0.0,ST,0.0,EUR, , ,L
e1378,Create Goods Movement (from Order),2021-01-10T02:09:33+00:00,0005004705;4900000246,2.0,ST,1265.08,EUR,P-101,601, 
e1379,Create Goods Movement (from Order),2021-01-10T02:09:33+00:00,0005004705;0100846000,0.0,ST,0.0,EUR,P-100, , 
e1380,Create Goods Movement (from Delivery),2021-01-10T02:09:33+00:00,0087000846;4900000246,2.0,ST,1265.08,EUR,P-101,601, 
e1381,Create Goods Movement (from Delivery),2021-01-10T02:09:33+00:00,0087000846;0100846000,0.0,ST,0.0,EUR,P-100, , 
e2143,Create Invoice (from Order),2021-01-10T02:09:34+00:00,0005004705;0090040841,2.0,ST,5411.98,EUR, , ,L
e2144,Create Invoice (from Order),2021-01-10T02:09:34+00:00,0005004705;0090040841,0.0,ST,0.0,EUR, , ,L
e2145,Create Invoice (from Delivery),2021-01-10T02:09:34+00:00,0087000846;0090040841,2.0,ST,5411.98,EUR, , ,L
e2146,Create Invoice (from Delivery),2021-01-10T02:09:34+00:00,0087000846;0090040841,0.0,ST,0.0,EUR, , ,L
e1258,Create Goods Movement (from Order),2021-01-10T02:09:59+00:00,0005004706;4900000247,1.0,ST,632.54,EUR,P-101,601, 
e1259,Create Goods Movement (from Order),2021-01-10T02:09:59+00:00,0005004706;0100847000,0.0,ST,0.0,EUR,P-100, , 
e1260,Create Goods Movement (from Delivery),2021-01-10T02:09:59+00:00,0087000847;4900000247,1.0,ST,632.54,EUR,P-101,601, 
e1261,Create Goods Movement (from Delivery),2021-01-10T02:09:59+00:00,0087000847;0100847000,0.0,ST,0.0,EUR,P-100, , 
e2147,Create Invoice (from Order),2021-01-10T02:10:00+00:00,0005004706;0090040842,1.0,ST,2679.2,EUR, , ,L
e2148,Create Invoice (from Order),2021-01-10T02:10:00+00:00,0005004706;0090040842,0.0,ST,0.0,EUR, , ,L
e2149,Create Invoice (from Delivery),2021-01-10T02:10:00+00:00,0087000847;0090040842,1.0,ST,2679.2,EUR, , ,L
e2150,Create Invoice (from Delivery),2021-01-10T02:10:00+00:00,0087000847;0090040842,0.0,ST,0.0,EUR, , ,L
e1299,Create Invoice (from Order),2021-01-10T02:10:25+00:00,0005004707;0090040843,1.0,ST,2679.2,EUR, , ,L
e1300,Create Invoice (from Order),2021-01-10T02:10:25+00:00,0005004707;0090040843,0.0,ST,0.0,EUR, , ,L
e1301,Create Invoice (from Delivery),2021-01-10T02:10:25+00:00,0087000848;0090040843,1.0,ST,2679.2,EUR, , ,L
e1302,Create Invoice (from Delivery),2021-01-10T02:10:25+00:00,0087000848;0090040843,0.0,ST,0.0,EUR, , ,L
e1633,Create Goods Movement (from Order),2021-01-10T02:10:25+00:00,0005004707;4900000248,1.0,ST,632.54,EUR,P-101,601, 
e1634,Create Goods Movement (from Order),2021-01-10T02:10:25+00:00,0005004707;0100848000,0.0,ST,0.0,EUR,P-100, , 
e1635,Create Goods Movement (from Delivery),2021-01-10T02:10:25+00:00,0087000848;4900000248,1.0,ST,632.54,EUR,P-101,601, 
e1636,Create Goods Movement (from Delivery),2021-01-10T02:10:25+00:00,0087000848;0100848000,0.0,ST,0.0,EUR,P-100, , 
e1637,Create Goods Movement (from Order),2021-01-10T02:10:50+00:00,0005004708;4900000249,1.0,ST,632.54,EUR,P-101,601, 
e1638,Create Goods Movement (from Order),2021-01-10T02:10:50+00:00,0005004708;0100849000,0.0,ST,0.0,EUR,P-100, , 
e1639,Create Goods Movement (from Delivery),2021-01-10T02:10:50+00:00,0087000849;4900000249,1.0,ST,632.54,EUR,P-101,601, 
e1640,Create Goods Movement (from Delivery),2021-01-10T02:10:50+00:00,0087000849;0100849000,0.0,ST,0.0,EUR,P-100, , 
e1428,Create Invoice (from Order),2021-01-10T02:10:51+00:00,0005004708;0090040844,1.0,ST,2679.2,EUR, , ,L
e1429,Create Invoice (from Order),2021-01-10T02:10:51+00:00,0005004708;0090040844,0.0,ST,0.0,EUR, , ,L
e1430,Create Invoice (from Delivery),2021-01-10T02:10:51+00:00,0087000849;0090040844,1.0,ST,2679.2,EUR, , ,L
e1431,Create Invoice (from Delivery),2021-01-10T02:10:51+00:00,0087000849;0090040844,0.0,ST,0.0,EUR, , ,L
e1641,Create Goods Movement (from Order),2021-01-10T02:12:31+00:00,0005004709;4900000250,2.0,ST,1265.08,EUR,P-101,601, 
e1642,Create Goods Movement (from Order),2021-01-10T02:12:31+00:00,0005004709;0100850000,0.0,ST,0.0,EUR,P-100, , 
e1643,Create Goods Movement (from Delivery),2021-01-10T02:12:31+00:00,0087000850;4900000250,2.0,ST,1265.08,EUR,P-101,601, 
e1644,Create Goods Movement (from Delivery),2021-01-10T02:12:31+00:00,0087000850;0100850000,0.0,ST,0.0,EUR,P-100, , 
e1432,Create Invoice (from Order),2021-01-10T02:12:32+00:00,0005004709;0090040845,2.0,ST,5411.98,EUR, , ,L
e1433,Create Invoice (from Order),2021-01-10T02:12:32+00:00,0005004709;0090040845,0.0,ST,0.0,EUR, , ,L
e1434,Create Invoice (from Delivery),2021-01-10T02:12:32+00:00,0087000850;0090040845,2.0,ST,5411.98,EUR, , ,L
e1435,Create Invoice (from Delivery),2021-01-10T02:12:32+00:00,0087000850;0090040845,0.0,ST,0.0,EUR, , ,L
e1582,Create Goods Movement (from Order),2021-01-10T02:12:58+00:00,0005004710;4900000251,1.0,ST,632.54,EUR,P-101,601, 
e1583,Create Goods Movement (from Order),2021-01-10T02:12:58+00:00,0005004710;0100851000,0.0,ST,0.0,EUR,P-100, , 
e1584,Create Goods Movement (from Delivery),2021-01-10T02:12:58+00:00,0087000851;4900000251,1.0,ST,632.54,EUR,P-101,601, 
e1585,Create Goods Movement (from Delivery),2021-01-10T02:12:58+00:00,0087000851;0100851000,0.0,ST,0.0,EUR,P-100, , 
e2250,Create Invoice (from Order),2021-01-10T02:12:59+00:00,0005004710;0090040846,1.0,ST,2679.2,EUR, , ,L
e2251,Create Invoice (from Order),2021-01-10T02:12:59+00:00,0005004710;0090040846,0.0,ST,0.0,EUR, , ,L
e2252,Create Invoice (from Delivery),2021-01-10T02:12:59+00:00,0087000851;0090040846,1.0,ST,2679.2,EUR, , ,L
e2253,Create Invoice (from Delivery),2021-01-10T02:12:59+00:00,0087000851;0090040846,0.0,ST,0.0,EUR, , ,L
e1382,Create Goods Movement (from Order),2021-01-10T02:13:35+00:00,0005004711;4900000252,1.0,ST,632.54,EUR,P-101,601, 
e1383,Create Goods Movement (from Order),2021-01-10T02:13:35+00:00,0005004711;0100852000,0.0,ST,0.0,EUR,P-100, , 
e1384,Create Goods Movement (from Delivery),2021-01-10T02:13:35+00:00,0087000852;4900000252,1.0,ST,632.54,EUR,P-101,601, 
e1385,Create Goods Movement (from Delivery),2021-01-10T02:13:35+00:00,0087000852;0100852000,0.0,ST,0.0,EUR,P-100, , 
e2254,Create Invoice (from Order),2021-01-10T02:13:36+00:00,0005004711;0090040847,1.0,ST,2679.2,EUR, , ,L
e2255,Create Invoice (from Order),2021-01-10T02:13:36+00:00,0005004711;0090040847,0.0,ST,0.0,EUR, , ,L
e2256,Create Invoice (from Delivery),2021-01-10T02:13:36+00:00,0087000852;0090040847,1.0,ST,2679.2,EUR, , ,L
e2257,Create Invoice (from Delivery),2021-01-10T02:13:36+00:00,0087000852;0090040847,0.0,ST,0.0,EUR, , ,L
e1645,Create Goods Movement (from Order),2021-01-10T02:14:01+00:00,0005004712;4900000253,1.0,ST,632.54,EUR,P-101,601, 
e1646,Create Goods Movement (from Order),2021-01-10T02:14:01+00:00,0005004712;0100853000,0.0,ST,0.0,EUR,P-100, , 
e1647,Create Goods Movement (from Delivery),2021-01-10T02:14:01+00:00,0087000853;4900000253,1.0,ST,632.54,EUR,P-101,601, 
e1648,Create Goods Movement (from Delivery),2021-01-10T02:14:01+00:00,0087000853;0100853000,0.0,ST,0.0,EUR,P-100, , 
e2258,Create Invoice (from Order),2021-01-10T02:14:01+00:00,0005004712;0090040848,1.0,ST,2679.2,EUR, , ,L
e2259,Create Invoice (from Order),2021-01-10T02:14:01+00:00,0005004712;0090040848,0.0,ST,0.0,EUR, , ,L
e2260,Create Invoice (from Delivery),2021-01-10T02:14:01+00:00,0087000853;0090040848,1.0,ST,2679.2,EUR, , ,L
e2261,Create Invoice (from Delivery),2021-01-10T02:14:01+00:00,0087000853;0090040848,0.0,ST,0.0,EUR, , ,L
e1586,Create Goods Movement (from Order),2021-01-10T02:14:29+00:00,0005004713;4900000254,1.0,ST,632.54,EUR,P-101,601, 
e1587,Create Goods Movement (from Order),2021-01-10T02:14:29+00:00,0005004713;0100854000,0.0,ST,0.0,EUR,P-100, , 
e1588,Create Goods Movement (from Delivery),2021-01-10T02:14:29+00:00,0087000854;4900000254,1.0,ST,632.54,EUR,P-101,601, 
e1589,Create Goods Movement (from Delivery),2021-01-10T02:14:29+00:00,0087000854;0100854000,0.0,ST,0.0,EUR,P-100, , 
e2262,Create Invoice (from Order),2021-01-10T02:14:30+00:00,0005004713;0090040849,1.0,ST,2679.2,EUR, , ,L
e2263,Create Invoice (from Order),2021-01-10T02:14:30+00:00,0005004713;0090040849,0.0,ST,0.0,EUR, , ,L
e2264,Create Invoice (from Delivery),2021-01-10T02:14:30+00:00,0087000854;0090040849,1.0,ST,2679.2,EUR, , ,L
e2265,Create Invoice (from Delivery),2021-01-10T02:14:30+00:00,0087000854;0090040849,0.0,ST,0.0,EUR, , ,L
e2318,Create Goods Movement (from Order),2021-01-10T05:23:38+00:00,0005004714;4900000255,1.0,ST,632.54,EUR,P-101,601, 
e2319,Create Goods Movement (from Order),2021-01-10T05:23:38+00:00,0005004714;0100855000,0.0,ST,0.0,EUR,P-100, , 
e2320,Create Goods Movement (from Delivery),2021-01-10T05:23:38+00:00,0087000855;4900000255,1.0,ST,632.54,EUR,P-101,601, 
e2321,Create Goods Movement (from Delivery),2021-01-10T05:23:38+00:00,0087000855;0100855000,0.0,ST,0.0,EUR,P-100, , 
e1792,Create Invoice (from Order),2021-01-10T05:23:41+00:00,0005004714;0090040850,1.0,ST,2679.2,EUR, , ,L
e1793,Create Invoice (from Order),2021-01-10T05:23:41+00:00,0005004714;0090040850,0.0,ST,0.0,EUR, , ,L
e1794,Create Invoice (from Delivery),2021-01-10T05:23:41+00:00,0087000855;0090040850,1.0,ST,2679.2,EUR, , ,L
e1795,Create Invoice (from Delivery),2021-01-10T05:23:41+00:00,0087000855;0090040850,0.0,ST,0.0,EUR, , ,L
e1590,Create Goods Movement (from Order),2021-01-10T05:24:05+00:00,0005004715;4900000256,1.0,ST,632.54,EUR,P-101,601, 
e1591,Create Goods Movement (from Order),2021-01-10T05:24:05+00:00,0005004715;0100856000,0.0,ST,0.0,EUR,P-100, , 
e1592,Create Goods Movement (from Delivery),2021-01-10T05:24:05+00:00,0087000856;4900000256,1.0,ST,632.54,EUR,P-101,601, 
e1593,Create Goods Movement (from Delivery),2021-01-10T05:24:05+00:00,0087000856;0100856000,0.0,ST,0.0,EUR,P-100, , 
e1796,Create Invoice (from Order),2021-01-10T05:24:06+00:00,0005004715;0090040851,1.0,ST,2679.2,EUR, , ,L
e1797,Create Invoice (from Order),2021-01-10T05:24:06+00:00,0005004715;0090040851,0.0,ST,0.0,EUR, , ,L
e1798,Create Invoice (from Delivery),2021-01-10T05:24:06+00:00,0087000856;0090040851,1.0,ST,2679.2,EUR, , ,L
e1799,Create Invoice (from Delivery),2021-01-10T05:24:06+00:00,0087000856;0090040851,0.0,ST,0.0,EUR, , ,L
e1649,Create Goods Movement (from Order),2021-01-10T05:24:50+00:00,0005004716;4900000257,2.0,ST,1265.08,EUR,P-101,601, 
e1650,Create Goods Movement (from Order),2021-01-10T05:24:50+00:00,0005004716;0100857000,0.0,ST,0.0,EUR,P-100, , 
e1651,Create Goods Movement (from Delivery),2021-01-10T05:24:50+00:00,0087000857;4900000257,2.0,ST,1265.08,EUR,P-101,601, 
e1652,Create Goods Movement (from Delivery),2021-01-10T05:24:50+00:00,0087000857;0100857000,0.0,ST,0.0,EUR,P-100, , 
e1800,Create Invoice (from Order),2021-01-10T05:24:51+00:00,0005004716;0090040852,2.0,ST,5358.4,EUR, , ,L
e1801,Create Invoice (from Order),2021-01-10T05:24:51+00:00,0005004716;0090040852,0.0,ST,0.0,EUR, , ,L
e1802,Create Invoice (from Delivery),2021-01-10T05:24:51+00:00,0087000857;0090040852,2.0,ST,5358.4,EUR, , ,L
e1803,Create Invoice (from Delivery),2021-01-10T05:24:51+00:00,0087000857;0090040852,0.0,ST,0.0,EUR, , ,L
e2443,Create Goods Movement (from Order),2021-01-10T05:25:16+00:00,0005004717;4900000258,1.0,ST,632.54,EUR,P-101,601, 
e2444,Create Goods Movement (from Order),2021-01-10T05:25:16+00:00,0005004717;0100858000,0.0,ST,0.0,EUR,P-100, , 
e2445,Create Goods Movement (from Delivery),2021-01-10T05:25:16+00:00,0087000858;4900000258,1.0,ST,632.54,EUR,P-101,601, 
e2446,Create Goods Movement (from Delivery),2021-01-10T05:25:16+00:00,0087000858;0100858000,0.0,ST,0.0,EUR,P-100, , 
e1804,Create Invoice (from Order),2021-01-10T05:25:17+00:00,0005004717;0090040853,1.0,ST,2679.2,EUR, , ,L
e1805,Create Invoice (from Order),2021-01-10T05:25:17+00:00,0005004717;0090040853,0.0,ST,0.0,EUR, , ,L
e1806,Create Invoice (from Delivery),2021-01-10T05:25:17+00:00,0087000858;0090040853,1.0,ST,2679.2,EUR, , ,L
e1807,Create Invoice (from Delivery),2021-01-10T05:25:17+00:00,0087000858;0090040853,0.0,ST,0.0,EUR, , ,L
e1653,Create Goods Movement (from Order),2021-01-10T05:25:53+00:00,0005004718;4900000259,2.0,ST,1265.08,EUR,P-101,601, 
e1654,Create Goods Movement (from Order),2021-01-10T05:25:53+00:00,0005004718;0100859000,0.0,ST,0.0,EUR,P-100, , 
e1655,Create Goods Movement (from Delivery),2021-01-10T05:25:53+00:00,0087000859;4900000259,2.0,ST,1265.08,EUR,P-101,601, 
e1656,Create Goods Movement (from Delivery),2021-01-10T05:25:53+00:00,0087000859;0100859000,0.0,ST,0.0,EUR,P-100, , 
e1808,Create Invoice (from Order),2021-01-10T05:25:53+00:00,0005004718;0090040854,2.0,ST,5358.4,EUR, , ,L
e1809,Create Invoice (from Order),2021-01-10T05:25:53+00:00,0005004718;0090040854,0.0,ST,0.0,EUR, , ,L
e1810,Create Invoice (from Delivery),2021-01-10T05:25:53+00:00,0087000859;0090040854,2.0,ST,5358.4,EUR, , ,L
e1811,Create Invoice (from Delivery),2021-01-10T05:25:53+00:00,0087000859;0090040854,0.0,ST,0.0,EUR, , ,L
e1657,Create Goods Movement (from Order),2021-01-10T05:26:29+00:00,0005004719;4900000260,1.0,ST,632.54,EUR,P-101,601, 
e1658,Create Goods Movement (from Order),2021-01-10T05:26:29+00:00,0005004719;0100860000,0.0,ST,0.0,EUR,P-100, , 
e1659,Create Goods Movement (from Delivery),2021-01-10T05:26:29+00:00,0087000860;4900000260,1.0,ST,632.54,EUR,P-101,601, 
e1660,Create Goods Movement (from Delivery),2021-01-10T05:26:29+00:00,0087000860;0100860000,0.0,ST,0.0,EUR,P-100, , 
e1812,Create Invoice (from Order),2021-01-10T05:26:30+00:00,0005004719;0090040855,1.0,ST,2679.2,EUR, , ,L
e1813,Create Invoice (from Order),2021-01-10T05:26:30+00:00,0005004719;0090040855,0.0,ST,0.0,EUR, , ,L
e1814,Create Invoice (from Delivery),2021-01-10T05:26:30+00:00,0087000860;0090040855,1.0,ST,2679.2,EUR, , ,L
e1815,Create Invoice (from Delivery),2021-01-10T05:26:30+00:00,0087000860;0090040855,0.0,ST,0.0,EUR, , ,L
e1262,Create Goods Movement (from Order),2021-01-10T05:26:54+00:00,0005004720;4900000261,1.0,ST,632.54,EUR,P-101,601, 
e1263,Create Goods Movement (from Order),2021-01-10T05:26:54+00:00,0005004720;0100861000,0.0,ST,0.0,EUR,P-100, , 
e1264,Create Goods Movement (from Delivery),2021-01-10T05:26:54+00:00,0087000861;4900000261,1.0,ST,632.54,EUR,P-101,601, 
e1265,Create Goods Movement (from Delivery),2021-01-10T05:26:54+00:00,0087000861;0100861000,0.0,ST,0.0,EUR,P-100, , 
e1816,Create Invoice (from Order),2021-01-10T05:26:55+00:00,0005004720;0090040856,1.0,ST,2679.2,EUR, , ,L
e1817,Create Invoice (from Order),2021-01-10T05:26:55+00:00,0005004720;0090040856,0.0,ST,0.0,EUR, , ,L
e1818,Create Invoice (from Delivery),2021-01-10T05:26:55+00:00,0087000861;0090040856,1.0,ST,2679.2,EUR, , ,L
e1819,Create Invoice (from Delivery),2021-01-10T05:26:55+00:00,0087000861;0090040856,0.0,ST,0.0,EUR, , ,L
e1661,Create Goods Movement (from Order),2021-01-10T05:27:22+00:00,0005004721;4900000262,1.0,ST,632.54,EUR,P-101,601, 
e1662,Create Goods Movement (from Order),2021-01-10T05:27:22+00:00,0005004721;0100862000,0.0,ST,0.0,EUR,P-100, , 
e1663,Create Goods Movement (from Delivery),2021-01-10T05:27:22+00:00,0087000862;4900000262,1.0,ST,632.54,EUR,P-101,601, 
e1664,Create Goods Movement (from Delivery),2021-01-10T05:27:22+00:00,0087000862;0100862000,0.0,ST,0.0,EUR,P-100, , 
e1820,Create Invoice (from Order),2021-01-10T05:27:23+00:00,0005004721;0090040857,1.0,ST,2679.2,EUR, , ,L
e1821,Create Invoice (from Order),2021-01-10T05:27:23+00:00,0005004721;0090040857,0.0,ST,0.0,EUR, , ,L
e1919,Create Invoice (from Delivery),2021-01-10T05:27:23+00:00,0087000862;0090040857,1.0,ST,2679.2,EUR, , ,L
e1920,Create Invoice (from Delivery),2021-01-10T05:27:23+00:00,0087000862;0090040857,0.0,ST,0.0,EUR, , ,L
e1386,Create Goods Movement (from Order),2021-01-10T05:28:20+00:00,0005004722;4900000263,2.0,ST,1265.08,EUR,P-101,601, 
e1387,Create Goods Movement (from Order),2021-01-10T05:28:20+00:00,0005004722;0100863000,0.0,ST,0.0,EUR,P-100, , 
e1388,Create Goods Movement (from Delivery),2021-01-10T05:28:20+00:00,0087000863;4900000263,2.0,ST,1265.08,EUR,P-101,601, 
e1389,Create Goods Movement (from Delivery),2021-01-10T05:28:20+00:00,0087000863;0100863000,0.0,ST,0.0,EUR,P-100, , 
e1436,Create Invoice (from Order),2021-01-10T05:28:21+00:00,0005004722;0090040858,2.0,ST,5358.4,EUR, , ,L
e1437,Create Invoice (from Order),2021-01-10T05:28:21+00:00,0005004722;0090040858,0.0,ST,0.0,EUR, , ,L
e1438,Create Invoice (from Delivery),2021-01-10T05:28:21+00:00,0087000863;0090040858,2.0,ST,5358.4,EUR, , ,L
e1439,Create Invoice (from Delivery),2021-01-10T05:28:21+00:00,0087000863;0090040858,0.0,ST,0.0,EUR, , ,L
e1390,Create Goods Movement (from Order),2021-01-10T05:28:47+00:00,0005004723;4900000264,1.0,ST,632.54,EUR,P-101,601, 
e1391,Create Goods Movement (from Order),2021-01-10T05:28:47+00:00,0005004723;0100864000,0.0,ST,0.0,EUR,P-100, , 
e1392,Create Goods Movement (from Delivery),2021-01-10T05:28:47+00:00,0087000864;4900000264,1.0,ST,632.54,EUR,P-101,601, 
e1393,Create Goods Movement (from Delivery),2021-01-10T05:28:47+00:00,0087000864;0100864000,0.0,ST,0.0,EUR,P-100, , 
e2266,Create Invoice (from Order),2021-01-10T05:28:48+00:00,0005004723;0090040859,1.0,ST,2679.2,EUR, , ,L
e2267,Create Invoice (from Order),2021-01-10T05:28:48+00:00,0005004723;0090040859,0.0,ST,0.0,EUR, , ,L
e2268,Create Invoice (from Delivery),2021-01-10T05:28:48+00:00,0087000864;0090040859,1.0,ST,2679.2,EUR, , ,L
e2269,Create Invoice (from Delivery),2021-01-10T05:28:48+00:00,0087000864;0090040859,0.0,ST,0.0,EUR, , ,L
e1665,Create Goods Movement (from Order),2021-01-10T05:29:23+00:00,0005004724;4900000265,1.0,ST,632.54,EUR,P-101,601, 
e1780,Create Goods Movement (from Order),2021-01-10T05:29:23+00:00,0005004724;0100865000,0.0,ST,0.0,EUR,P-100, , 
e1781,Create Goods Movement (from Delivery),2021-01-10T05:29:23+00:00,0087000865;4900000265,1.0,ST,632.54,EUR,P-101,601, 
e1782,Create Goods Movement (from Delivery),2021-01-10T05:29:23+00:00,0087000865;0100865000,0.0,ST,0.0,EUR,P-100, , 
e2270,Create Invoice (from Order),2021-01-10T05:29:24+00:00,0005004724;0090040860,1.0,ST,2679.2,EUR, , ,L
e2271,Create Invoice (from Order),2021-01-10T05:29:24+00:00,0005004724;0090040860,0.0,ST,0.0,EUR, , ,L
e2272,Create Invoice (from Delivery),2021-01-10T05:29:24+00:00,0087000865;0090040860,1.0,ST,2679.2,EUR, , ,L
e2273,Create Invoice (from Delivery),2021-01-10T05:29:24+00:00,0087000865;0090040860,0.0,ST,0.0,EUR, , ,L
e1468,Create Goods Movement (from Order),2021-01-10T05:29:58+00:00,0005004725;4900000266,1.0,ST,632.54,EUR,P-101,601, 
e1469,Create Goods Movement (from Order),2021-01-10T05:29:58+00:00,0005004725;0100866000,0.0,ST,0.0,EUR,P-100, , 
e1470,Create Goods Movement (from Delivery),2021-01-10T05:29:58+00:00,0087000866;4900000266,1.0,ST,632.54,EUR,P-101,601, 
e1471,Create Goods Movement (from Delivery),2021-01-10T05:29:58+00:00,0087000866;0100866000,0.0,ST,0.0,EUR,P-100, , 
e2274,Create Invoice (from Order),2021-01-10T05:29:59+00:00,0005004725;0090040861,1.0,ST,2679.2,EUR, , ,L
e2275,Create Invoice (from Order),2021-01-10T05:29:59+00:00,0005004725;0090040861,0.0,ST,0.0,EUR, , ,L
e2276,Create Invoice (from Delivery),2021-01-10T05:29:59+00:00,0087000866;0090040861,1.0,ST,2679.2,EUR, , ,L
e2277,Create Invoice (from Delivery),2021-01-10T05:29:59+00:00,0087000866;0090040861,0.0,ST,0.0,EUR, , ,L
e1783,Create Goods Movement (from Order),2021-01-10T05:30:24+00:00,0005004726;4900000267,1.0,ST,632.54,EUR,P-101,601, 
e1784,Create Goods Movement (from Order),2021-01-10T05:30:24+00:00,0005004726;0100867000,0.0,ST,0.0,EUR,P-100, , 
e1785,Create Goods Movement (from Delivery),2021-01-10T05:30:24+00:00,0087000867;4900000267,1.0,ST,632.54,EUR,P-101,601, 
e1786,Create Goods Movement (from Delivery),2021-01-10T05:30:24+00:00,0087000867;0100867000,0.0,ST,0.0,EUR,P-100, , 
e2278,Create Invoice (from Order),2021-01-10T05:30:24+00:00,0005004726;0090040862,1.0,ST,2679.2,EUR, , ,L
e2279,Create Invoice (from Order),2021-01-10T05:30:24+00:00,0005004726;0090040862,0.0,ST,0.0,EUR, , ,L
e2280,Create Invoice (from Delivery),2021-01-10T05:30:24+00:00,0087000867;0090040862,1.0,ST,2679.2,EUR, , ,L
e2281,Create Invoice (from Delivery),2021-01-10T05:30:24+00:00,0087000867;0090040862,0.0,ST,0.0,EUR, , ,L
e1787,Create Goods Movement (from Order),2021-01-10T05:30:49+00:00,0005004727;4900000268,1.0,ST,632.54,EUR,P-101,601, 
e1788,Create Goods Movement (from Order),2021-01-10T05:30:49+00:00,0005004727;0100868000,0.0,ST,0.0,EUR,P-100, , 
e1789,Create Goods Movement (from Delivery),2021-01-10T05:30:49+00:00,0087000868;4900000268,1.0,ST,632.54,EUR,P-101,601, 
e1790,Create Goods Movement (from Delivery),2021-01-10T05:30:49+00:00,0087000868;0100868000,0.0,ST,0.0,EUR,P-100, , 
e1752,Create Invoice (from Order),2021-01-10T05:30:50+00:00,0005004727;0090040863,1.0,ST,2679.2,EUR, , ,L
e1753,Create Invoice (from Order),2021-01-10T05:30:50+00:00,0005004727;0090040863,0.0,ST,0.0,EUR, , ,L
e1754,Create Invoice (from Delivery),2021-01-10T05:30:50+00:00,0087000868;0090040863,1.0,ST,2679.2,EUR, , ,L
e1755,Create Invoice (from Delivery),2021-01-10T05:30:50+00:00,0087000868;0090040863,0.0,ST,0.0,EUR, , ,L
e2447,Create Goods Movement (from Order),2021-01-10T05:31:36+00:00,0005004728;4900000269,2.0,ST,1265.08,EUR,P-101,601, 
e2448,Create Goods Movement (from Order),2021-01-10T05:31:36+00:00,0005004728;0100869000,0.0,ST,0.0,EUR,P-100, , 
e2449,Create Goods Movement (from Delivery),2021-01-10T05:31:36+00:00,0087000869;4900000269,2.0,ST,1265.08,EUR,P-101,601, 
e2450,Create Goods Movement (from Delivery),2021-01-10T05:31:36+00:00,0087000869;0100869000,0.0,ST,0.0,EUR,P-100, , 
e1756,Create Invoice (from Order),2021-01-10T05:31:37+00:00,0005004728;0090040864,2.0,ST,5358.4,EUR, , ,L
e1757,Create Invoice (from Order),2021-01-10T05:31:37+00:00,0005004728;0090040864,0.0,ST,0.0,EUR, , ,L
e1758,Create Invoice (from Delivery),2021-01-10T05:31:37+00:00,0087000869;0090040864,2.0,ST,5358.4,EUR, , ,L
e1759,Create Invoice (from Delivery),2021-01-10T05:31:37+00:00,0087000869;0090040864,0.0,ST,0.0,EUR, , ,L
e1858,Create Goods Movement (from Order),2021-01-10T05:32:12+00:00,0005004729;4900000270,1.0,ST,632.54,EUR,P-101,601, 
e1859,Create Goods Movement (from Order),2021-01-10T05:32:12+00:00,0005004729;0100870000,0.0,ST,0.0,EUR,P-100, , 
e1860,Create Goods Movement (from Delivery),2021-01-10T05:32:12+00:00,0087000870;4900000270,1.0,ST,632.54,EUR,P-101,601, 
e1861,Create Goods Movement (from Delivery),2021-01-10T05:32:12+00:00,0087000870;0100870000,0.0,ST,0.0,EUR,P-100, , 
e1862,Create Invoice (from Order),2021-01-10T05:32:13+00:00,0005004729;0090040865,1.0,ST,2679.2,EUR, , ,L
e1863,Create Invoice (from Order),2021-01-10T05:32:13+00:00,0005004729;0090040865,0.0,ST,0.0,EUR, , ,L
e1864,Create Invoice (from Delivery),2021-01-10T05:32:13+00:00,0087000870;0090040865,1.0,ST,2679.2,EUR, , ,L
e1865,Create Invoice (from Delivery),2021-01-10T05:32:13+00:00,0087000870;0090040865,0.0,ST,0.0,EUR, , ,L
e1791,Create Goods Movement (from Order),2021-01-10T05:32:38+00:00,0005004730;4900000271,1.0,ST,632.54,EUR,P-101,601, 
e1866,Create Invoice (from Order),2021-01-10T05:32:38+00:00,0005004730;0090040866,1.0,ST,2679.2,EUR, , ,L
e1867,Create Invoice (from Order),2021-01-10T05:32:38+00:00,0005004730;0090040866,0.0,ST,0.0,EUR, , ,L
e1868,Create Invoice (from Delivery),2021-01-10T05:32:38+00:00,0087000871;0090040866,1.0,ST,2679.2,EUR, , ,L
e1869,Create Invoice (from Delivery),2021-01-10T05:32:38+00:00,0087000871;0090040866,0.0,ST,0.0,EUR, , ,L
e2046,Create Goods Movement (from Order),2021-01-10T05:32:38+00:00,0005004730;0100871000,0.0,ST,0.0,EUR,P-100, , 
e2047,Create Goods Movement (from Delivery),2021-01-10T05:32:38+00:00,0087000871;4900000271,1.0,ST,632.54,EUR,P-101,601, 
e2048,Create Goods Movement (from Delivery),2021-01-10T05:32:38+00:00,0087000871;0100871000,0.0,ST,0.0,EUR,P-100, , 
e1594,Create Goods Movement (from Order),2021-01-10T05:33:03+00:00,0005004731;4900000272,1.0,ST,632.54,EUR,P-101,601, 
e1595,Create Goods Movement (from Order),2021-01-10T05:33:03+00:00,0005004731;0100872000,0.0,ST,0.0,EUR,P-100, , 
e1596,Create Goods Movement (from Delivery),2021-01-10T05:33:03+00:00,0087000872;4900000272,1.0,ST,632.54,EUR,P-101,601, 
e1597,Create Goods Movement (from Delivery),2021-01-10T05:33:03+00:00,0087000872;0100872000,0.0,ST,0.0,EUR,P-100, , 
e1870,Create Invoice (from Order),2021-01-10T05:33:04+00:00,0005004731;0090040867,1.0,ST,2679.2,EUR, , ,L
e1871,Create Invoice (from Order),2021-01-10T05:33:04+00:00,0005004731;0090040867,0.0,ST,0.0,EUR, , ,L
e1872,Create Invoice (from Delivery),2021-01-10T05:33:04+00:00,0087000872;0090040867,1.0,ST,2679.2,EUR, , ,L
e1873,Create Invoice (from Delivery),2021-01-10T05:33:04+00:00,0087000872;0090040867,0.0,ST,0.0,EUR, , ,L
e1472,Create Goods Movement (from Order),2021-01-10T05:33:29+00:00,0005004732;4900000273,1.0,ST,632.54,EUR,P-101,601, 
e1473,Create Goods Movement (from Order),2021-01-10T05:33:29+00:00,0005004732;0100873000,0.0,ST,0.0,EUR,P-100, , 
e1474,Create Goods Movement (from Delivery),2021-01-10T05:33:29+00:00,0087000873;4900000273,1.0,ST,632.54,EUR,P-101,601, 
e1475,Create Goods Movement (from Delivery),2021-01-10T05:33:29+00:00,0087000873;0100873000,0.0,ST,0.0,EUR,P-100, , 
e1874,Create Invoice (from Order),2021-01-10T05:33:29+00:00,0005004732;0090040868,1.0,ST,2679.2,EUR, , ,L
e1875,Create Invoice (from Order),2021-01-10T05:33:29+00:00,0005004732;0090040868,0.0,ST,0.0,EUR, , ,L
e1876,Create Invoice (from Delivery),2021-01-10T05:33:29+00:00,0087000873;0090040868,1.0,ST,2679.2,EUR, , ,L
e1877,Create Invoice (from Delivery),2021-01-10T05:33:29+00:00,0087000873;0090040868,0.0,ST,0.0,EUR, , ,L
e1476,Create Goods Movement (from Order),2021-01-10T05:34:09+00:00,0005004733;4900000274,2.0,ST,1265.08,EUR,P-101,601, 
e1477,Create Goods Movement (from Order),2021-01-10T05:34:09+00:00,0005004733;0100874000,0.0,ST,0.0,EUR,P-100, , 
e1478,Create Goods Movement (from Delivery),2021-01-10T05:34:09+00:00,0087000874;4900000274,2.0,ST,1265.08,EUR,P-101,601, 
e1479,Create Goods Movement (from Delivery),2021-01-10T05:34:09+00:00,0087000874;0100874000,0.0,ST,0.0,EUR,P-100, , 
e2378,Create Invoice (from Order),2021-01-10T05:34:10+00:00,0005004733;0090040869,2.0,ST,5358.4,EUR, , ,L
e2379,Create Invoice (from Order),2021-01-10T05:34:10+00:00,0005004733;0090040869,0.0,ST,0.0,EUR, , ,L
e2380,Create Invoice (from Delivery),2021-01-10T05:34:10+00:00,0087000874;0090040869,2.0,ST,5358.4,EUR, , ,L
e2381,Create Invoice (from Delivery),2021-01-10T05:34:10+00:00,0087000874;0090040869,0.0,ST,0.0,EUR, , ,L
e1598,Create Goods Movement (from Order),2021-01-10T05:35:05+00:00,0005004734;4900000275,1.0,ST,632.54,EUR,P-101,601, 
e1599,Create Goods Movement (from Order),2021-01-10T05:35:05+00:00,0005004734;0100875000,0.0,ST,0.0,EUR,P-100, , 
e1600,Create Goods Movement (from Delivery),2021-01-10T05:35:05+00:00,0087000875;4900000275,1.0,ST,632.54,EUR,P-101,601, 
e1601,Create Goods Movement (from Delivery),2021-01-10T05:35:05+00:00,0087000875;0100875000,0.0,ST,0.0,EUR,P-100, , 
e2382,Create Invoice (from Order),2021-01-10T05:35:05+00:00,0005004734;0090040870,1.0,ST,2705.99,EUR, , ,L
e2383,Create Invoice (from Order),2021-01-10T05:35:05+00:00,0005004734;0090040870,0.0,ST,0.0,EUR, , ,L
e2384,Create Invoice (from Delivery),2021-01-10T05:35:05+00:00,0087000875;0090040870,1.0,ST,2705.99,EUR, , ,L
e2385,Create Invoice (from Delivery),2021-01-10T05:35:05+00:00,0087000875;0090040870,0.0,ST,0.0,EUR, , ,L
e2322,Create Goods Movement (from Order),2021-01-10T05:35:30+00:00,0005004735;4900000276,1.0,ST,632.54,EUR,P-101,601, 
e2323,Create Goods Movement (from Order),2021-01-10T05:35:30+00:00,0005004735;0100876000,0.0,ST,0.0,EUR,P-100, , 
e2324,Create Goods Movement (from Delivery),2021-01-10T05:35:30+00:00,0087000876;4900000276,1.0,ST,632.54,EUR,P-101,601, 
e2325,Create Goods Movement (from Delivery),2021-01-10T05:35:30+00:00,0087000876;0100876000,0.0,ST,0.0,EUR,P-100, , 
e1878,Create Invoice (from Order),2021-01-10T05:35:31+00:00,0005004735;0090040871,1.0,ST,2679.2,EUR, , ,L
e1879,Create Invoice (from Order),2021-01-10T05:35:31+00:00,0005004735;0090040871,0.0,ST,0.0,EUR, , ,L
e1880,Create Invoice (from Delivery),2021-01-10T05:35:31+00:00,0087000876;0090040871,1.0,ST,2679.2,EUR, , ,L
e1881,Create Invoice (from Delivery),2021-01-10T05:35:31+00:00,0087000876;0090040871,0.0,ST,0.0,EUR, , ,L
e1394,Create Goods Movement (from Order),2021-01-10T05:36:39+00:00,0005004736;4900000277,2.0,ST,1265.08,EUR,P-101,601, 
e1395,Create Goods Movement (from Order),2021-01-10T05:36:39+00:00,0005004736;0100877000,0.0,ST,0.0,EUR,P-100, , 
e1396,Create Goods Movement (from Delivery),2021-01-10T05:36:39+00:00,0087000877;4900000277,2.0,ST,1265.08,EUR,P-101,601, 
e1397,Create Goods Movement (from Delivery),2021-01-10T05:36:39+00:00,0087000877;0100877000,0.0,ST,0.0,EUR,P-100, , 
e2386,Create Invoice (from Order),2021-01-10T05:36:40+00:00,0005004736;0090040872,2.0,ST,5411.98,EUR, , ,L
e2387,Create Invoice (from Order),2021-01-10T05:36:40+00:00,0005004736;0090040872,0.0,ST,0.0,EUR, , ,L
e2388,Create Invoice (from Delivery),2021-01-10T05:36:40+00:00,0087000877;0090040872,2.0,ST,5411.98,EUR, , ,L
e2389,Create Invoice (from Delivery),2021-01-10T05:36:40+00:00,0087000877;0090040872,0.0,ST,0.0,EUR, , ,L
e2326,Create Goods Movement (from Order),2021-01-10T05:37:16+00:00,0005004737;4900000278,1.0,ST,632.54,EUR,P-101,601, 
e2327,Create Goods Movement (from Order),2021-01-10T05:37:16+00:00,0005004737;0100878000,0.0,ST,0.0,EUR,P-100, , 
e2328,Create Goods Movement (from Delivery),2021-01-10T05:37:16+00:00,0087000878;4900000278,1.0,ST,632.54,EUR,P-101,601, 
e2329,Create Goods Movement (from Delivery),2021-01-10T05:37:16+00:00,0087000878;0100878000,0.0,ST,0.0,EUR,P-100, , 
e2390,Create Invoice (from Order),2021-01-10T05:37:16+00:00,0005004737;0090040873,1.0,ST,2679.2,EUR, , ,L
e2391,Create Invoice (from Order),2021-01-10T05:37:16+00:00,0005004737;0090040873,0.0,ST,0.0,EUR, , ,L
e2392,Create Invoice (from Delivery),2021-01-10T05:37:16+00:00,0087000878;0090040873,1.0,ST,2679.2,EUR, , ,L
e2393,Create Invoice (from Delivery),2021-01-10T05:37:16+00:00,0087000878;0090040873,0.0,ST,0.0,EUR, , ,L
e2330,Create Goods Movement (from Order),2021-01-10T05:37:41+00:00,0005004738;4900000279,1.0,ST,632.54,EUR,P-101,601, 
e2331,Create Goods Movement (from Order),2021-01-10T05:37:41+00:00,0005004738;0100879000,0.0,ST,0.0,EUR,P-100, , 
e2332,Create Goods Movement (from Delivery),2021-01-10T05:37:41+00:00,0087000879;4900000279,1.0,ST,632.54,EUR,P-101,601, 
e2333,Create Goods Movement (from Delivery),2021-01-10T05:37:41+00:00,0087000879;0100879000,0.0,ST,0.0,EUR,P-100, , 
e2394,Create Invoice (from Order),2021-01-10T05:37:42+00:00,0005004738;0090040874,1.0,ST,2679.2,EUR, , ,L
e2395,Create Invoice (from Order),2021-01-10T05:37:42+00:00,0005004738;0090040874,0.0,ST,0.0,EUR, , ,L
e2396,Create Invoice (from Delivery),2021-01-10T05:37:42+00:00,0087000879;0090040874,1.0,ST,2679.2,EUR, , ,L
e2397,Create Invoice (from Delivery),2021-01-10T05:37:42+00:00,0087000879;0090040874,0.0,ST,0.0,EUR, , ,L
e1266,Create Goods Movement (from Order),2021-01-10T05:38:07+00:00,0005004739;4900000280,1.0,ST,632.54,EUR,P-101,601, 
e1267,Create Goods Movement (from Order),2021-01-10T05:38:07+00:00,0005004739;0100880000,0.0,ST,0.0,EUR,P-100, , 
e1268,Create Goods Movement (from Delivery),2021-01-10T05:38:07+00:00,0087000880;4900000280,1.0,ST,632.54,EUR,P-101,601, 
e1269,Create Goods Movement (from Delivery),2021-01-10T05:38:07+00:00,0087000880;0100880000,0.0,ST,0.0,EUR,P-100, , 
e2398,Create Invoice (from Order),2021-01-10T05:38:08+00:00,0005004739;0090040875,1.0,ST,2679.2,EUR, , ,L
e2399,Create Invoice (from Order),2021-01-10T05:38:08+00:00,0005004739;0090040875,0.0,ST,0.0,EUR, , ,L
e2400,Create Invoice (from Delivery),2021-01-10T05:38:08+00:00,0087000880;0090040875,1.0,ST,2679.2,EUR, , ,L
e2401,Create Invoice (from Delivery),2021-01-10T05:38:08+00:00,0087000880;0090040875,0.0,ST,0.0,EUR, , ,L
e2049,Create Goods Movement (from Order),2021-01-10T05:38:32+00:00,0005004740;4900000281,1.0,ST,632.54,EUR,P-101,601, 
e2050,Create Goods Movement (from Order),2021-01-10T05:38:32+00:00,0005004740;0100881000,0.0,ST,0.0,EUR,P-100, , 
e2051,Create Goods Movement (from Delivery),2021-01-10T05:38:32+00:00,0087000881;4900000281,1.0,ST,632.54,EUR,P-101,601, 
e2052,Create Goods Movement (from Delivery),2021-01-10T05:38:32+00:00,0087000881;0100881000,0.0,ST,0.0,EUR,P-100, , 
e2402,Create Invoice (from Order),2021-01-10T05:38:33+00:00,0005004740;0090040876,1.0,ST,2679.2,EUR, , ,L
e2403,Create Invoice (from Order),2021-01-10T05:38:33+00:00,0005004740;0090040876,0.0,ST,0.0,EUR, , ,L
e2404,Create Invoice (from Delivery),2021-01-10T05:38:33+00:00,0087000881;0090040876,1.0,ST,2679.2,EUR, , ,L
e2405,Create Invoice (from Delivery),2021-01-10T05:38:33+00:00,0087000881;0090040876,0.0,ST,0.0,EUR, , ,L
e2334,Create Goods Movement (from Order),2021-01-10T05:39:09+00:00,0005004741;4900000282,1.0,ST,632.54,EUR,P-101,601, 
e2335,Create Goods Movement (from Order),2021-01-10T05:39:09+00:00,0005004741;0100882000,0.0,ST,0.0,EUR,P-100, , 
e2336,Create Goods Movement (from Delivery),2021-01-10T05:39:09+00:00,0087000882;4900000282,1.0,ST,632.54,EUR,P-101,601, 
e2337,Create Goods Movement (from Delivery),2021-01-10T05:39:09+00:00,0087000882;0100882000,0.0,ST,0.0,EUR,P-100, , 
e2406,Create Invoice (from Order),2021-01-10T05:39:09+00:00,0005004741;0090040877,1.0,ST,2679.2,EUR, , ,L
e2502,Create Invoice (from Order),2021-01-10T05:39:09+00:00,0005004741;0090040877,0.0,ST,0.0,EUR, , ,L
e2503,Create Invoice (from Delivery),2021-01-10T05:39:09+00:00,0087000882;0090040877,1.0,ST,2679.2,EUR, , ,L
e2504,Create Invoice (from Delivery),2021-01-10T05:39:09+00:00,0087000882;0090040877,0.0,ST,0.0,EUR, , ,L
e2053,Create Goods Movement (from Order),2021-01-10T05:39:34+00:00,0005004742;4900000283,1.0,ST,632.54,EUR,P-101,601, 
e2054,Create Goods Movement (from Order),2021-01-10T05:39:34+00:00,0005004742;0100883000,0.0,ST,0.0,EUR,P-100, , 
e2151,Create Goods Movement (from Delivery),2021-01-10T05:39:34+00:00,0087000883;4900000283,1.0,ST,632.54,EUR,P-101,601, 
e2152,Create Goods Movement (from Delivery),2021-01-10T05:39:34+00:00,0087000883;0100883000,0.0,ST,0.0,EUR,P-100, , 
e2505,Create Invoice (from Order),2021-01-10T05:39:35+00:00,0005004742;0090040878,1.0,ST,2679.2,EUR, , ,L
e2506,Create Invoice (from Order),2021-01-10T05:39:35+00:00,0005004742;0090040878,0.0,ST,0.0,EUR, , ,L
e2507,Create Invoice (from Delivery),2021-01-10T05:39:35+00:00,0087000883;0090040878,1.0,ST,2679.2,EUR, , ,L
e2508,Create Invoice (from Delivery),2021-01-10T05:39:35+00:00,0087000883;0090040878,0.0,ST,0.0,EUR, , ,L
e2153,Create Goods Movement (from Order),2021-01-10T05:40:09+00:00,0005004743;4900000284,1.0,ST,632.54,EUR,P-101,601, 
e2154,Create Goods Movement (from Order),2021-01-10T05:40:09+00:00,0005004743;0100884000,0.0,ST,0.0,EUR,P-100, , 
e2155,Create Goods Movement (from Delivery),2021-01-10T05:40:09+00:00,0087000884;4900000284,1.0,ST,632.54,EUR,P-101,601, 
e2156,Create Goods Movement (from Delivery),2021-01-10T05:40:09+00:00,0087000884;0100884000,0.0,ST,0.0,EUR,P-100, , 
e2509,Create Invoice (from Order),2021-01-10T05:40:10+00:00,0005004743;0090040879,1.0,ST,2679.2,EUR, , ,L
e2510,Create Invoice (from Order),2021-01-10T05:40:10+00:00,0005004743;0090040879,0.0,ST,0.0,EUR, , ,L
e2511,Create Invoice (from Delivery),2021-01-10T05:40:10+00:00,0087000884;0090040879,1.0,ST,2679.2,EUR, , ,L
e2512,Create Invoice (from Delivery),2021-01-10T05:40:10+00:00,0087000884;0090040879,0.0,ST,0.0,EUR, , ,L
e1480,Create Goods Movement (from Order),2021-01-10T05:40:35+00:00,0005004744;4900000285,1.0,ST,632.54,EUR,P-101,601, 
e1481,Create Goods Movement (from Order),2021-01-10T05:40:35+00:00,0005004744;0100885000,0.0,ST,0.0,EUR,P-100, , 
e1482,Create Goods Movement (from Delivery),2021-01-10T05:40:35+00:00,0087000885;4900000285,1.0,ST,632.54,EUR,P-101,601, 
e1483,Create Goods Movement (from Delivery),2021-01-10T05:40:35+00:00,0087000885;0100885000,0.0,ST,0.0,EUR,P-100, , 
e2513,Create Invoice (from Order),2021-01-10T05:40:35+00:00,0005004744;0090040880,1.0,ST,2679.2,EUR, , ,L
e2514,Create Invoice (from Order),2021-01-10T05:40:35+00:00,0005004744;0090040880,0.0,ST,0.0,EUR, , ,L
e2515,Create Invoice (from Delivery),2021-01-10T05:40:35+00:00,0087000885;0090040880,1.0,ST,2679.2,EUR, , ,L
e2516,Create Invoice (from Delivery),2021-01-10T05:40:35+00:00,0087000885;0090040880,0.0,ST,0.0,EUR, , ,L
e2157,Create Goods Movement (from Order),2021-01-10T05:41:12+00:00,0005004745;4900000286,1.0,ST,632.54,EUR,P-101,601, 
e2158,Create Goods Movement (from Order),2021-01-10T05:41:12+00:00,0005004745;0100886000,0.0,ST,0.0,EUR,P-100, , 
e2159,Create Goods Movement (from Delivery),2021-01-10T05:41:12+00:00,0087000886;4900000286,1.0,ST,632.54,EUR,P-101,601, 
e2160,Create Goods Movement (from Delivery),2021-01-10T05:41:12+00:00,0087000886;0100886000,0.0,ST,0.0,EUR,P-100, , 
e2517,Create Invoice (from Order),2021-01-10T05:41:12+00:00,0005004745;0090040881,1.0,ST,2705.99,EUR, , ,L
e2518,Create Invoice (from Order),2021-01-10T05:41:12+00:00,0005004745;0090040881,0.0,ST,0.0,EUR, , ,L
e2519,Create Invoice (from Delivery),2021-01-10T05:41:12+00:00,0087000886;0090040881,1.0,ST,2705.99,EUR, , ,L
e2520,Create Invoice (from Delivery),2021-01-10T05:41:12+00:00,0087000886;0090040881,0.0,ST,0.0,EUR, , ,L
e2338,Create Goods Movement (from Order),2021-01-10T05:41:48+00:00,0005004746;4900000287,2.0,ST,1265.08,EUR,P-101,601, 
e2339,Create Goods Movement (from Order),2021-01-10T05:41:48+00:00,0005004746;0100887000,0.0,ST,0.0,EUR,P-100, , 
e2340,Create Goods Movement (from Delivery),2021-01-10T05:41:48+00:00,0087000887;4900000287,2.0,ST,1265.08,EUR,P-101,601, 
e2341,Create Goods Movement (from Delivery),2021-01-10T05:41:48+00:00,0087000887;0100887000,0.0,ST,0.0,EUR,P-100, , 
e2521,Create Invoice (from Order),2021-01-10T05:41:49+00:00,0005004746;0090040882,2.0,ST,5358.4,EUR, , ,L
e2522,Create Invoice (from Order),2021-01-10T05:41:49+00:00,0005004746;0090040882,0.0,ST,0.0,EUR, , ,L
e2523,Create Invoice (from Delivery),2021-01-10T05:41:49+00:00,0087000887;0090040882,2.0,ST,5358.4,EUR, , ,L
e2524,Create Invoice (from Delivery),2021-01-10T05:41:49+00:00,0087000887;0090040882,0.0,ST,0.0,EUR, , ,L
e2161,Create Goods Movement (from Order),2021-01-10T05:42:14+00:00,0005004747;4900000288,1.0,ST,632.54,EUR,P-101,601, 
e2162,Create Goods Movement (from Order),2021-01-10T05:42:14+00:00,0005004747;0100888000,0.0,ST,0.0,EUR,P-100, , 
e2163,Create Goods Movement (from Delivery),2021-01-10T05:42:14+00:00,0087000888;4900000288,1.0,ST,632.54,EUR,P-101,601, 
e2164,Create Goods Movement (from Delivery),2021-01-10T05:42:14+00:00,0087000888;0100888000,0.0,ST,0.0,EUR,P-100, , 
e2525,Create Invoice (from Order),2021-01-10T05:42:14+00:00,0005004747;0090040883,1.0,ST,2679.2,EUR, , ,L
e2526,Create Invoice (from Order),2021-01-10T05:42:14+00:00,0005004747;0090040883,0.0,ST,0.0,EUR, , ,L
e2527,Create Invoice (from Delivery),2021-01-10T05:42:14+00:00,0087000888;0090040883,1.0,ST,2679.2,EUR, , ,L
e2528,Create Invoice (from Delivery),2021-01-10T05:42:14+00:00,0087000888;0090040883,0.0,ST,0.0,EUR, , ,L
e2165,Create Goods Movement (from Order),2021-01-10T05:43:01+00:00,0005004748;4900000289,1.0,ST,632.54,EUR,P-101,601, 
e2166,Create Goods Movement (from Order),2021-01-10T05:43:01+00:00,0005004748;0100889000,0.0,ST,0.0,EUR,P-100, , 
e2167,Create Goods Movement (from Delivery),2021-01-10T05:43:01+00:00,0087000889;4900000289,1.0,ST,632.54,EUR,P-101,601, 
e2168,Create Goods Movement (from Delivery),2021-01-10T05:43:01+00:00,0087000889;0100889000,0.0,ST,0.0,EUR,P-100, , 
e2529,Create Invoice (from Order),2021-01-10T05:43:01+00:00,0005004748;0090040884,1.0,ST,2705.99,EUR, , ,L
e2530,Create Invoice (from Order),2021-01-10T05:43:01+00:00,0005004748;0090040884,0.0,ST,0.0,EUR, , ,L
e2531,Create Invoice (from Delivery),2021-01-10T05:43:01+00:00,0087000889;0090040884,1.0,ST,2705.99,EUR, , ,L
e2532,Create Invoice (from Delivery),2021-01-10T05:43:01+00:00,0087000889;0090040884,0.0,ST,0.0,EUR, , ,L
e1398,Create Goods Movement (from Order),2021-01-10T05:43:59+00:00,0005004749;4900000290,1.0,ST,632.54,EUR,P-101,601, 
e1399,Create Goods Movement (from Order),2021-01-10T05:43:59+00:00,0005004749;0100890000,0.0,ST,0.0,EUR,P-100, , 
e1400,Create Goods Movement (from Delivery),2021-01-10T05:43:59+00:00,0087000890;4900000290,1.0,ST,632.54,EUR,P-101,601, 
e1401,Create Goods Movement (from Delivery),2021-01-10T05:43:59+00:00,0087000890;0100890000,0.0,ST,0.0,EUR,P-100, , 
e2639,Create Invoice (from Order),2021-01-10T05:44:00+00:00,0005004749;0090040885,1.0,ST,2705.99,EUR, , ,L
e2640,Create Invoice (from Order),2021-01-10T05:44:00+00:00,0005004749;0090040885,0.0,ST,0.0,EUR, , ,L
e2641,Create Invoice (from Delivery),2021-01-10T05:44:00+00:00,0087000890;0090040885,1.0,ST,2705.99,EUR, , ,L
e2642,Create Invoice (from Delivery),2021-01-10T05:44:00+00:00,0087000890;0090040885,0.0,ST,0.0,EUR, , ,L
e1602,Create Goods Movement (from Order),2021-01-10T05:44:25+00:00,0005004750;4900000291,1.0,ST,632.54,EUR,P-101,601, 
e1603,Create Goods Movement (from Order),2021-01-10T05:44:25+00:00,0005004750;0100891000,0.0,ST,0.0,EUR,P-100, , 
e1604,Create Goods Movement (from Delivery),2021-01-10T05:44:25+00:00,0087000891;4900000291,1.0,ST,632.54,EUR,P-101,601, 
e1671,Create Goods Movement (from Delivery),2021-01-10T05:44:25+00:00,0087000891;0100891000,0.0,ST,0.0,EUR,P-100, , 
e2643,Create Invoice (from Order),2021-01-10T05:44:26+00:00,0005004750;0090040886,1.0,ST,2679.2,EUR, , ,L
e2644,Create Invoice (from Order),2021-01-10T05:44:26+00:00,0005004750;0090040886,0.0,ST,0.0,EUR, , ,L
e2645,Create Invoice (from Delivery),2021-01-10T05:44:26+00:00,0087000891;0090040886,1.0,ST,2679.2,EUR, , ,L
e2646,Create Invoice (from Delivery),2021-01-10T05:44:26+00:00,0087000891;0090040886,0.0,ST,0.0,EUR, , ,L
e2451,Create Goods Movement (from Order),2021-01-10T05:44:51+00:00,0005004751;4900000292,1.0,ST,632.54,EUR,P-101,601, 
e2452,Create Goods Movement (from Order),2021-01-10T05:44:51+00:00,0005004751;0100892000,0.0,ST,0.0,EUR,P-100, , 
e2453,Create Goods Movement (from Delivery),2021-01-10T05:44:51+00:00,0087000892;4900000292,1.0,ST,632.54,EUR,P-101,601, 
e2454,Create Goods Movement (from Delivery),2021-01-10T05:44:51+00:00,0087000892;0100892000,0.0,ST,0.0,EUR,P-100, , 
e2647,Create Invoice (from Order),2021-01-10T05:44:52+00:00,0005004751;0090040887,1.0,ST,2679.2,EUR, , ,L
e2648,Create Invoice (from Order),2021-01-10T05:44:52+00:00,0005004751;0090040887,0.0,ST,0.0,EUR, , ,L
e2649,Create Invoice (from Delivery),2021-01-10T05:44:52+00:00,0087000892;0090040887,1.0,ST,2679.2,EUR, , ,L
e2650,Create Invoice (from Delivery),2021-01-10T05:44:52+00:00,0087000892;0090040887,0.0,ST,0.0,EUR, , ,L
e1402,Create Goods Movement (from Order),2021-01-10T05:45:38+00:00,0005004752;4900000293,1.0,ST,632.54,EUR,P-101,601, 
e1403,Create Goods Movement (from Order),2021-01-10T05:45:38+00:00,0005004752;0100893000,0.0,ST,0.0,EUR,P-100, , 
e1404,Create Goods Movement (from Delivery),2021-01-10T05:45:38+00:00,0087000893;4900000293,1.0,ST,632.54,EUR,P-101,601, 
e1405,Create Goods Movement (from Delivery),2021-01-10T05:45:38+00:00,0087000893;0100893000,0.0,ST,0.0,EUR,P-100, , 
e2651,Create Invoice (from Order),2021-01-10T05:45:39+00:00,0005004752;0090040888,1.0,ST,2705.99,EUR, , ,L
e2652,Create Invoice (from Order),2021-01-10T05:45:39+00:00,0005004752;0090040888,0.0,ST,0.0,EUR, , ,L
e2653,Create Invoice (from Delivery),2021-01-10T05:45:39+00:00,0087000893;0090040888,1.0,ST,2705.99,EUR, , ,L
e2654,Create Invoice (from Delivery),2021-01-10T05:45:39+00:00,0087000893;0090040888,0.0,ST,0.0,EUR, , ,L
e2112,Create Goods Movement (from Order),2021-01-10T05:46:15+00:00,0005004753;4900000294,1.0,ST,632.54,EUR,P-101,601, 
e2113,Create Goods Movement (from Order),2021-01-10T05:46:15+00:00,0005004753;0100894000,0.0,ST,0.0,EUR,P-100, , 
e2114,Create Goods Movement (from Delivery),2021-01-10T05:46:15+00:00,0087000894;4900000294,1.0,ST,632.54,EUR,P-101,601, 
e2115,Create Goods Movement (from Delivery),2021-01-10T05:46:15+00:00,0087000894;0100894000,0.0,ST,0.0,EUR,P-100, , 
e2655,Create Invoice (from Order),2021-01-10T05:46:15+00:00,0005004753;0090040889,1.0,ST,2705.99,EUR, , ,L
e2656,Create Invoice (from Order),2021-01-10T05:46:15+00:00,0005004753;0090040889,0.0,ST,0.0,EUR, , ,L
e2657,Create Invoice (from Delivery),2021-01-10T05:46:15+00:00,0087000894;0090040889,1.0,ST,2705.99,EUR, , ,L
e2658,Create Invoice (from Delivery),2021-01-10T05:46:15+00:00,0087000894;0090040889,0.0,ST,0.0,EUR, , ,L
e2169,Create Goods Movement (from Order),2021-01-10T05:46:51+00:00,0005004754;4900000295,1.0,ST,632.54,EUR,P-101,601, 
e2170,Create Goods Movement (from Order),2021-01-10T05:46:51+00:00,0005004754;0100895000,0.0,ST,0.0,EUR,P-100, , 
e2171,Create Goods Movement (from Delivery),2021-01-10T05:46:51+00:00,0087000895;4900000295,1.0,ST,632.54,EUR,P-101,601, 
e2172,Create Goods Movement (from Delivery),2021-01-10T05:46:51+00:00,0087000895;0100895000,0.0,ST,0.0,EUR,P-100, , 
e2659,Create Invoice (from Order),2021-01-10T05:46:52+00:00,0005004754;0090040890,1.0,ST,2679.2,EUR, , ,L
e2660,Create Invoice (from Order),2021-01-10T05:46:52+00:00,0005004754;0090040890,0.0,ST,0.0,EUR, , ,L
e2661,Create Invoice (from Delivery),2021-01-10T05:46:52+00:00,0087000895;0090040890,1.0,ST,2679.2,EUR, , ,L
e2662,Create Invoice (from Delivery),2021-01-10T05:46:52+00:00,0087000895;0090040890,0.0,ST,0.0,EUR, , ,L
e2563,Create Goods Movement (from Order),2021-01-10T05:47:16+00:00,0005004755;4900000296,1.0,ST,632.54,EUR,P-101,601, 
e2564,Create Goods Movement (from Order),2021-01-10T05:47:16+00:00,0005004755;0100896000,0.0,ST,0.0,EUR,P-100, , 
e2565,Create Goods Movement (from Delivery),2021-01-10T05:47:16+00:00,0087000896;4900000296,1.0,ST,632.54,EUR,P-101,601, 
e2566,Create Goods Movement (from Delivery),2021-01-10T05:47:16+00:00,0087000896;0100896000,0.0,ST,0.0,EUR,P-100, , 
e2663,Create Invoice (from Order),2021-01-10T05:47:17+00:00,0005004755;0090040891,1.0,ST,2679.2,EUR, , ,L
e2664,Create Invoice (from Order),2021-01-10T05:47:17+00:00,0005004755;0090040891,0.0,ST,0.0,EUR, , ,L
e2665,Create Invoice (from Delivery),2021-01-10T05:47:17+00:00,0087000896;0090040891,1.0,ST,2679.2,EUR, , ,L
e2666,Create Invoice (from Delivery),2021-01-10T05:47:17+00:00,0087000896;0090040891,0.0,ST,0.0,EUR, , ,L
e1406,Create Goods Movement (from Order),2021-01-10T05:47:42+00:00,0005004756;4900000297,1.0,ST,632.54,EUR,P-101,601, 
e1407,Create Goods Movement (from Order),2021-01-10T05:47:42+00:00,0005004756;0100897000,0.0,ST,0.0,EUR,P-100, , 
e1408,Create Goods Movement (from Delivery),2021-01-10T05:47:42+00:00,0087000897;4900000297,1.0,ST,632.54,EUR,P-101,601, 
e1409,Create Goods Movement (from Delivery),2021-01-10T05:47:42+00:00,0087000897;0100897000,0.0,ST,0.0,EUR,P-100, , 
e2187,Create Invoice (from Delivery),2021-01-10T05:47:43+00:00,0087000897;0090040892,0.0,ST,0.0,EUR, , ,L
e2667,Create Invoice (from Order),2021-01-10T05:47:43+00:00,0005004756;0090040892,1.0,ST,2679.2,EUR, , ,L
e2668,Create Invoice (from Order),2021-01-10T05:47:43+00:00,0005004756;0090040892,0.0,ST,0.0,EUR, , ,L
e2669,Create Invoice (from Delivery),2021-01-10T05:47:43+00:00,0087000897;0090040892,1.0,ST,2679.2,EUR, , ,L
e2567,Create Goods Movement (from Order),2021-01-10T05:48:29+00:00,0005004757;4900000298,2.0,ST,1265.08,EUR,P-101,601, 
e2568,Create Goods Movement (from Order),2021-01-10T05:48:29+00:00,0005004757;0100898000,0.0,ST,0.0,EUR,P-100, , 
e2569,Create Goods Movement (from Delivery),2021-01-10T05:48:29+00:00,0087000898;4900000298,2.0,ST,1265.08,EUR,P-101,601, 
e2570,Create Goods Movement (from Delivery),2021-01-10T05:48:29+00:00,0087000898;0100898000,0.0,ST,0.0,EUR,P-100, , 
e2116,Create Invoice (from Order),2021-01-10T05:48:30+00:00,0005004757;0090040893,2.0,ST,5411.98,EUR, , ,L
e2117,Create Invoice (from Order),2021-01-10T05:48:30+00:00,0005004757;0090040893,0.0,ST,0.0,EUR, , ,L
e2118,Create Invoice (from Delivery),2021-01-10T05:48:30+00:00,0087000898;0090040893,2.0,ST,5411.98,EUR, , ,L
e2119,Create Invoice (from Delivery),2021-01-10T05:48:30+00:00,0087000898;0090040893,0.0,ST,0.0,EUR, , ,L
e2120,Create Goods Movement (from Order),2021-01-10T05:48:54+00:00,0005004758;4900000299,1.0,ST,632.54,EUR,P-101,601, 
e2121,Create Goods Movement (from Order),2021-01-10T05:48:54+00:00,0005004758;0100899000,0.0,ST,0.0,EUR,P-100, , 
e2122,Create Goods Movement (from Delivery),2021-01-10T05:48:54+00:00,0087000899;4900000299,1.0,ST,632.54,EUR,P-101,601, 
e2217,Create Goods Movement (from Delivery),2021-01-10T05:48:54+00:00,0087000899;0100899000,0.0,ST,0.0,EUR,P-100, , 
e2218,Create Invoice (from Order),2021-01-10T05:48:55+00:00,0005004758;0090040894,1.0,ST,2679.2,EUR, , ,L
e2219,Create Invoice (from Order),2021-01-10T05:48:55+00:00,0005004758;0090040894,0.0,ST,0.0,EUR, , ,L
e2220,Create Invoice (from Delivery),2021-01-10T05:48:55+00:00,0087000899;0090040894,1.0,ST,2679.2,EUR, , ,L
e2221,Create Invoice (from Delivery),2021-01-10T05:48:55+00:00,0087000899;0090040894,0.0,ST,0.0,EUR, , ,L
e2222,Create Goods Movement (from Order),2021-01-10T05:49:20+00:00,0005004759;4900000300,1.0,ST,632.54,EUR,P-101,601, 
e2223,Create Goods Movement (from Order),2021-01-10T05:49:20+00:00,0005004759;0100900000,0.0,ST,0.0,EUR,P-100, , 
e2224,Create Goods Movement (from Delivery),2021-01-10T05:49:20+00:00,0087000900;4900000300,1.0,ST,632.54,EUR,P-101,601, 
e2225,Create Goods Movement (from Delivery),2021-01-10T05:49:20+00:00,0087000900;0100900000,0.0,ST,0.0,EUR,P-100, , 
e2226,Create Invoice (from Order),2021-01-10T05:49:21+00:00,0005004759;0090040895,1.0,ST,2679.2,EUR, , ,L
e2227,Create Invoice (from Order),2021-01-10T05:49:21+00:00,0005004759;0090040895,0.0,ST,0.0,EUR, , ,L
e2228,Create Invoice (from Delivery),2021-01-10T05:49:21+00:00,0087000900;0090040895,1.0,ST,2679.2,EUR, , ,L
e2229,Create Invoice (from Delivery),2021-01-10T05:49:21+00:00,0087000900;0090040895,0.0,ST,0.0,EUR, , ,L
e2173,Create Goods Movement (from Order),2021-01-10T05:50:07+00:00,0005004760;4900000301,1.0,ST,632.54,EUR,P-101,601, 
e2174,Create Goods Movement (from Order),2021-01-10T05:50:07+00:00,0005004760;0100901000,0.0,ST,0.0,EUR,P-100, , 
e2175,Create Goods Movement (from Delivery),2021-01-10T05:50:07+00:00,0087000901;4900000301,1.0,ST,632.54,EUR,P-101,601, 
e2176,Create Goods Movement (from Delivery),2021-01-10T05:50:07+00:00,0087000901;0100901000,0.0,ST,0.0,EUR,P-100, , 
e2230,Create Invoice (from Order),2021-01-10T05:50:08+00:00,0005004760;0090040896,1.0,ST,2679.2,EUR, , ,L
e2231,Create Invoice (from Order),2021-01-10T05:50:08+00:00,0005004760;0090040896,0.0,ST,0.0,EUR, , ,L
e2232,Create Invoice (from Delivery),2021-01-10T05:50:08+00:00,0087000901;0090040896,1.0,ST,2679.2,EUR, , ,L
e2233,Create Invoice (from Delivery),2021-01-10T05:50:08+00:00,0087000901;0090040896,0.0,ST,0.0,EUR, , ,L
e2177,Create Goods Movement (from Order),2021-01-10T05:51:28+00:00,0005004761;4900000302,1.0,ST,632.54,EUR,P-101,601, 
e2178,Create Goods Movement (from Order),2021-01-10T05:51:28+00:00,0005004761;0100902000,0.0,ST,0.0,EUR,P-100, , 
e2179,Create Goods Movement (from Delivery),2021-01-10T05:51:28+00:00,0087000902;4900000302,1.0,ST,632.54,EUR,P-101,601, 
e2180,Create Goods Movement (from Delivery),2021-01-10T05:51:28+00:00,0087000902;0100902000,0.0,ST,0.0,EUR,P-100, , 
e2234,Create Invoice (from Order),2021-01-10T05:51:29+00:00,0005004761;0090040897,1.0,ST,2679.2,EUR, , ,L
e2235,Create Invoice (from Order),2021-01-10T05:51:29+00:00,0005004761;0090040897,0.0,ST,0.0,EUR, , ,L
e2236,Create Invoice (from Delivery),2021-01-10T05:51:29+00:00,0087000902;0090040897,1.0,ST,2679.2,EUR, , ,L
e2237,Create Invoice (from Delivery),2021-01-10T05:51:29+00:00,0087000902;0090040897,0.0,ST,0.0,EUR, , ,L
e2238,Create Invoice (from Order),2021-01-10T05:52:05+00:00,0005004762;0090040898,1.0,ST,2679.2,EUR, , ,L
e2239,Create Invoice (from Order),2021-01-10T05:52:05+00:00,0005004762;0090040898,0.0,ST,0.0,EUR, , ,L
e2240,Create Invoice (from Delivery),2021-01-10T05:52:05+00:00,0087000903;0090040898,1.0,ST,2679.2,EUR, , ,L
e2241,Create Invoice (from Delivery),2021-01-10T05:52:05+00:00,0087000903;0090040898,0.0,ST,0.0,EUR, , ,L
e2757,Create Goods Movement (from Order),2021-01-10T05:52:05+00:00,0005004762;4900000303,1.0,ST,632.54,EUR,P-101,601, 
e2758,Create Goods Movement (from Order),2021-01-10T05:52:05+00:00,0005004762;0100903000,0.0,ST,0.0,EUR,P-100, , 
e2759,Create Goods Movement (from Delivery),2021-01-10T05:52:05+00:00,0087000903;4900000303,1.0,ST,632.54,EUR,P-101,601, 
e2760,Create Goods Movement (from Delivery),2021-01-10T05:52:05+00:00,0087000903;0100903000,0.0,ST,0.0,EUR,P-100, , 
e2761,Create Goods Movement (from Order),2021-01-10T05:52:51+00:00,0005004763;4900000304,1.0,ST,632.54,EUR,P-101,601, 
e2762,Create Goods Movement (from Order),2021-01-10T05:52:51+00:00,0005004763;0100904000,0.0,ST,0.0,EUR,P-100, , 
e2763,Create Goods Movement (from Delivery),2021-01-10T05:52:51+00:00,0087000904;4900000304,1.0,ST,632.54,EUR,P-101,601, 
e2764,Create Goods Movement (from Delivery),2021-01-10T05:52:51+00:00,0087000904;0100904000,0.0,ST,0.0,EUR,P-100, , 
e2188,Create Invoice (from Order),2021-01-10T05:52:52+00:00,0005004763;0090040899,1.0,ST,2705.99,EUR, , ,L
e2189,Create Invoice (from Order),2021-01-10T05:52:52+00:00,0005004763;0090040899,0.0,ST,0.0,EUR, , ,L
e2190,Create Invoice (from Delivery),2021-01-10T05:52:52+00:00,0087000904;0090040899,1.0,ST,2705.99,EUR, , ,L
e2191,Create Invoice (from Delivery),2021-01-10T05:52:52+00:00,0087000904;0090040899,0.0,ST,0.0,EUR, , ,L
e2571,Create Goods Movement (from Order),2021-01-10T05:53:17+00:00,0005004764;4900000305,1.0,ST,632.54,EUR,P-101,601, 
e2670,Create Goods Movement (from Order),2021-01-10T05:53:17+00:00,0005004764;0100905000,0.0,ST,0.0,EUR,P-100, , 
e2671,Create Goods Movement (from Delivery),2021-01-10T05:53:17+00:00,0087000905;4900000305,1.0,ST,632.54,EUR,P-101,601, 
e2672,Create Goods Movement (from Delivery),2021-01-10T05:53:17+00:00,0087000905;0100905000,0.0,ST,0.0,EUR,P-100, , 
e2192,Create Invoice (from Order),2021-01-10T05:53:18+00:00,0005004764;0090040900,1.0,ST,2679.2,EUR, , ,L
e2193,Create Invoice (from Order),2021-01-10T05:53:18+00:00,0005004764;0090040900,0.0,ST,0.0,EUR, , ,L
e2194,Create Invoice (from Delivery),2021-01-10T05:53:18+00:00,0087000905;0090040900,1.0,ST,2679.2,EUR, , ,L
e2195,Create Invoice (from Delivery),2021-01-10T05:53:18+00:00,0087000905;0090040900,0.0,ST,0.0,EUR, , ,L
e2765,Create Goods Movement (from Order),2021-01-10T05:54:04+00:00,0005004765;4900000306,2.0,ST,1265.08,EUR,P-101,601, 
e2766,Create Goods Movement (from Order),2021-01-10T05:54:04+00:00,0005004765;0100906000,0.0,ST,0.0,EUR,P-100, , 
e2767,Create Goods Movement (from Delivery),2021-01-10T05:54:04+00:00,0087000906;4900000306,2.0,ST,1265.08,EUR,P-101,601, 
e2768,Create Goods Movement (from Delivery),2021-01-10T05:54:04+00:00,0087000906;0100906000,0.0,ST,0.0,EUR,P-100, , 
e2196,Create Invoice (from Order),2021-01-10T05:54:05+00:00,0005004765;0090040901,2.0,ST,5411.98,EUR, , ,L
e2197,Create Invoice (from Order),2021-01-10T05:54:05+00:00,0005004765;0090040901,0.0,ST,0.0,EUR, , ,L
e2198,Create Invoice (from Delivery),2021-01-10T05:54:05+00:00,0087000906;0090040901,2.0,ST,5411.98,EUR, , ,L
e2199,Create Invoice (from Delivery),2021-01-10T05:54:05+00:00,0087000906;0090040901,0.0,ST,0.0,EUR, , ,L
e2769,Create Goods Movement (from Order),2021-01-10T05:54:40+00:00,0005004766;4900000307,1.0,ST,632.54,EUR,P-101,601, 
e2770,Create Goods Movement (from Order),2021-01-10T05:54:40+00:00,0005004766;0100907000,0.0,ST,0.0,EUR,P-100, , 
e2771,Create Goods Movement (from Delivery),2021-01-10T05:54:40+00:00,0087000907;4900000307,1.0,ST,632.54,EUR,P-101,601, 
e2772,Create Goods Movement (from Delivery),2021-01-10T05:54:40+00:00,0087000907;0100907000,0.0,ST,0.0,EUR,P-100, , 
e2200,Create Invoice (from Order),2021-01-10T05:54:41+00:00,0005004766;0090040902,1.0,ST,2705.99,EUR, , ,L
e2201,Create Invoice (from Order),2021-01-10T05:54:41+00:00,0005004766;0090040902,0.0,ST,0.0,EUR, , ,L
e2202,Create Invoice (from Delivery),2021-01-10T05:54:41+00:00,0087000907;0090040902,1.0,ST,2705.99,EUR, , ,L
e2203,Create Invoice (from Delivery),2021-01-10T05:54:41+00:00,0087000907;0090040902,0.0,ST,0.0,EUR, , ,L
e2242,Create Invoice (from Order),2021-01-10T05:55:06+00:00,0005004767;0090040903,1.0,ST,2679.2,EUR, , ,L
e2243,Create Invoice (from Order),2021-01-10T05:55:06+00:00,0005004767;0090040903,0.0,ST,0.0,EUR, , ,L
e2244,Create Invoice (from Delivery),2021-01-10T05:55:06+00:00,0087000908;0090040903,1.0,ST,2679.2,EUR, , ,L
e2245,Create Invoice (from Delivery),2021-01-10T05:55:06+00:00,0087000908;0090040903,0.0,ST,0.0,EUR, , ,L
e2773,Create Goods Movement (from Order),2021-01-10T05:55:06+00:00,0005004767;4900000308,1.0,ST,632.54,EUR,P-101,601, 
e2774,Create Goods Movement (from Order),2021-01-10T05:55:06+00:00,0005004767;0100908000,0.0,ST,0.0,EUR,P-100, , 
e2775,Create Goods Movement (from Delivery),2021-01-10T05:55:06+00:00,0087000908;4900000308,1.0,ST,632.54,EUR,P-101,601, 
e2776,Create Goods Movement (from Delivery),2021-01-10T05:55:06+00:00,0087000908;0100908000,0.0,ST,0.0,EUR,P-100, , 
e2777,Create Goods Movement (from Order),2021-01-10T05:55:42+00:00,0005004768;4900000309,1.0,ST,632.54,EUR,P-101,601, 
e2778,Create Goods Movement (from Order),2021-01-10T05:55:42+00:00,0005004768;0100909000,0.0,ST,0.0,EUR,P-100, , 
e2779,Create Goods Movement (from Delivery),2021-01-10T05:55:42+00:00,0087000909;4900000309,1.0,ST,632.54,EUR,P-101,601, 
e2780,Create Goods Movement (from Delivery),2021-01-10T05:55:42+00:00,0087000909;0100909000,0.0,ST,0.0,EUR,P-100, , 
e2246,Create Invoice (from Order),2021-01-10T05:55:43+00:00,0005004768;0090040904,1.0,ST,2679.2,EUR, , ,L
e2247,Create Invoice (from Order),2021-01-10T05:55:43+00:00,0005004768;0090040904,0.0,ST,0.0,EUR, , ,L
e2248,Create Invoice (from Delivery),2021-01-10T05:55:43+00:00,0087000909;0090040904,1.0,ST,2679.2,EUR, , ,L
e2249,Create Invoice (from Delivery),2021-01-10T05:55:43+00:00,0087000909;0090040904,0.0,ST,0.0,EUR, , ,L
e2673,Create Goods Movement (from Order),2021-01-10T05:56:20+00:00,0005004769;4900000310,1.0,ST,632.54,EUR,P-101,601, 
e2674,Create Goods Movement (from Order),2021-01-10T05:56:20+00:00,0005004769;0100910000,0.0,ST,0.0,EUR,P-100, , 
e2675,Create Goods Movement (from Delivery),2021-01-10T05:56:20+00:00,0087000910;4900000310,1.0,ST,632.54,EUR,P-101,601, 
e2676,Create Goods Movement (from Delivery),2021-01-10T05:56:20+00:00,0087000910;0100910000,0.0,ST,0.0,EUR,P-100, , 
e2204,Create Invoice (from Order),2021-01-10T05:56:21+00:00,0005004769;0090040905,1.0,ST,2705.99,EUR, , ,L
e2205,Create Invoice (from Order),2021-01-10T05:56:21+00:00,0005004769;0090040905,0.0,ST,0.0,EUR, , ,L
e2206,Create Invoice (from Delivery),2021-01-10T05:56:21+00:00,0087000910;0090040905,1.0,ST,2705.99,EUR, , ,L
e2207,Create Invoice (from Delivery),2021-01-10T05:56:21+00:00,0087000910;0090040905,0.0,ST,0.0,EUR, , ,L
e2781,Create Goods Movement (from Order),2021-01-10T05:56:46+00:00,0005004770;4900000311,1.0,ST,632.54,EUR,P-101,601, 
e2782,Create Goods Movement (from Order),2021-01-10T05:56:46+00:00,0005004770;0100911000,0.0,ST,0.0,EUR,P-100, , 
e2783,Create Goods Movement (from Delivery),2021-01-10T05:56:46+00:00,0087000911;4900000311,1.0,ST,632.54,EUR,P-101,601, 
e2784,Create Goods Movement (from Delivery),2021-01-10T05:56:46+00:00,0087000911;0100911000,0.0,ST,0.0,EUR,P-100, , 
e2208,Create Invoice (from Order),2021-01-10T05:56:47+00:00,0005004770;0090040906,1.0,ST,2679.2,EUR, , ,L
e2209,Create Invoice (from Order),2021-01-10T05:56:47+00:00,0005004770;0090040906,0.0,ST,0.0,EUR, , ,L
e2210,Create Invoice (from Delivery),2021-01-10T05:56:47+00:00,0087000911;0090040906,1.0,ST,2679.2,EUR, , ,L
e2211,Create Invoice (from Delivery),2021-01-10T05:56:47+00:00,0087000911;0090040906,0.0,ST,0.0,EUR, , ,L
e2212,Create Invoice (from Order),2021-01-10T05:57:43+00:00,0005004771;0090040907,2.0,ST,5358.4,EUR, , ,L
e2213,Create Invoice (from Order),2021-01-10T05:57:43+00:00,0005004771;0090040907,0.0,ST,0.0,EUR, , ,L
e2214,Create Invoice (from Delivery),2021-01-10T05:57:43+00:00,0087000912;0090040907,2.0,ST,5358.4,EUR, , ,L
e2215,Create Invoice (from Delivery),2021-01-10T05:57:43+00:00,0087000912;0090040907,0.0,ST,0.0,EUR, , ,L
e2677,Create Goods Movement (from Order),2021-01-10T05:57:43+00:00,0005004771;4900000312,2.0,ST,1265.08,EUR,P-101,601, 
e2678,Create Goods Movement (from Order),2021-01-10T05:57:43+00:00,0005004771;0100912000,0.0,ST,0.0,EUR,P-100, , 
e2679,Create Goods Movement (from Delivery),2021-01-10T05:57:43+00:00,0087000912;4900000312,2.0,ST,1265.08,EUR,P-101,601, 
e2680,Create Goods Movement (from Delivery),2021-01-10T05:57:43+00:00,0087000912;0100912000,0.0,ST,0.0,EUR,P-100, , 
e2785,Create Goods Movement (from Order),2021-01-10T05:58:08+00:00,0005004772;4900000313,1.0,ST,632.54,EUR,P-101,601, 
e2786,Create Goods Movement (from Order),2021-01-10T05:58:08+00:00,0005004772;0100913000,0.0,ST,0.0,EUR,P-100, , 
e2787,Create Goods Movement (from Delivery),2021-01-10T05:58:08+00:00,0087000913;4900000313,1.0,ST,632.54,EUR,P-101,601, 
e2788,Create Goods Movement (from Delivery),2021-01-10T05:58:08+00:00,0087000913;0100913000,0.0,ST,0.0,EUR,P-100, , 
e2216,Create Invoice (from Order),2021-01-10T05:58:09+00:00,0005004772;0090040908,1.0,ST,2679.2,EUR, , ,L
e2342,Create Invoice (from Order),2021-01-10T05:58:09+00:00,0005004772;0090040908,0.0,ST,0.0,EUR, , ,L
e2343,Create Invoice (from Delivery),2021-01-10T05:58:09+00:00,0087000913;0090040908,1.0,ST,2679.2,EUR, , ,L
e2344,Create Invoice (from Delivery),2021-01-10T05:58:09+00:00,0087000913;0090040908,0.0,ST,0.0,EUR, , ,L
e2789,Create Goods Movement (from Order),2021-01-10T05:58:34+00:00,0005004773;4900000314,1.0,ST,632.54,EUR,P-101,601, 
e2790,Create Goods Movement (from Order),2021-01-10T05:58:34+00:00,0005004773;0100914000,0.0,ST,0.0,EUR,P-100, , 
e2791,Create Goods Movement (from Delivery),2021-01-10T05:58:34+00:00,0087000914;4900000314,1.0,ST,632.54,EUR,P-101,601, 
e2792,Create Goods Movement (from Delivery),2021-01-10T05:58:34+00:00,0087000914;0100914000,0.0,ST,0.0,EUR,P-100, , 
e2455,Create Invoice (from Order),2021-01-10T05:58:35+00:00,0005004773;0090040909,1.0,ST,2679.2,EUR, , ,L
e2456,Create Invoice (from Order),2021-01-10T05:58:35+00:00,0005004773;0090040909,0.0,ST,0.0,EUR, , ,L
e2457,Create Invoice (from Delivery),2021-01-10T05:58:35+00:00,0087000914;0090040909,1.0,ST,2679.2,EUR, , ,L
e2458,Create Invoice (from Delivery),2021-01-10T05:58:35+00:00,0087000914;0090040909,0.0,ST,0.0,EUR, , ,L
e2181,Create Goods Movement (from Order),2021-01-10T05:59:10+00:00,0005004774;4900000315,1.0,ST,632.54,EUR,P-101,601, 
e2182,Create Goods Movement (from Order),2021-01-10T05:59:10+00:00,0005004774;0100915000,0.0,ST,0.0,EUR,P-100, , 
e2183,Create Goods Movement (from Delivery),2021-01-10T05:59:10+00:00,0087000915;4900000315,1.0,ST,632.54,EUR,P-101,601, 
e2184,Create Goods Movement (from Delivery),2021-01-10T05:59:10+00:00,0087000915;0100915000,0.0,ST,0.0,EUR,P-100, , 
e2459,Create Invoice (from Order),2021-01-10T05:59:11+00:00,0005004774;0090040910,1.0,ST,2679.2,EUR, , ,L
e2460,Create Invoice (from Order),2021-01-10T05:59:11+00:00,0005004774;0090040910,0.0,ST,0.0,EUR, , ,L
e2461,Create Invoice (from Delivery),2021-01-10T05:59:11+00:00,0087000915;0090040910,1.0,ST,2679.2,EUR, , ,L
e2462,Create Invoice (from Delivery),2021-01-10T05:59:11+00:00,0087000915;0090040910,0.0,ST,0.0,EUR, , ,L
e2345,Create Goods Movement (from Order),2021-01-10T05:59:36+00:00,0005004775;4900000316,1.0,ST,632.54,EUR,P-101,601, 
e2346,Create Goods Movement (from Order),2021-01-10T05:59:36+00:00,0005004775;0100916000,0.0,ST,0.0,EUR,P-100, , 
e2347,Create Goods Movement (from Delivery),2021-01-10T05:59:36+00:00,0087000916;4900000316,1.0,ST,632.54,EUR,P-101,601, 
e2348,Create Goods Movement (from Delivery),2021-01-10T05:59:36+00:00,0087000916;0100916000,0.0,ST,0.0,EUR,P-100, , 
e2463,Create Invoice (from Order),2021-01-10T05:59:37+00:00,0005004775;0090040911,1.0,ST,2679.2,EUR, , ,L
e2464,Create Invoice (from Order),2021-01-10T05:59:37+00:00,0005004775;0090040911,0.0,ST,0.0,EUR, , ,L
e2465,Create Invoice (from Delivery),2021-01-10T05:59:37+00:00,0087000916;0090040911,1.0,ST,2679.2,EUR, , ,L
e2466,Create Invoice (from Delivery),2021-01-10T05:59:37+00:00,0087000916;0090040911,0.0,ST,0.0,EUR, , ,L
e2185,Create Goods Movement (from Order),2021-01-10T06:00:47+00:00,0005004776;4900000317,2.0,ST,1265.08,EUR,P-101,601, 
e2186,Create Goods Movement (from Order),2021-01-10T06:00:47+00:00,0005004776;0100917000,0.0,ST,0.0,EUR,P-100, , 
e2681,Create Goods Movement (from Delivery),2021-01-10T06:00:47+00:00,0087000917;4900000317,2.0,ST,1265.08,EUR,P-101,601, 
e2682,Create Goods Movement (from Delivery),2021-01-10T06:00:47+00:00,0087000917;0100917000,0.0,ST,0.0,EUR,P-100, , 
e2349,Create Invoice (from Order),2021-01-10T06:00:48+00:00,0005004776;0090040912,2.0,ST,5358.4,EUR, , ,L
e2350,Create Invoice (from Order),2021-01-10T06:00:48+00:00,0005004776;0090040912,0.0,ST,0.0,EUR, , ,L
e2351,Create Invoice (from Delivery),2021-01-10T06:00:48+00:00,0087000917;0090040912,2.0,ST,5358.4,EUR, , ,L
e2352,Create Invoice (from Delivery),2021-01-10T06:00:48+00:00,0087000917;0090040912,0.0,ST,0.0,EUR, , ,L
e2683,Create Goods Movement (from Order),2021-01-10T06:01:13+00:00,0005004777;4900000318,1.0,ST,632.54,EUR,P-101,601, 
e2684,Create Goods Movement (from Order),2021-01-10T06:01:13+00:00,0005004777;0100918000,0.0,ST,0.0,EUR,P-100, , 
e2685,Create Goods Movement (from Delivery),2021-01-10T06:01:13+00:00,0087000918;4900000318,1.0,ST,632.54,EUR,P-101,601, 
e2686,Create Goods Movement (from Delivery),2021-01-10T06:01:13+00:00,0087000918;0100918000,0.0,ST,0.0,EUR,P-100, , 
e2353,Create Invoice (from Order),2021-01-10T06:01:14+00:00,0005004777;0090040913,1.0,ST,2679.2,EUR, , ,L
e2354,Create Invoice (from Order),2021-01-10T06:01:14+00:00,0005004777;0090040913,0.0,ST,0.0,EUR, , ,L
e2355,Create Invoice (from Delivery),2021-01-10T06:01:14+00:00,0087000918;0090040913,1.0,ST,2679.2,EUR, , ,L
e2356,Create Invoice (from Delivery),2021-01-10T06:01:14+00:00,0087000918;0090040913,0.0,ST,0.0,EUR, , ,L
e2687,Create Goods Movement (from Order),2021-01-10T06:01:54+00:00,0005004778;4900000319,1.0,ST,632.54,EUR,P-101,601, 
e2688,Create Goods Movement (from Order),2021-01-10T06:01:54+00:00,0005004778;0100919000,0.0,ST,0.0,EUR,P-100, , 
e2689,Create Goods Movement (from Delivery),2021-01-10T06:01:54+00:00,0087000919;4900000319,1.0,ST,632.54,EUR,P-101,601, 
e2690,Create Goods Movement (from Delivery),2021-01-10T06:01:54+00:00,0087000919;0100919000,0.0,ST,0.0,EUR,P-100, , 
e2467,Create Invoice (from Order),2021-01-10T06:01:55+00:00,0005004778;0090040914,1.0,ST,2679.2,EUR, , ,L
e2468,Create Invoice (from Order),2021-01-10T06:01:55+00:00,0005004778;0090040914,0.0,ST,0.0,EUR, , ,L
e2469,Create Invoice (from Delivery),2021-01-10T06:01:55+00:00,0087000919;0090040914,1.0,ST,2679.2,EUR, , ,L
e2572,Create Invoice (from Delivery),2021-01-10T06:01:55+00:00,0087000919;0090040914,0.0,ST,0.0,EUR, , ,L
e2357,Create Goods Movement (from Order),2021-01-10T06:02:52+00:00,0005004779;4900000320,1.0,ST,632.54,EUR,P-101,601, 
e2358,Create Goods Movement (from Order),2021-01-10T06:02:52+00:00,0005004779;0100920000,0.0,ST,0.0,EUR,P-100, , 
e2359,Create Goods Movement (from Delivery),2021-01-10T06:02:52+00:00,0087000920;4900000320,1.0,ST,632.54,EUR,P-101,601, 
e2360,Create Goods Movement (from Delivery),2021-01-10T06:02:52+00:00,0087000920;0100920000,0.0,ST,0.0,EUR,P-100, , 
e2573,Create Invoice (from Order),2021-01-10T06:02:53+00:00,0005004779;0090040915,1.0,ST,2705.99,EUR, , ,L
e2574,Create Invoice (from Order),2021-01-10T06:02:53+00:00,0005004779;0090040915,0.0,ST,0.0,EUR, , ,L
e2575,Create Invoice (from Delivery),2021-01-10T06:02:53+00:00,0087000920;0090040915,1.0,ST,2705.99,EUR, , ,L
e2576,Create Invoice (from Delivery),2021-01-10T06:02:53+00:00,0087000920;0090040915,0.0,ST,0.0,EUR, , ,L
e2361,Create Goods Movement (from Order),2021-01-10T06:03:28+00:00,0005004780;4900000321,1.0,ST,632.54,EUR,P-101,601, 
e2362,Create Goods Movement (from Order),2021-01-10T06:03:28+00:00,0005004780;0100921000,0.0,ST,0.0,EUR,P-100, , 
e2363,Create Goods Movement (from Delivery),2021-01-10T06:03:28+00:00,0087000921;4900000321,1.0,ST,632.54,EUR,P-101,601, 
e2364,Create Goods Movement (from Delivery),2021-01-10T06:03:28+00:00,0087000921;0100921000,0.0,ST,0.0,EUR,P-100, , 
e2577,Create Invoice (from Order),2021-01-10T06:03:29+00:00,0005004780;0090040916,1.0,ST,2679.2,EUR, , ,L
e2578,Create Invoice (from Order),2021-01-10T06:03:29+00:00,0005004780;0090040916,0.0,ST,0.0,EUR, , ,L
e2579,Create Invoice (from Delivery),2021-01-10T06:03:29+00:00,0087000921;0090040916,1.0,ST,2679.2,EUR, , ,L
e2580,Create Invoice (from Delivery),2021-01-10T06:03:29+00:00,0087000921;0090040916,0.0,ST,0.0,EUR, , ,L
e2365,Create Goods Movement (from Order),2021-01-10T06:04:27+00:00,0005004781;4900000322,1.0,ST,632.54,EUR,P-101,601, 
e2366,Create Goods Movement (from Order),2021-01-10T06:04:27+00:00,0005004781;0100922000,0.0,ST,0.0,EUR,P-100, , 
e2367,Create Goods Movement (from Delivery),2021-01-10T06:04:27+00:00,0087000922;4900000322,1.0,ST,632.54,EUR,P-101,601, 
e2368,Create Goods Movement (from Delivery),2021-01-10T06:04:27+00:00,0087000922;0100922000,0.0,ST,0.0,EUR,P-100, , 
e2369,Create Invoice (from Order),2021-01-10T06:04:28+00:00,0005004781;0090040917,1.0,ST,2705.99,EUR, , ,L
e2370,Create Invoice (from Order),2021-01-10T06:04:28+00:00,0005004781;0090040917,0.0,ST,0.0,EUR, , ,L
e2371,Create Invoice (from Delivery),2021-01-10T06:04:28+00:00,0087000922;0090040917,1.0,ST,2705.99,EUR, , ,L
e2372,Create Invoice (from Delivery),2021-01-10T06:04:28+00:00,0087000922;0090040917,0.0,ST,0.0,EUR, , ,L
e2373,Create Goods Movement (from Order),2021-01-10T06:04:53+00:00,0005004782;4900000323,1.0,ST,632.54,EUR,P-101,601, 
e2374,Create Goods Movement (from Order),2021-01-10T06:04:53+00:00,0005004782;0100923000,0.0,ST,0.0,EUR,P-100, , 
e2375,Create Goods Movement (from Delivery),2021-01-10T06:04:53+00:00,0087000923;4900000323,1.0,ST,632.54,EUR,P-101,601, 
e2376,Create Goods Movement (from Delivery),2021-01-10T06:04:53+00:00,0087000923;0100923000,0.0,ST,0.0,EUR,P-100, , 
e2377,Create Invoice (from Order),2021-01-10T06:04:54+00:00,0005004782;0090040918,1.0,ST,2679.2,EUR, , ,L
e2470,Create Invoice (from Order),2021-01-10T06:04:54+00:00,0005004782;0090040918,0.0,ST,0.0,EUR, , ,L
e2471,Create Invoice (from Delivery),2021-01-10T06:04:54+00:00,0087000923;0090040918,1.0,ST,2679.2,EUR, , ,L
e2472,Create Invoice (from Delivery),2021-01-10T06:04:54+00:00,0087000923;0090040918,0.0,ST,0.0,EUR, , ,L
e2473,Create Goods Movement (from Order),2021-01-10T06:05:48+00:00,0005004783;4900000324,1.0,ST,632.54,EUR,P-101,601, 
e2474,Create Goods Movement (from Order),2021-01-10T06:05:48+00:00,0005004783;0100924000,0.0,ST,0.0,EUR,P-100, , 
e2475,Create Goods Movement (from Delivery),2021-01-10T06:05:48+00:00,0087000924;4900000324,1.0,ST,632.54,EUR,P-101,601, 
e2476,Create Goods Movement (from Delivery),2021-01-10T06:05:48+00:00,0087000924;0100924000,0.0,ST,0.0,EUR,P-100, , 
e2477,Create Invoice (from Order),2021-01-10T06:05:49+00:00,0005004783;0090040919,1.0,ST,2705.99,EUR, , ,L
e2478,Create Invoice (from Order),2021-01-10T06:05:49+00:00,0005004783;0090040919,0.0,ST,0.0,EUR, , ,L
e2479,Create Invoice (from Delivery),2021-01-10T06:05:49+00:00,0087000924;0090040919,1.0,ST,2705.99,EUR, , ,L
e2480,Create Invoice (from Delivery),2021-01-10T06:05:49+00:00,0087000924;0090040919,0.0,ST,0.0,EUR, , ,L
e2793,Create Goods Movement (from Order),2021-01-10T06:06:25+00:00,0005004784;4900000325,2.0,ST,1265.08,EUR,P-101,601, 
e2794,Create Goods Movement (from Order),2021-01-10T06:06:25+00:00,0005004784;0100925000,0.0,ST,0.0,EUR,P-100, , 
e2795,Create Goods Movement (from Delivery),2021-01-10T06:06:25+00:00,0087000925;4900000325,2.0,ST,1265.08,EUR,P-101,601, 
e2796,Create Goods Movement (from Delivery),2021-01-10T06:06:25+00:00,0087000925;0100925000,0.0,ST,0.0,EUR,P-100, , 
e2481,Create Invoice (from Order),2021-01-10T06:06:26+00:00,0005004784;0090040920,2.0,ST,5358.4,EUR, , ,L
e2482,Create Invoice (from Order),2021-01-10T06:06:26+00:00,0005004784;0090040920,0.0,ST,0.0,EUR, , ,L
e2483,Create Invoice (from Delivery),2021-01-10T06:06:26+00:00,0087000925;0090040920,2.0,ST,5358.4,EUR, , ,L
e2484,Create Invoice (from Delivery),2021-01-10T06:06:26+00:00,0087000925;0090040920,0.0,ST,0.0,EUR, , ,L
e2797,Create Goods Movement (from Order),2021-01-10T06:06:52+00:00,0005004785;4900000326,1.0,ST,632.54,EUR,P-101,601, 
e2798,Create Goods Movement (from Order),2021-01-10T06:06:52+00:00,0005004785;0100926000,0.0,ST,0.0,EUR,P-100, , 
e2799,Create Goods Movement (from Delivery),2021-01-10T06:06:52+00:00,0087000926;4900000326,1.0,ST,632.54,EUR,P-101,601, 
e2800,Create Goods Movement (from Delivery),2021-01-10T06:06:52+00:00,0087000926;0100926000,0.0,ST,0.0,EUR,P-100, , 
e2485,Create Invoice (from Order),2021-01-10T06:06:53+00:00,0005004785;0090040921,1.0,ST,2679.2,EUR, , ,L
e2486,Create Invoice (from Order),2021-01-10T06:06:53+00:00,0005004785;0090040921,0.0,ST,0.0,EUR, , ,L
e2487,Create Invoice (from Delivery),2021-01-10T06:06:53+00:00,0087000926;0090040921,1.0,ST,2679.2,EUR, , ,L
e2488,Create Invoice (from Delivery),2021-01-10T06:06:53+00:00,0087000926;0090040921,0.0,ST,0.0,EUR, , ,L
e2801,Create Goods Movement (from Order),2021-01-10T06:07:18+00:00,0005004786;4900000327,1.0,ST,632.54,EUR,P-101,601, 
e2802,Create Goods Movement (from Order),2021-01-10T06:07:18+00:00,0005004786;0100927000,0.0,ST,0.0,EUR,P-100, , 
e2803,Create Goods Movement (from Delivery),2021-01-10T06:07:18+00:00,0087000927;4900000327,1.0,ST,632.54,EUR,P-101,601, 
e2804,Create Goods Movement (from Delivery),2021-01-10T06:07:18+00:00,0087000927;0100927000,0.0,ST,0.0,EUR,P-100, , 
e2805,Create Invoice (from Order),2021-01-10T06:07:19+00:00,0005004786;0090040922,1.0,ST,2679.2,EUR, , ,L
e2806,Create Invoice (from Order),2021-01-10T06:07:19+00:00,0005004786;0090040922,0.0,ST,0.0,EUR, , ,L
e2807,Create Invoice (from Delivery),2021-01-10T06:07:19+00:00,0087000927;0090040922,1.0,ST,2679.2,EUR, , ,L
e2808,Create Invoice (from Delivery),2021-01-10T06:07:19+00:00,0087000927;0090040922,0.0,ST,0.0,EUR, , ,L
e1672,Create Goods Movement (from Order),2021-01-10T06:08:06+00:00,0005004787;4900000328,1.0,ST,632.54,EUR,P-101,601, 
e1673,Create Goods Movement (from Order),2021-01-10T06:08:06+00:00,0005004787;0100928000,0.0,ST,0.0,EUR,P-100, , 
e1674,Create Goods Movement (from Delivery),2021-01-10T06:08:06+00:00,0087000928;4900000328,1.0,ST,632.54,EUR,P-101,601, 
e1675,Create Goods Movement (from Delivery),2021-01-10T06:08:06+00:00,0087000928;0100928000,0.0,ST,0.0,EUR,P-100, , 
e2489,Create Invoice (from Order),2021-01-10T06:08:07+00:00,0005004787;0090040923,1.0,ST,2705.99,EUR, , ,L
e2490,Create Invoice (from Order),2021-01-10T06:08:07+00:00,0005004787;0090040923,0.0,ST,0.0,EUR, , ,L
e2491,Create Invoice (from Delivery),2021-01-10T06:08:07+00:00,0087000928;0090040923,1.0,ST,2705.99,EUR, , ,L
e2492,Create Invoice (from Delivery),2021-01-10T06:08:07+00:00,0087000928;0090040923,0.0,ST,0.0,EUR, , ,L
e2809,Create Goods Movement (from Order),2021-01-10T06:08:52+00:00,0005004788;4900000329,1.0,ST,632.54,EUR,P-101,601, 
e2810,Create Goods Movement (from Order),2021-01-10T06:08:52+00:00,0005004788;0100929000,0.0,ST,0.0,EUR,P-100, , 
e2811,Create Goods Movement (from Delivery),2021-01-10T06:08:52+00:00,0087000929;4900000329,1.0,ST,632.54,EUR,P-101,601, 
e2812,Create Goods Movement (from Delivery),2021-01-10T06:08:52+00:00,0087000929;0100929000,0.0,ST,0.0,EUR,P-100, , 
e2813,Create Invoice (from Order),2021-01-10T06:08:53+00:00,0005004788;0090040924,1.0,ST,2679.2,EUR, , ,L
e2814,Create Invoice (from Order),2021-01-10T06:08:53+00:00,0005004788;0090040924,0.0,ST,0.0,EUR, , ,L
e2815,Create Invoice (from Delivery),2021-01-10T06:08:53+00:00,0087000929;0090040924,1.0,ST,2679.2,EUR, , ,L
e2816,Create Invoice (from Delivery),2021-01-10T06:08:53+00:00,0087000929;0090040924,0.0,ST,0.0,EUR, , ,L
e2817,Create Goods Movement (from Order),2021-01-10T06:09:29+00:00,0005004789;4900000330,1.0,ST,632.54,EUR,P-101,601, 
e2818,Create Goods Movement (from Order),2021-01-10T06:09:29+00:00,0005004789;0100930000,0.0,ST,0.0,EUR,P-100, , 
e2819,Create Goods Movement (from Delivery),2021-01-10T06:09:29+00:00,0087000930;4900000330,1.0,ST,632.54,EUR,P-101,601, 
e2820,Create Goods Movement (from Delivery),2021-01-10T06:09:29+00:00,0087000930;0100930000,0.0,ST,0.0,EUR,P-100, , 
e2821,Create Invoice (from Order),2021-01-10T06:09:30+00:00,0005004789;0090040925,1.0,ST,2705.99,EUR, , ,L
e2822,Create Invoice (from Order),2021-01-10T06:09:30+00:00,0005004789;0090040925,0.0,ST,0.0,EUR, , ,L
e2823,Create Invoice (from Delivery),2021-01-10T06:09:30+00:00,0087000930;0090040925,1.0,ST,2705.99,EUR, , ,L
e2824,Create Invoice (from Delivery),2021-01-10T06:09:30+00:00,0087000930;0090040925,0.0,ST,0.0,EUR, , ,L
e2825,Create Goods Movement (from Order),2021-01-10T06:10:06+00:00,0005004790;4900000331,1.0,ST,632.54,EUR,P-101,601, 
e2935,Create Goods Movement (from Order),2021-01-10T06:10:06+00:00,0005004790;0100931000,0.0,ST,0.0,EUR,P-100, , 
e2936,Create Goods Movement (from Delivery),2021-01-10T06:10:06+00:00,0087000931;4900000331,1.0,ST,632.54,EUR,P-101,601, 
e2937,Create Goods Movement (from Delivery),2021-01-10T06:10:06+00:00,0087000931;0100931000,0.0,ST,0.0,EUR,P-100, , 
e2938,Create Invoice (from Order),2021-01-10T06:10:07+00:00,0005004790;0090040926,1.0,ST,2705.99,EUR, , ,L
e2939,Create Invoice (from Order),2021-01-10T06:10:07+00:00,0005004790;0090040926,0.0,ST,0.0,EUR, , ,L
e2940,Create Invoice (from Delivery),2021-01-10T06:10:07+00:00,0087000931;0090040926,1.0,ST,2705.99,EUR, , ,L
e2941,Create Invoice (from Delivery),2021-01-10T06:10:07+00:00,0087000931;0090040926,0.0,ST,0.0,EUR, , ,L
e2493,Create Invoice (from Order),2021-01-10T06:11:22+00:00,0005004791;0090040927,2.0,ST,5358.4,EUR, , ,L
e2494,Create Invoice (from Order),2021-01-10T06:11:22+00:00,0005004791;0090040927,0.0,ST,0.0,EUR, , ,L
e2495,Create Invoice (from Delivery),2021-01-10T06:11:22+00:00,0087000932;0090040927,2.0,ST,5358.4,EUR, , ,L
e2496,Create Invoice (from Delivery),2021-01-10T06:11:22+00:00,0087000932;0090040927,0.0,ST,0.0,EUR, , ,L
e2942,Create Goods Movement (from Order),2021-01-10T06:11:22+00:00,0005004791;4900000332,2.0,ST,1265.08,EUR,P-101,601, 
e2943,Create Goods Movement (from Order),2021-01-10T06:11:22+00:00,0005004791;0100932000,0.0,ST,0.0,EUR,P-100, , 
e2944,Create Goods Movement (from Delivery),2021-01-10T06:11:22+00:00,0087000932;4900000332,2.0,ST,1265.08,EUR,P-101,601, 
e2945,Create Goods Movement (from Delivery),2021-01-10T06:11:22+00:00,0087000932;0100932000,0.0,ST,0.0,EUR,P-100, , 
e2946,Create Goods Movement (from Order),2021-01-10T06:11:47+00:00,0005004792;4900000333,1.0,ST,632.54,EUR,P-101,601, 
e2947,Create Goods Movement (from Order),2021-01-10T06:11:47+00:00,0005004792;0100933000,0.0,ST,0.0,EUR,P-100, , 
e2948,Create Goods Movement (from Delivery),2021-01-10T06:11:47+00:00,0087000933;4900000333,1.0,ST,632.54,EUR,P-101,601, 
e2949,Create Goods Movement (from Delivery),2021-01-10T06:11:47+00:00,0087000933;0100933000,0.0,ST,0.0,EUR,P-100, , 
e2950,Create Invoice (from Order),2021-01-10T06:11:48+00:00,0005004792;0090040928,1.0,ST,2679.2,EUR, , ,L
e2951,Create Invoice (from Order),2021-01-10T06:11:48+00:00,0005004792;0090040928,0.0,ST,0.0,EUR, , ,L
e2952,Create Invoice (from Delivery),2021-01-10T06:11:48+00:00,0087000933;0090040928,1.0,ST,2679.2,EUR, , ,L
e2953,Create Invoice (from Delivery),2021-01-10T06:11:48+00:00,0087000933;0090040928,0.0,ST,0.0,EUR, , ,L
e2954,Create Goods Movement (from Order),2021-01-10T06:12:24+00:00,0005004793;4900000334,2.0,ST,1265.08,EUR,P-101,601, 
e2955,Create Goods Movement (from Order),2021-01-10T06:12:24+00:00,0005004793;0100934000,0.0,ST,0.0,EUR,P-100, , 
e2956,Create Goods Movement (from Delivery),2021-01-10T06:12:24+00:00,0087000934;4900000334,2.0,ST,1265.08,EUR,P-101,601, 
e2957,Create Goods Movement (from Delivery),2021-01-10T06:12:24+00:00,0087000934;0100934000,0.0,ST,0.0,EUR,P-100, , 
e1484,Create Invoice (from Delivery),2021-01-10T06:12:25+00:00,0087000934;0090040929,0.0,ST,0.0,EUR, , ,L
e2958,Create Invoice (from Order),2021-01-10T06:12:25+00:00,0005004793;0090040929,2.0,ST,5358.4,EUR, , ,L
e2959,Create Invoice (from Order),2021-01-10T06:12:25+00:00,0005004793;0090040929,0.0,ST,0.0,EUR, , ,L
e2960,Create Invoice (from Delivery),2021-01-10T06:12:25+00:00,0087000934;0090040929,2.0,ST,5358.4,EUR, , ,L
e1485,Create Goods Movement (from Order),2021-01-10T06:13:01+00:00,0005004794;4900000335,1.0,ST,632.54,EUR,P-101,601, 
e1486,Create Goods Movement (from Order),2021-01-10T06:13:01+00:00,0005004794;0100935000,0.0,ST,0.0,EUR,P-100, , 
e1487,Create Goods Movement (from Delivery),2021-01-10T06:13:01+00:00,0087000935;4900000335,1.0,ST,632.54,EUR,P-101,601, 
e1488,Create Goods Movement (from Delivery),2021-01-10T06:13:01+00:00,0087000935;0100935000,0.0,ST,0.0,EUR,P-100, , 
e1489,Create Invoice (from Order),2021-01-10T06:13:01+00:00,0005004794;0090040930,1.0,ST,2705.99,EUR, , ,L
e1490,Create Invoice (from Order),2021-01-10T06:13:01+00:00,0005004794;0090040930,0.0,ST,0.0,EUR, , ,L
e1491,Create Invoice (from Delivery),2021-01-10T06:13:01+00:00,0087000935;0090040930,1.0,ST,2705.99,EUR, , ,L
e1676,Create Invoice (from Delivery),2021-01-10T06:13:01+00:00,0087000935;0090040930,0.0,ST,0.0,EUR, , ,L
e2497,Create Goods Movement (from Order),2021-01-10T06:13:48+00:00,0005004795;4900000336,2.0,ST,1265.08,EUR,P-101,601, 
e2498,Create Goods Movement (from Order),2021-01-10T06:13:48+00:00,0005004795;0100936000,0.0,ST,0.0,EUR,P-100, , 
e2499,Create Goods Movement (from Delivery),2021-01-10T06:13:48+00:00,0087000936;4900000336,2.0,ST,1265.08,EUR,P-101,601, 
e2500,Create Goods Movement (from Delivery),2021-01-10T06:13:48+00:00,0087000936;0100936000,0.0,ST,0.0,EUR,P-100, , 
e2501,Create Invoice (from Order),2021-01-10T06:13:49+00:00,0005004795;0090040931,2.0,ST,5411.98,EUR, , ,L
e2581,Create Invoice (from Order),2021-01-10T06:13:49+00:00,0005004795;0090040931,0.0,ST,0.0,EUR, , ,L
e2582,Create Invoice (from Delivery),2021-01-10T06:13:49+00:00,0087000936;0090040931,2.0,ST,5411.98,EUR, , ,L
e2583,Create Invoice (from Delivery),2021-01-10T06:13:49+00:00,0087000936;0090040931,0.0,ST,0.0,EUR, , ,L
e2584,Create Goods Movement (from Order),2021-01-10T06:14:57+00:00,0005004796;4900000337,2.0,ST,1265.08,EUR,P-101,601, 
e2585,Create Goods Movement (from Order),2021-01-10T06:14:57+00:00,0005004796;0100937000,0.0,ST,0.0,EUR,P-100, , 
e2586,Create Goods Movement (from Delivery),2021-01-10T06:14:57+00:00,0087000937;4900000337,2.0,ST,1265.08,EUR,P-101,601, 
e2587,Create Goods Movement (from Delivery),2021-01-10T06:14:57+00:00,0087000937;0100937000,0.0,ST,0.0,EUR,P-100, , 
e2588,Create Invoice (from Order),2021-01-10T06:14:58+00:00,0005004796;0090040932,2.0,ST,5358.4,EUR, , ,L
e2589,Create Invoice (from Order),2021-01-10T06:14:58+00:00,0005004796;0090040932,0.0,ST,0.0,EUR, , ,L
e2590,Create Invoice (from Delivery),2021-01-10T06:14:58+00:00,0087000937;0090040932,2.0,ST,5358.4,EUR, , ,L
e2591,Create Invoice (from Delivery),2021-01-10T06:14:58+00:00,0087000937;0090040932,0.0,ST,0.0,EUR, , ,L
e2592,Create Goods Movement (from Order),2021-01-10T06:15:33+00:00,0005004797;4900000338,2.0,ST,1265.08,EUR,P-101,601, 
e2593,Create Goods Movement (from Order),2021-01-10T06:15:33+00:00,0005004797;0100938000,0.0,ST,0.0,EUR,P-100, , 
e2594,Create Goods Movement (from Delivery),2021-01-10T06:15:33+00:00,0087000938;4900000338,2.0,ST,1265.08,EUR,P-101,601, 
e2595,Create Goods Movement (from Delivery),2021-01-10T06:15:33+00:00,0087000938;0100938000,0.0,ST,0.0,EUR,P-100, , 
e2596,Create Invoice (from Order),2021-01-10T06:15:34+00:00,0005004797;0090040933,2.0,ST,5358.4,EUR, , ,L
e2597,Create Invoice (from Order),2021-01-10T06:15:34+00:00,0005004797;0090040933,0.0,ST,0.0,EUR, , ,L
e2598,Create Invoice (from Delivery),2021-01-10T06:15:34+00:00,0087000938;0090040933,2.0,ST,5358.4,EUR, , ,L
e2599,Create Invoice (from Delivery),2021-01-10T06:15:34+00:00,0087000938;0090040933,0.0,ST,0.0,EUR, , ,L
e2600,Create Goods Movement (from Order),2021-01-10T06:16:08+00:00,0005004798;4900000339,1.0,ST,632.54,EUR,P-101,601, 
e2601,Create Goods Movement (from Order),2021-01-10T06:16:08+00:00,0005004798;0100939000,0.0,ST,0.0,EUR,P-100, , 
e2602,Create Goods Movement (from Delivery),2021-01-10T06:16:08+00:00,0087000939;4900000339,1.0,ST,632.54,EUR,P-101,601, 
e2603,Create Goods Movement (from Delivery),2021-01-10T06:16:08+00:00,0087000939;0100939000,0.0,ST,0.0,EUR,P-100, , 
e1921,Create Invoice (from Order),2021-01-10T06:16:09+00:00,0005004798;0090040934,0.0,ST,0.0,EUR, , ,L
e1922,Create Invoice (from Delivery),2021-01-10T06:16:09+00:00,0087000939;0090040934,1.0,ST,2679.2,EUR, , ,L
e1923,Create Invoice (from Delivery),2021-01-10T06:16:09+00:00,0087000939;0090040934,0.0,ST,0.0,EUR, , ,L
e2604,Create Invoice (from Order),2021-01-10T06:16:09+00:00,0005004798;0090040934,1.0,ST,2679.2,EUR, , ,L
e1924,Create Goods Movement (from Order),2021-01-10T06:16:44+00:00,0005004799;4900000340,1.0,ST,632.54,EUR,P-101,601, 
e1925,Create Goods Movement (from Order),2021-01-10T06:16:44+00:00,0005004799;0100940000,0.0,ST,0.0,EUR,P-100, , 
e1926,Create Goods Movement (from Delivery),2021-01-10T06:16:44+00:00,0087000940;4900000340,1.0,ST,632.54,EUR,P-101,601, 
e1927,Create Goods Movement (from Delivery),2021-01-10T06:16:44+00:00,0087000940;0100940000,0.0,ST,0.0,EUR,P-100, , 
e1928,Create Invoice (from Order),2021-01-10T06:16:45+00:00,0005004799;0090040935,1.0,ST,2679.2,EUR, , ,L
e1929,Create Invoice (from Order),2021-01-10T06:16:45+00:00,0005004799;0090040935,0.0,ST,0.0,EUR, , ,L
e1930,Create Invoice (from Delivery),2021-01-10T06:16:45+00:00,0087000940;0090040935,1.0,ST,2679.2,EUR, , ,L
e1931,Create Invoice (from Delivery),2021-01-10T06:16:45+00:00,0087000940;0090040935,0.0,ST,0.0,EUR, , ,L
e1677,Create Goods Movement (from Order),2021-01-10T06:17:09+00:00,0005004800;4900000341,1.0,ST,632.54,EUR,P-101,601, 
e1678,Create Goods Movement (from Order),2021-01-10T06:17:09+00:00,0005004800;0100941000,0.0,ST,0.0,EUR,P-100, , 
e1679,Create Goods Movement (from Delivery),2021-01-10T06:17:09+00:00,0087000941;4900000341,1.0,ST,632.54,EUR,P-101,601, 
e1680,Create Goods Movement (from Delivery),2021-01-10T06:17:09+00:00,0087000941;0100941000,0.0,ST,0.0,EUR,P-100, , 
e1932,Create Invoice (from Order),2021-01-10T06:17:10+00:00,0005004800;0090040936,1.0,ST,2679.2,EUR, , ,L
e1933,Create Invoice (from Order),2021-01-10T06:17:10+00:00,0005004800;0090040936,0.0,ST,0.0,EUR, , ,L
e1934,Create Invoice (from Delivery),2021-01-10T06:17:10+00:00,0087000941;0090040936,1.0,ST,2679.2,EUR, , ,L
e1935,Create Invoice (from Delivery),2021-01-10T06:17:10+00:00,0087000941;0090040936,0.0,ST,0.0,EUR, , ,L
e1936,Create Invoice (from Order),2021-01-10T06:17:35+00:00,0005004801;0090040937,1.0,ST,2679.2,EUR, , ,L
e1937,Create Invoice (from Order),2021-01-10T06:17:35+00:00,0005004801;0090040937,0.0,ST,0.0,EUR, , ,L
e1938,Create Invoice (from Delivery),2021-01-10T06:17:35+00:00,0087000942;0090040937,1.0,ST,2679.2,EUR, , ,L
e1939,Create Invoice (from Delivery),2021-01-10T06:17:35+00:00,0087000942;0090040937,0.0,ST,0.0,EUR, , ,L
e2605,Create Goods Movement (from Order),2021-01-10T06:17:35+00:00,0005004801;4900000342,1.0,ST,632.54,EUR,P-101,601, 
e2606,Create Goods Movement (from Order),2021-01-10T06:17:35+00:00,0005004801;0100942000,0.0,ST,0.0,EUR,P-100, , 
e2607,Create Goods Movement (from Delivery),2021-01-10T06:17:35+00:00,0087000942;4900000342,1.0,ST,632.54,EUR,P-101,601, 
e2608,Create Goods Movement (from Delivery),2021-01-10T06:17:35+00:00,0087000942;0100942000,0.0,ST,0.0,EUR,P-100, , 
e1940,Create Goods Movement (from Order),2021-01-10T06:18:47+00:00,0005004802;4900000343,1.0,ST,632.54,EUR,P-101,601, 
e1941,Create Goods Movement (from Order),2021-01-10T06:18:47+00:00,0005004802;0100943000,0.0,ST,0.0,EUR,P-100, , 
e1942,Create Goods Movement (from Delivery),2021-01-10T06:18:47+00:00,0087000943;4900000343,1.0,ST,632.54,EUR,P-101,601, 
e1943,Create Goods Movement (from Delivery),2021-01-10T06:18:47+00:00,0087000943;0100943000,0.0,ST,0.0,EUR,P-100, , 
e1681,Create Invoice (from Order),2021-01-10T06:18:48+00:00,0005004802;0090040938,1.0,ST,2705.99,EUR, , ,L
e1682,Create Invoice (from Order),2021-01-10T06:18:48+00:00,0005004802;0090040938,0.0,ST,0.0,EUR, , ,L
e1683,Create Invoice (from Delivery),2021-01-10T06:18:48+00:00,0087000943;0090040938,1.0,ST,2705.99,EUR, , ,L
e1684,Create Invoice (from Delivery),2021-01-10T06:18:48+00:00,0087000943;0090040938,0.0,ST,0.0,EUR, , ,L
e1944,Create Goods Movement (from Order),2021-01-10T06:20:18+00:00,0005004803;4900000344,2.0,ST,1265.08,EUR,P-101,601, 
e1945,Create Goods Movement (from Order),2021-01-10T06:20:18+00:00,0005004803;0100944000,0.0,ST,0.0,EUR,P-100, , 
e1946,Create Goods Movement (from Delivery),2021-01-10T06:20:18+00:00,0087000944;4900000344,2.0,ST,1265.08,EUR,P-101,601, 
e1947,Create Goods Movement (from Delivery),2021-01-10T06:20:18+00:00,0087000944;0100944000,0.0,ST,0.0,EUR,P-100, , 
e1948,Create Invoice (from Order),2021-01-10T06:20:19+00:00,0005004803;0090040939,2.0,ST,5411.98,EUR, , ,L
e1949,Create Invoice (from Order),2021-01-10T06:20:19+00:00,0005004803;0090040939,0.0,ST,0.0,EUR, , ,L
e1950,Create Invoice (from Delivery),2021-01-10T06:20:19+00:00,0087000944;0090040939,2.0,ST,5411.98,EUR, , ,L
e1951,Create Invoice (from Delivery),2021-01-10T06:20:19+00:00,0087000944;0090040939,0.0,ST,0.0,EUR, , ,L
e2609,Create Goods Movement (from Order),2021-01-10T06:20:43+00:00,0005004804;4900000345,1.0,ST,632.54,EUR,P-101,601, 
e2610,Create Goods Movement (from Order),2021-01-10T06:20:43+00:00,0005004804;0100945000,0.0,ST,0.0,EUR,P-100, , 
e2611,Create Goods Movement (from Delivery),2021-01-10T06:20:43+00:00,0087000945;4900000345,1.0,ST,632.54,EUR,P-101,601, 
e2612,Create Goods Movement (from Delivery),2021-01-10T06:20:43+00:00,0087000945;0100945000,0.0,ST,0.0,EUR,P-100, , 
e2613,Create Invoice (from Order),2021-01-10T06:20:44+00:00,0005004804;0090040940,1.0,ST,2679.2,EUR, , ,L
e2614,Create Invoice (from Order),2021-01-10T06:20:44+00:00,0005004804;0090040940,0.0,ST,0.0,EUR, , ,L
e2615,Create Invoice (from Delivery),2021-01-10T06:20:44+00:00,0087000945;0090040940,1.0,ST,2679.2,EUR, , ,L
e2616,Create Invoice (from Delivery),2021-01-10T06:20:44+00:00,0087000945;0090040940,0.0,ST,0.0,EUR, , ,L
e2617,Create Goods Movement (from Order),2021-01-10T06:21:24+00:00,0005004805;4900000346,1.0,ST,632.54,EUR,P-101,601, 
e2618,Create Goods Movement (from Order),2021-01-10T06:21:24+00:00,0005004805;0100946000,0.0,ST,0.0,EUR,P-100, , 
e2619,Create Goods Movement (from Delivery),2021-01-10T06:21:24+00:00,0087000946;4900000346,1.0,ST,632.54,EUR,P-101,601, 
e2620,Create Goods Movement (from Delivery),2021-01-10T06:21:24+00:00,0087000946;0100946000,0.0,ST,0.0,EUR,P-100, , 
e2621,Create Invoice (from Order),2021-01-10T06:21:25+00:00,0005004805;0090040941,1.0,ST,2679.2,EUR, , ,L
e2622,Create Invoice (from Order),2021-01-10T06:21:25+00:00,0005004805;0090040941,0.0,ST,0.0,EUR, , ,L
e2623,Create Invoice (from Delivery),2021-01-10T06:21:25+00:00,0087000946;0090040941,1.0,ST,2679.2,EUR, , ,L
e2624,Create Invoice (from Delivery),2021-01-10T06:21:25+00:00,0087000946;0090040941,0.0,ST,0.0,EUR, , ,L
e2625,Create Goods Movement (from Order),2021-01-10T06:22:22+00:00,0005004806;4900000347,1.0,ST,632.54,EUR,P-101,601, 
e2626,Create Goods Movement (from Order),2021-01-10T06:22:22+00:00,0005004806;0100947000,0.0,ST,0.0,EUR,P-100, , 
e2627,Create Goods Movement (from Delivery),2021-01-10T06:22:22+00:00,0087000947;4900000347,1.0,ST,632.54,EUR,P-101,601, 
e2628,Create Goods Movement (from Delivery),2021-01-10T06:22:22+00:00,0087000947;0100947000,0.0,ST,0.0,EUR,P-100, , 
e2629,Create Invoice (from Order),2021-01-10T06:22:23+00:00,0005004806;0090040942,1.0,ST,2679.2,EUR, , ,L
e2630,Create Invoice (from Order),2021-01-10T06:22:23+00:00,0005004806;0090040942,0.0,ST,0.0,EUR, , ,L
e2631,Create Invoice (from Delivery),2021-01-10T06:22:23+00:00,0087000947;0090040942,1.0,ST,2679.2,EUR, , ,L
e2632,Create Invoice (from Delivery),2021-01-10T06:22:23+00:00,0087000947;0090040942,0.0,ST,0.0,EUR, , ,L
e2633,Create Goods Movement (from Order),2021-01-10T06:23:20+00:00,0005004807;4900000348,2.0,ST,1265.08,EUR,P-101,601, 
e2634,Create Goods Movement (from Order),2021-01-10T06:23:20+00:00,0005004807;0100948000,0.0,ST,0.0,EUR,P-100, , 
e2635,Create Goods Movement (from Delivery),2021-01-10T06:23:20+00:00,0087000948;4900000348,2.0,ST,1265.08,EUR,P-101,601, 
e2636,Create Goods Movement (from Delivery),2021-01-10T06:23:20+00:00,0087000948;0100948000,0.0,ST,0.0,EUR,P-100, , 
e2637,Create Invoice (from Order),2021-01-10T06:23:21+00:00,0005004807;0090040943,2.0,ST,5411.98,EUR, , ,L
e2638,Create Invoice (from Order),2021-01-10T06:23:21+00:00,0005004807;0090040943,0.0,ST,0.0,EUR, , ,L
e2691,Create Invoice (from Delivery),2021-01-10T06:23:21+00:00,0087000948;0090040943,2.0,ST,5411.98,EUR, , ,L
e2692,Create Invoice (from Delivery),2021-01-10T06:23:21+00:00,0087000948;0090040943,0.0,ST,0.0,EUR, , ,L
e2693,Create Goods Movement (from Order),2021-01-10T06:23:46+00:00,0005004808;4900000349,1.0,ST,632.54,EUR,P-101,601, 
e2694,Create Goods Movement (from Order),2021-01-10T06:23:46+00:00,0005004808;0100949000,0.0,ST,0.0,EUR,P-100, , 
e2695,Create Goods Movement (from Delivery),2021-01-10T06:23:46+00:00,0087000949;4900000349,1.0,ST,632.54,EUR,P-101,601, 
e2696,Create Goods Movement (from Delivery),2021-01-10T06:23:46+00:00,0087000949;0100949000,0.0,ST,0.0,EUR,P-100, , 
e1685,Create Invoice (from Order),2021-01-10T06:23:47+00:00,0005004808;0090040944,1.0,ST,2679.2,EUR, , ,L
e2073,Create Invoice (from Order),2021-01-10T06:23:47+00:00,0005004808;0090040944,0.0,ST,0.0,EUR, , ,L
e2074,Create Invoice (from Delivery),2021-01-10T06:23:47+00:00,0087000949;0090040944,1.0,ST,2679.2,EUR, , ,L
e2075,Create Invoice (from Delivery),2021-01-10T06:23:47+00:00,0087000949;0090040944,0.0,ST,0.0,EUR, , ,L
e2076,Create Goods Movement (from Order),2021-01-10T06:24:12+00:00,0005004809;4900000350,1.0,ST,632.54,EUR,P-101,601, 
e2077,Create Goods Movement (from Order),2021-01-10T06:24:12+00:00,0005004809;0100950000,0.0,ST,0.0,EUR,P-100, , 
e2078,Create Goods Movement (from Delivery),2021-01-10T06:24:12+00:00,0087000950;4900000350,1.0,ST,632.54,EUR,P-101,601, 
e2079,Create Goods Movement (from Delivery),2021-01-10T06:24:12+00:00,0087000950;0100950000,0.0,ST,0.0,EUR,P-100, , 
e2080,Create Invoice (from Order),2021-01-10T06:24:13+00:00,0005004809;0090040945,1.0,ST,2679.2,EUR, , ,L
e2081,Create Invoice (from Order),2021-01-10T06:24:13+00:00,0005004809;0090040945,0.0,ST,0.0,EUR, , ,L
e2082,Create Invoice (from Delivery),2021-01-10T06:24:13+00:00,0087000950;0090040945,1.0,ST,2679.2,EUR, , ,L
e2083,Create Invoice (from Delivery),2021-01-10T06:24:13+00:00,0087000950;0090040945,0.0,ST,0.0,EUR, , ,L
e2084,Create Goods Movement (from Order),2021-01-10T06:24:49+00:00,0005004810;4900000351,1.0,ST,632.54,EUR,P-101,601, 
e2085,Create Goods Movement (from Order),2021-01-10T06:24:49+00:00,0005004810;0100951000,0.0,ST,0.0,EUR,P-100, , 
e2086,Create Goods Movement (from Delivery),2021-01-10T06:24:49+00:00,0087000951;4900000351,1.0,ST,632.54,EUR,P-101,601, 
e2087,Create Goods Movement (from Delivery),2021-01-10T06:24:49+00:00,0087000951;0100951000,0.0,ST,0.0,EUR,P-100, , 
e2697,Create Invoice (from Order),2021-01-10T06:24:49+00:00,0005004810;0090040946,1.0,ST,2705.99,EUR, , ,L
e2698,Create Invoice (from Order),2021-01-10T06:24:49+00:00,0005004810;0090040946,0.0,ST,0.0,EUR, , ,L
e2699,Create Invoice (from Delivery),2021-01-10T06:24:49+00:00,0087000951;0090040946,1.0,ST,2705.99,EUR, , ,L
e2700,Create Invoice (from Delivery),2021-01-10T06:24:49+00:00,0087000951;0090040946,0.0,ST,0.0,EUR, , ,L
e2701,Create Goods Movement (from Order),2021-01-10T06:25:14+00:00,0005004811;4900000352,1.0,ST,632.54,EUR,P-101,601, 
e2702,Create Goods Movement (from Order),2021-01-10T06:25:14+00:00,0005004811;0100952000,0.0,ST,0.0,EUR,P-100, , 
e2703,Create Goods Movement (from Delivery),2021-01-10T06:25:14+00:00,0087000952;4900000352,1.0,ST,632.54,EUR,P-101,601, 
e2704,Create Goods Movement (from Delivery),2021-01-10T06:25:14+00:00,0087000952;0100952000,0.0,ST,0.0,EUR,P-100, , 
e2705,Create Invoice (from Order),2021-01-10T06:25:16+00:00,0005004811;0090040947,1.0,ST,2679.2,EUR, , ,L
e2706,Create Invoice (from Order),2021-01-10T06:25:16+00:00,0005004811;0090040947,0.0,ST,0.0,EUR, , ,L
e2707,Create Invoice (from Delivery),2021-01-10T06:25:16+00:00,0087000952;0090040947,1.0,ST,2679.2,EUR, , ,L
e2708,Create Invoice (from Delivery),2021-01-10T06:25:16+00:00,0087000952;0090040947,0.0,ST,0.0,EUR, , ,L
e2725,Create Goods Movement (from Order),2021-01-10T06:26:08+00:00,0005004812;4900000353,2.0,ST,1265.08,EUR,P-101,601, 
e2726,Create Goods Movement (from Order),2021-01-10T06:26:08+00:00,0005004812;0100953000,0.0,ST,0.0,EUR,P-100, , 
e2727,Create Goods Movement (from Delivery),2021-01-10T06:26:08+00:00,0087000953;4900000353,2.0,ST,1265.08,EUR,P-101,601, 
e2728,Create Goods Movement (from Delivery),2021-01-10T06:26:08+00:00,0087000953;0100953000,0.0,ST,0.0,EUR,P-100, , 
e2709,Create Invoice (from Order),2021-01-10T06:26:09+00:00,0005004812;0090040948,2.0,ST,5358.4,EUR, , ,L
e2710,Create Invoice (from Order),2021-01-10T06:26:09+00:00,0005004812;0090040948,0.0,ST,0.0,EUR, , ,L
e2711,Create Invoice (from Delivery),2021-01-10T06:26:09+00:00,0087000953;0090040948,2.0,ST,5358.4,EUR, , ,L
e2712,Create Invoice (from Delivery),2021-01-10T06:26:09+00:00,0087000953;0090040948,0.0,ST,0.0,EUR, , ,L
e2826,Create Goods Movement (from Order),2021-01-10T06:26:34+00:00,0005004813;4900000354,1.0,ST,632.54,EUR,P-101,601, 
e2827,Create Goods Movement (from Order),2021-01-10T06:26:34+00:00,0005004813;0100954000,0.0,ST,0.0,EUR,P-100, , 
e2828,Create Goods Movement (from Delivery),2021-01-10T06:26:34+00:00,0087000954;4900000354,1.0,ST,632.54,EUR,P-101,601, 
e2829,Create Goods Movement (from Delivery),2021-01-10T06:26:34+00:00,0087000954;0100954000,0.0,ST,0.0,EUR,P-100, , 
e2713,Create Invoice (from Order),2021-01-10T06:26:35+00:00,0005004813;0090040949,1.0,ST,2679.2,EUR, , ,L
e2714,Create Invoice (from Order),2021-01-10T06:26:35+00:00,0005004813;0090040949,0.0,ST,0.0,EUR, , ,L
e2715,Create Invoice (from Delivery),2021-01-10T06:26:35+00:00,0087000954;0090040949,1.0,ST,2679.2,EUR, , ,L
e2716,Create Invoice (from Delivery),2021-01-10T06:26:35+00:00,0087000954;0090040949,0.0,ST,0.0,EUR, , ,L
e2717,Create Goods Movement (from Order),2021-01-10T07:04:17+00:00,0005004814;4900000355,1.0,ST,632.54,EUR,P-101,601, 
e2718,Create Goods Movement (from Order),2021-01-10T07:04:17+00:00,0005004814;0100955000,0.0,ST,0.0,EUR,P-100, , 
e2719,Create Goods Movement (from Delivery),2021-01-10T07:04:17+00:00,0087000955;4900000355,1.0,ST,632.54,EUR,P-101,601, 
e2720,Create Goods Movement (from Delivery),2021-01-10T07:04:17+00:00,0087000955;0100955000,0.0,ST,0.0,EUR,P-100, , 
e2721,Create Invoice (from Order),2021-01-10T07:04:20+00:00,0005004814;0090040950,1.0,ST,2679.2,EUR, , ,L
e2722,Create Invoice (from Order),2021-01-10T07:04:20+00:00,0005004814;0090040950,0.0,ST,0.0,EUR, , ,L
e2723,Create Invoice (from Delivery),2021-01-10T07:04:20+00:00,0087000955;0090040950,1.0,ST,2679.2,EUR, , ,L
e2724,Create Invoice (from Delivery),2021-01-10T07:04:20+00:00,0087000955;0090040950,0.0,ST,0.0,EUR, , ,L
e2729,Create Goods Movement (from Order),2021-01-10T07:04:45+00:00,0005004815;4900000356,1.0,ST,632.54,EUR,P-101,601, 
e2730,Create Goods Movement (from Order),2021-01-10T07:04:45+00:00,0005004815;0100956000,0.0,ST,0.0,EUR,P-100, , 
e2731,Create Goods Movement (from Delivery),2021-01-10T07:04:45+00:00,0087000956;4900000356,1.0,ST,632.54,EUR,P-101,601, 
e2732,Create Goods Movement (from Delivery),2021-01-10T07:04:45+00:00,0087000956;0100956000,0.0,ST,0.0,EUR,P-100, , 
e2733,Create Invoice (from Order),2021-01-10T07:04:46+00:00,0005004815;0090040951,1.0,ST,2679.2,EUR, , ,L
e2734,Create Invoice (from Order),2021-01-10T07:04:46+00:00,0005004815;0090040951,0.0,ST,0.0,EUR, , ,L
e2735,Create Invoice (from Delivery),2021-01-10T07:04:46+00:00,0087000956;0090040951,1.0,ST,2679.2,EUR, , ,L
e2736,Create Invoice (from Delivery),2021-01-10T07:04:46+00:00,0087000956;0090040951,0.0,ST,0.0,EUR, , ,L
e2830,Create Goods Movement (from Order),2021-01-10T07:05:11+00:00,0005004816;4900000357,1.0,ST,632.54,EUR,P-101,601, 
e2831,Create Goods Movement (from Order),2021-01-10T07:05:11+00:00,0005004816;0100957000,0.0,ST,0.0,EUR,P-100, , 
e2832,Create Goods Movement (from Delivery),2021-01-10T07:05:11+00:00,0087000957;4900000357,1.0,ST,632.54,EUR,P-101,601, 
e2833,Create Goods Movement (from Delivery),2021-01-10T07:05:11+00:00,0087000957;0100957000,0.0,ST,0.0,EUR,P-100, , 
e2737,Create Invoice (from Order),2021-01-10T07:05:12+00:00,0005004816;0090040952,1.0,ST,2679.2,EUR, , ,L
e2738,Create Invoice (from Order),2021-01-10T07:05:12+00:00,0005004816;0090040952,0.0,ST,0.0,EUR, , ,L
e2739,Create Invoice (from Delivery),2021-01-10T07:05:12+00:00,0087000957;0090040952,1.0,ST,2679.2,EUR, , ,L
e2740,Create Invoice (from Delivery),2021-01-10T07:05:12+00:00,0087000957;0090040952,0.0,ST,0.0,EUR, , ,L
e2741,Create Goods Movement (from Order),2021-01-10T07:05:36+00:00,0005004817;4900000358,1.0,ST,632.54,EUR,P-101,601, 
e2742,Create Goods Movement (from Order),2021-01-10T07:05:36+00:00,0005004817;0100958000,0.0,ST,0.0,EUR,P-100, , 
e2743,Create Goods Movement (from Delivery),2021-01-10T07:05:36+00:00,0087000958;4900000358,1.0,ST,632.54,EUR,P-101,601, 
e2744,Create Goods Movement (from Delivery),2021-01-10T07:05:36+00:00,0087000958;0100958000,0.0,ST,0.0,EUR,P-100, , 
e2745,Create Invoice (from Order),2021-01-10T07:05:37+00:00,0005004817;0090040953,1.0,ST,2679.2,EUR, , ,L
e2746,Create Invoice (from Order),2021-01-10T07:05:37+00:00,0005004817;0090040953,0.0,ST,0.0,EUR, , ,L
e2747,Create Invoice (from Delivery),2021-01-10T07:05:37+00:00,0087000958;0090040953,1.0,ST,2679.2,EUR, , ,L
e2748,Create Invoice (from Delivery),2021-01-10T07:05:37+00:00,0087000958;0090040953,0.0,ST,0.0,EUR, , ,L
e2749,Create Goods Movement (from Order),2021-01-10T07:06:23+00:00,0005004818;4900000359,2.0,ST,1265.08,EUR,P-101,601, 
e2750,Create Goods Movement (from Order),2021-01-10T07:06:23+00:00,0005004818;0100959000,0.0,ST,0.0,EUR,P-100, , 
e2751,Create Goods Movement (from Delivery),2021-01-10T07:06:23+00:00,0087000959;4900000359,2.0,ST,1265.08,EUR,P-101,601, 
e2752,Create Goods Movement (from Delivery),2021-01-10T07:06:23+00:00,0087000959;0100959000,0.0,ST,0.0,EUR,P-100, , 
e2753,Create Invoice (from Order),2021-01-10T07:06:24+00:00,0005004818;0090040954,2.0,ST,5358.4,EUR, , ,L
e2754,Create Invoice (from Order),2021-01-10T07:06:24+00:00,0005004818;0090040954,0.0,ST,0.0,EUR, , ,L
e2755,Create Invoice (from Delivery),2021-01-10T07:06:24+00:00,0087000959;0090040954,2.0,ST,5358.4,EUR, , ,L
e2756,Create Invoice (from Delivery),2021-01-10T07:06:24+00:00,0087000959;0090040954,0.0,ST,0.0,EUR, , ,L
e2834,Create Goods Movement (from Order),2021-01-10T07:06:48+00:00,0005004819;4900000360,1.0,ST,632.54,EUR,P-101,601, 
e2835,Create Goods Movement (from Order),2021-01-10T07:06:48+00:00,0005004819;0100960000,0.0,ST,0.0,EUR,P-100, , 
e2836,Create Goods Movement (from Delivery),2021-01-10T07:06:48+00:00,0087000960;4900000360,1.0,ST,632.54,EUR,P-101,601, 
e2837,Create Goods Movement (from Delivery),2021-01-10T07:06:48+00:00,0087000960;0100960000,0.0,ST,0.0,EUR,P-100, , 
e2838,Create Invoice (from Order),2021-01-10T07:06:49+00:00,0005004819;0090040955,1.0,ST,2679.2,EUR, , ,L
e2839,Create Invoice (from Order),2021-01-10T07:06:49+00:00,0005004819;0090040955,0.0,ST,0.0,EUR, , ,L
e2840,Create Invoice (from Delivery),2021-01-10T07:06:49+00:00,0087000960;0090040955,1.0,ST,2679.2,EUR, , ,L
e2841,Create Invoice (from Delivery),2021-01-10T07:06:49+00:00,0087000960;0090040955,0.0,ST,0.0,EUR, , ,L
e2842,Create Goods Movement (from Order),2021-01-10T07:07:29+00:00,0005004820;4900000361,1.0,ST,632.54,EUR,P-101,601, 
e2843,Create Goods Movement (from Order),2021-01-10T07:07:29+00:00,0005004820;0100961000,0.0,ST,0.0,EUR,P-100, , 
e2844,Create Goods Movement (from Delivery),2021-01-10T07:07:29+00:00,0087000961;4900000361,1.0,ST,632.54,EUR,P-101,601, 
e2845,Create Goods Movement (from Delivery),2021-01-10T07:07:29+00:00,0087000961;0100961000,0.0,ST,0.0,EUR,P-100, , 
e2846,Create Invoice (from Order),2021-01-10T07:07:30+00:00,0005004820;0090040956,1.0,ST,2679.2,EUR, , ,L
e2847,Create Invoice (from Order),2021-01-10T07:07:30+00:00,0005004820;0090040956,0.0,ST,0.0,EUR, , ,L
e2848,Create Invoice (from Delivery),2021-01-10T07:07:30+00:00,0087000961;0090040956,1.0,ST,2679.2,EUR, , ,L
e2849,Create Invoice (from Delivery),2021-01-10T07:07:30+00:00,0087000961;0090040956,0.0,ST,0.0,EUR, , ,L
e2850,Create Goods Movement (from Order),2021-01-10T07:07:55+00:00,0005004821;4900000362,1.0,ST,632.54,EUR,P-101,601, 
e2851,Create Goods Movement (from Order),2021-01-10T07:07:55+00:00,0005004821;0100962000,0.0,ST,0.0,EUR,P-100, , 
e2852,Create Goods Movement (from Delivery),2021-01-10T07:07:55+00:00,0087000962;4900000362,1.0,ST,632.54,EUR,P-101,601, 
e2853,Create Goods Movement (from Delivery),2021-01-10T07:07:55+00:00,0087000962;0100962000,0.0,ST,0.0,EUR,P-100, , 
e2854,Create Invoice (from Order),2021-01-10T07:07:55+00:00,0005004821;0090040957,1.0,ST,2679.2,EUR, , ,L
e2855,Create Invoice (from Order),2021-01-10T07:07:55+00:00,0005004821;0090040957,0.0,ST,0.0,EUR, , ,L
e2856,Create Invoice (from Delivery),2021-01-10T07:07:55+00:00,0087000962;0090040957,1.0,ST,2679.2,EUR, , ,L
e2857,Create Invoice (from Delivery),2021-01-10T07:07:55+00:00,0087000962;0090040957,0.0,ST,0.0,EUR, , ,L
e4712,Create Goods Movement (from Order),2021-01-10T07:08:20+00:00,0005004822;4900000363,1.0,ST,632.54,EUR,P-101,601, 
e4713,Create Goods Movement (from Order),2021-01-10T07:08:20+00:00,0005004822;0100963000,0.0,ST,0.0,EUR,P-100, , 
e4714,Create Goods Movement (from Delivery),2021-01-10T07:08:20+00:00,0087000963;4900000363,1.0,ST,632.54,EUR,P-101,601, 
e4715,Create Goods Movement (from Delivery),2021-01-10T07:08:20+00:00,0087000963;0100963000,0.0,ST,0.0,EUR,P-100, , 
e4122,Create Invoice (from Order),2021-01-10T07:08:21+00:00,0005004822;0090040958,1.0,ST,2679.2,EUR, , ,L
e4123,Create Invoice (from Order),2021-01-10T07:08:21+00:00,0005004822;0090040958,0.0,ST,0.0,EUR, , ,L
e4124,Create Invoice (from Delivery),2021-01-10T07:08:21+00:00,0087000963;0090040958,1.0,ST,2679.2,EUR, , ,L
e4125,Create Invoice (from Delivery),2021-01-10T07:08:21+00:00,0087000963;0090040958,0.0,ST,0.0,EUR, , ,L
e4716,Create Goods Movement (from Order),2021-01-10T07:08:56+00:00,0005004823;4900000364,1.0,ST,632.54,EUR,P-101,601, 
e4717,Create Goods Movement (from Order),2021-01-10T07:08:56+00:00,0005004823;0100964000,0.0,ST,0.0,EUR,P-100, , 
e4718,Create Goods Movement (from Delivery),2021-01-10T07:08:56+00:00,0087000964;4900000364,1.0,ST,632.54,EUR,P-101,601, 
e4719,Create Goods Movement (from Delivery),2021-01-10T07:08:56+00:00,0087000964;0100964000,0.0,ST,0.0,EUR,P-100, , 
e4399,Create Invoice (from Order),2021-01-10T07:08:57+00:00,0005004823;0090040959,1.0,ST,2679.2,EUR, , ,L
e4400,Create Invoice (from Order),2021-01-10T07:08:57+00:00,0005004823;0090040959,0.0,ST,0.0,EUR, , ,L
e4401,Create Invoice (from Delivery),2021-01-10T07:08:57+00:00,0087000964;0090040959,1.0,ST,2679.2,EUR, , ,L
e4402,Create Invoice (from Delivery),2021-01-10T07:08:57+00:00,0087000964;0090040959,0.0,ST,0.0,EUR, , ,L
e4126,Create Invoice (from Order),2021-01-10T07:09:23+00:00,0005004824;0090040960,1.0,ST,2679.2,EUR, , ,L
e4127,Create Invoice (from Order),2021-01-10T07:09:23+00:00,0005004824;0090040960,0.0,ST,0.0,EUR, , ,L
e4128,Create Invoice (from Delivery),2021-01-10T07:09:23+00:00,0087000965;0090040960,1.0,ST,2679.2,EUR, , ,L
e4129,Create Invoice (from Delivery),2021-01-10T07:09:23+00:00,0087000965;0090040960,0.0,ST,0.0,EUR, , ,L
e4720,Create Goods Movement (from Order),2021-01-10T07:09:23+00:00,0005004824;4900000365,1.0,ST,632.54,EUR,P-101,601, 
e4721,Create Goods Movement (from Order),2021-01-10T07:09:23+00:00,0005004824;0100965000,0.0,ST,0.0,EUR,P-100, , 
e4722,Create Goods Movement (from Delivery),2021-01-10T07:09:23+00:00,0087000965;4900000365,1.0,ST,632.54,EUR,P-101,601, 
e4723,Create Goods Movement (from Delivery),2021-01-10T07:09:23+00:00,0087000965;0100965000,0.0,ST,0.0,EUR,P-100, , 
e3929,Create Goods Movement (from Order),2021-01-10T07:09:48+00:00,0005004825;4900000366,1.0,ST,632.54,EUR,P-101,601, 
e3930,Create Goods Movement (from Order),2021-01-10T07:09:48+00:00,0005004825;0100966000,0.0,ST,0.0,EUR,P-100, , 
e3931,Create Goods Movement (from Delivery),2021-01-10T07:09:48+00:00,0087000966;4900000366,1.0,ST,632.54,EUR,P-101,601, 
e3932,Create Goods Movement (from Delivery),2021-01-10T07:09:48+00:00,0087000966;0100966000,0.0,ST,0.0,EUR,P-100, , 
e4130,Create Invoice (from Order),2021-01-10T07:09:49+00:00,0005004825;0090040961,1.0,ST,2679.2,EUR, , ,L
e4131,Create Invoice (from Order),2021-01-10T07:09:49+00:00,0005004825;0090040961,0.0,ST,0.0,EUR, , ,L
e4132,Create Invoice (from Delivery),2021-01-10T07:09:49+00:00,0087000966;0090040961,1.0,ST,2679.2,EUR, , ,L
e4133,Create Invoice (from Delivery),2021-01-10T07:09:49+00:00,0087000966;0090040961,0.0,ST,0.0,EUR, , ,L
e4646,Create Goods Movement (from Order),2021-01-10T07:10:14+00:00,0005004826;4900000367,1.0,ST,632.54,EUR,P-101,601, 
e4647,Create Goods Movement (from Order),2021-01-10T07:10:14+00:00,0005004826;0100967000,0.0,ST,0.0,EUR,P-100, , 
e4648,Create Goods Movement (from Delivery),2021-01-10T07:10:14+00:00,0087000967;4900000367,1.0,ST,632.54,EUR,P-101,601, 
e4649,Create Goods Movement (from Delivery),2021-01-10T07:10:14+00:00,0087000967;0100967000,0.0,ST,0.0,EUR,P-100, , 
e4134,Create Invoice (from Order),2021-01-10T07:10:15+00:00,0005004826;0090040962,1.0,ST,2679.2,EUR, , ,L
e4135,Create Invoice (from Order),2021-01-10T07:10:15+00:00,0005004826;0090040962,0.0,ST,0.0,EUR, , ,L
e4136,Create Invoice (from Delivery),2021-01-10T07:10:15+00:00,0087000967;0090040962,1.0,ST,2679.2,EUR, , ,L
e4137,Create Invoice (from Delivery),2021-01-10T07:10:15+00:00,0087000967;0090040962,0.0,ST,0.0,EUR, , ,L
e3977,Create Goods Movement (from Order),2021-01-10T07:10:51+00:00,0005004827;4900000368,1.0,ST,632.54,EUR,P-101,601, 
e3978,Create Goods Movement (from Order),2021-01-10T07:10:51+00:00,0005004827;0100968000,0.0,ST,0.0,EUR,P-100, , 
e3979,Create Goods Movement (from Delivery),2021-01-10T07:10:51+00:00,0087000968;4900000368,1.0,ST,632.54,EUR,P-101,601, 
e3980,Create Goods Movement (from Delivery),2021-01-10T07:10:51+00:00,0087000968;0100968000,0.0,ST,0.0,EUR,P-100, , 
e4403,Create Invoice (from Order),2021-01-10T07:10:51+00:00,0005004827;0090040963,1.0,ST,2705.99,EUR, , ,L
e4404,Create Invoice (from Order),2021-01-10T07:10:51+00:00,0005004827;0090040963,0.0,ST,0.0,EUR, , ,L
e4405,Create Invoice (from Delivery),2021-01-10T07:10:51+00:00,0087000968;0090040963,1.0,ST,2705.99,EUR, , ,L
e4406,Create Invoice (from Delivery),2021-01-10T07:10:51+00:00,0087000968;0090040963,0.0,ST,0.0,EUR, , ,L
e4407,Create Invoice (from Order),2021-01-10T07:11:38+00:00,0005004828;0090040964,2.0,ST,5358.4,EUR, , ,L
e4408,Create Invoice (from Order),2021-01-10T07:11:38+00:00,0005004828;0090040964,0.0,ST,0.0,EUR, , ,L
e4409,Create Invoice (from Delivery),2021-01-10T07:11:38+00:00,0087000969;0090040964,2.0,ST,5358.4,EUR, , ,L
e4410,Create Invoice (from Delivery),2021-01-10T07:11:38+00:00,0087000969;0090040964,0.0,ST,0.0,EUR, , ,L
e4776,Create Goods Movement (from Order),2021-01-10T07:11:38+00:00,0005004828;4900000369,2.0,ST,1265.08,EUR,P-101,601, 
e4777,Create Goods Movement (from Order),2021-01-10T07:11:38+00:00,0005004828;0100969000,0.0,ST,0.0,EUR,P-100, , 
e4778,Create Goods Movement (from Delivery),2021-01-10T07:11:38+00:00,0087000969;4900000369,2.0,ST,1265.08,EUR,P-101,601, 
e4779,Create Goods Movement (from Delivery),2021-01-10T07:11:38+00:00,0087000969;0100969000,0.0,ST,0.0,EUR,P-100, , 
e4459,Create Goods Movement (from Order),2021-01-10T07:12:18+00:00,0005004829;4900000370,2.0,ST,1265.08,EUR,P-101,601, 
e4460,Create Goods Movement (from Order),2021-01-10T07:12:18+00:00,0005004829;0100970000,0.0,ST,0.0,EUR,P-100, , 
e4461,Create Goods Movement (from Delivery),2021-01-10T07:12:18+00:00,0087000970;4900000370,2.0,ST,1265.08,EUR,P-101,601, 
e4462,Create Goods Movement (from Delivery),2021-01-10T07:12:18+00:00,0087000970;0100970000,0.0,ST,0.0,EUR,P-100, , 
e4411,Create Invoice (from Order),2021-01-10T07:12:19+00:00,0005004829;0090040965,2.0,ST,5358.4,EUR, , ,L
e4412,Create Invoice (from Order),2021-01-10T07:12:19+00:00,0005004829;0090040965,0.0,ST,0.0,EUR, , ,L
e4413,Create Invoice (from Delivery),2021-01-10T07:12:19+00:00,0087000970;0090040965,2.0,ST,5358.4,EUR, , ,L
e4414,Create Invoice (from Delivery),2021-01-10T07:12:19+00:00,0087000970;0090040965,0.0,ST,0.0,EUR, , ,L
e4415,Create Invoice (from Order),2021-01-10T07:12:44+00:00,0005004830;0090040966,1.0,ST,2679.2,EUR, , ,L
e4416,Create Invoice (from Order),2021-01-10T07:12:44+00:00,0005004830;0090040966,0.0,ST,0.0,EUR, , ,L
e4417,Create Invoice (from Delivery),2021-01-10T07:12:44+00:00,0087000971;0090040966,1.0,ST,2679.2,EUR, , ,L
e4418,Create Invoice (from Delivery),2021-01-10T07:12:44+00:00,0087000971;0090040966,0.0,ST,0.0,EUR, , ,L
e4463,Create Goods Movement (from Order),2021-01-10T07:12:44+00:00,0005004830;4900000371,1.0,ST,632.54,EUR,P-101,601, 
e4464,Create Goods Movement (from Order),2021-01-10T07:12:44+00:00,0005004830;0100971000,0.0,ST,0.0,EUR,P-100, , 
e4465,Create Goods Movement (from Delivery),2021-01-10T07:12:44+00:00,0087000971;4900000371,1.0,ST,632.54,EUR,P-101,601, 
e4466,Create Goods Movement (from Delivery),2021-01-10T07:12:44+00:00,0087000971;0100971000,0.0,ST,0.0,EUR,P-100, , 
e4780,Create Goods Movement (from Order),2021-01-10T07:13:20+00:00,0005004831;4900000372,1.0,ST,632.54,EUR,P-101,601, 
e4781,Create Goods Movement (from Order),2021-01-10T07:13:20+00:00,0005004831;0100972000,0.0,ST,0.0,EUR,P-100, , 
e4782,Create Goods Movement (from Delivery),2021-01-10T07:13:20+00:00,0087000972;4900000372,1.0,ST,632.54,EUR,P-101,601, 
e4783,Create Goods Movement (from Delivery),2021-01-10T07:13:20+00:00,0087000972;0100972000,0.0,ST,0.0,EUR,P-100, , 
e4419,Create Invoice (from Order),2021-01-10T07:13:21+00:00,0005004831;0090040967,1.0,ST,2679.2,EUR, , ,L
e4420,Create Invoice (from Order),2021-01-10T07:13:21+00:00,0005004831;0090040967,0.0,ST,0.0,EUR, , ,L
e4421,Create Invoice (from Delivery),2021-01-10T07:13:21+00:00,0087000972;0090040967,1.0,ST,2679.2,EUR, , ,L
e4422,Create Invoice (from Delivery),2021-01-10T07:13:21+00:00,0087000972;0090040967,0.0,ST,0.0,EUR, , ,L
e3866,Create Goods Movement (from Order),2021-01-10T07:13:45+00:00,0005004832;4900000373,1.0,ST,632.54,EUR,P-101,601, 
e3867,Create Goods Movement (from Order),2021-01-10T07:13:45+00:00,0005004832;0100973000,0.0,ST,0.0,EUR,P-100, , 
e3868,Create Goods Movement (from Delivery),2021-01-10T07:13:45+00:00,0087000973;4900000373,1.0,ST,632.54,EUR,P-101,601, 
e3869,Create Goods Movement (from Delivery),2021-01-10T07:13:45+00:00,0087000973;0100973000,0.0,ST,0.0,EUR,P-100, , 
e4423,Create Invoice (from Order),2021-01-10T07:13:46+00:00,0005004832;0090040968,1.0,ST,2679.2,EUR, , ,L
e4424,Create Invoice (from Order),2021-01-10T07:13:46+00:00,0005004832;0090040968,0.0,ST,0.0,EUR, , ,L
e4425,Create Invoice (from Delivery),2021-01-10T07:13:46+00:00,0087000973;0090040968,1.0,ST,2679.2,EUR, , ,L
e4426,Create Invoice (from Delivery),2021-01-10T07:13:46+00:00,0087000973;0090040968,0.0,ST,0.0,EUR, , ,L
e4650,Create Goods Movement (from Order),2021-01-10T07:14:10+00:00,0005004833;4900000374,1.0,ST,632.54,EUR,P-101,601, 
e4651,Create Goods Movement (from Order),2021-01-10T07:14:10+00:00,0005004833;0100974000,0.0,ST,0.0,EUR,P-100, , 
e4652,Create Goods Movement (from Delivery),2021-01-10T07:14:10+00:00,0087000974;4900000374,1.0,ST,632.54,EUR,P-101,601, 
e4653,Create Goods Movement (from Delivery),2021-01-10T07:14:10+00:00,0087000974;0100974000,0.0,ST,0.0,EUR,P-100, , 
e4427,Create Invoice (from Order),2021-01-10T07:14:11+00:00,0005004833;0090040969,1.0,ST,2679.2,EUR, , ,L
e4428,Create Invoice (from Order),2021-01-10T07:14:11+00:00,0005004833;0090040969,0.0,ST,0.0,EUR, , ,L
e4429,Create Invoice (from Delivery),2021-01-10T07:14:11+00:00,0087000974;0090040969,1.0,ST,2679.2,EUR, , ,L
e4430,Create Invoice (from Delivery),2021-01-10T07:14:11+00:00,0087000974;0090040969,0.0,ST,0.0,EUR, , ,L
e4724,Create Goods Movement (from Order),2021-01-10T07:14:35+00:00,0005004834;4900000375,1.0,ST,632.54,EUR,P-101,601, 
e4725,Create Goods Movement (from Order),2021-01-10T07:14:35+00:00,0005004834;0100975000,0.0,ST,0.0,EUR,P-100, , 
e4726,Create Goods Movement (from Delivery),2021-01-10T07:14:35+00:00,0087000975;4900000375,1.0,ST,632.54,EUR,P-101,601, 
e4727,Create Goods Movement (from Delivery),2021-01-10T07:14:35+00:00,0087000975;0100975000,0.0,ST,0.0,EUR,P-100, , 
e4431,Create Invoice (from Order),2021-01-10T07:14:36+00:00,0005004834;0090040970,1.0,ST,2679.2,EUR, , ,L
e4432,Create Invoice (from Order),2021-01-10T07:14:36+00:00,0005004834;0090040970,0.0,ST,0.0,EUR, , ,L
e4433,Create Invoice (from Delivery),2021-01-10T07:14:36+00:00,0087000975;0090040970,1.0,ST,2679.2,EUR, , ,L
e4434,Create Invoice (from Delivery),2021-01-10T07:14:36+00:00,0087000975;0090040970,0.0,ST,0.0,EUR, , ,L
e4728,Create Goods Movement (from Order),2021-01-10T07:15:44+00:00,0005004835;4900000376,1.0,ST,632.54,EUR,P-101,601, 
e4729,Create Goods Movement (from Order),2021-01-10T07:15:44+00:00,0005004835;0100976000,0.0,ST,0.0,EUR,P-100, , 
e4730,Create Goods Movement (from Delivery),2021-01-10T07:15:44+00:00,0087000976;4900000376,1.0,ST,632.54,EUR,P-101,601, 
e4731,Create Goods Movement (from Delivery),2021-01-10T07:15:44+00:00,0087000976;0100976000,0.0,ST,0.0,EUR,P-100, , 
e4435,Create Invoice (from Order),2021-01-10T07:15:45+00:00,0005004835;0090040971,1.0,ST,2705.99,EUR, , ,L
e4436,Create Invoice (from Order),2021-01-10T07:15:45+00:00,0005004835;0090040971,0.0,ST,0.0,EUR, , ,L
e4437,Create Invoice (from Delivery),2021-01-10T07:15:45+00:00,0087000976;0090040971,1.0,ST,2705.99,EUR, , ,L
e4438,Create Invoice (from Delivery),2021-01-10T07:15:45+00:00,0087000976;0090040971,0.0,ST,0.0,EUR, , ,L
e4439,Create Invoice (from Order),2021-01-10T07:16:21+00:00,0005004836;0090040972,1.0,ST,2679.2,EUR, , ,L
e4440,Create Invoice (from Order),2021-01-10T07:16:21+00:00,0005004836;0090040972,0.0,ST,0.0,EUR, , ,L
e4441,Create Invoice (from Delivery),2021-01-10T07:16:21+00:00,0087000977;0090040972,1.0,ST,2679.2,EUR, , ,L
e4442,Create Invoice (from Delivery),2021-01-10T07:16:21+00:00,0087000977;0090040972,0.0,ST,0.0,EUR, , ,L
e4784,Create Goods Movement (from Order),2021-01-10T07:16:21+00:00,0005004836;4900000377,1.0,ST,632.54,EUR,P-101,601, 
e4785,Create Goods Movement (from Order),2021-01-10T07:16:21+00:00,0005004836;0100977000,0.0,ST,0.0,EUR,P-100, , 
e4786,Create Goods Movement (from Delivery),2021-01-10T07:16:21+00:00,0087000977;4900000377,1.0,ST,632.54,EUR,P-101,601, 
e4787,Create Goods Movement (from Delivery),2021-01-10T07:16:21+00:00,0087000977;0100977000,0.0,ST,0.0,EUR,P-100, , 
e3933,Create Goods Movement (from Order),2021-01-10T07:16:57+00:00,0005004837;4900000378,2.0,ST,1265.08,EUR,P-101,601, 
e3934,Create Goods Movement (from Order),2021-01-10T07:16:57+00:00,0005004837;0100978000,0.0,ST,0.0,EUR,P-100, , 
e3935,Create Goods Movement (from Delivery),2021-01-10T07:16:57+00:00,0087000978;4900000378,2.0,ST,1265.08,EUR,P-101,601, 
e3936,Create Goods Movement (from Delivery),2021-01-10T07:16:57+00:00,0087000978;0100978000,0.0,ST,0.0,EUR,P-100, , 
e4443,Create Invoice (from Order),2021-01-10T07:16:58+00:00,0005004837;0090040973,2.0,ST,5358.4,EUR, , ,L
e4444,Create Invoice (from Order),2021-01-10T07:16:58+00:00,0005004837;0090040973,0.0,ST,0.0,EUR, , ,L
e4445,Create Invoice (from Delivery),2021-01-10T07:16:58+00:00,0087000978;0090040973,2.0,ST,5358.4,EUR, , ,L
e4446,Create Invoice (from Delivery),2021-01-10T07:16:58+00:00,0087000978;0090040973,0.0,ST,0.0,EUR, , ,L
e4732,Create Goods Movement (from Order),2021-01-10T07:17:36+00:00,0005004838;4900000379,2.0,ST,1265.08,EUR,P-101,601, 
e4733,Create Goods Movement (from Order),2021-01-10T07:17:36+00:00,0005004838;0100979000,0.0,ST,0.0,EUR,P-100, , 
e4734,Create Goods Movement (from Delivery),2021-01-10T07:17:36+00:00,0087000979;4900000379,2.0,ST,1265.08,EUR,P-101,601, 
e4735,Create Goods Movement (from Delivery),2021-01-10T07:17:36+00:00,0087000979;0100979000,0.0,ST,0.0,EUR,P-100, , 
e4447,Create Invoice (from Order),2021-01-10T07:17:37+00:00,0005004838;0090040974,2.0,ST,5358.4,EUR, , ,L
e4448,Create Invoice (from Order),2021-01-10T07:17:37+00:00,0005004838;0090040974,0.0,ST,0.0,EUR, , ,L
e4449,Create Invoice (from Delivery),2021-01-10T07:17:37+00:00,0087000979;0090040974,2.0,ST,5358.4,EUR, , ,L
e4450,Create Invoice (from Delivery),2021-01-10T07:17:37+00:00,0087000979;0090040974,0.0,ST,0.0,EUR, , ,L
e3870,Create Goods Movement (from Order),2021-01-10T07:18:34+00:00,0005004839;4900000380,2.0,ST,1265.08,EUR,P-101,601, 
e3871,Create Goods Movement (from Order),2021-01-10T07:18:34+00:00,0005004839;0100980000,0.0,ST,0.0,EUR,P-100, , 
e3872,Create Goods Movement (from Delivery),2021-01-10T07:18:34+00:00,0087000980;4900000380,2.0,ST,1265.08,EUR,P-101,601, 
e3873,Create Goods Movement (from Delivery),2021-01-10T07:18:34+00:00,0087000980;0100980000,0.0,ST,0.0,EUR,P-100, , 
e4451,Create Invoice (from Order),2021-01-10T07:18:34+00:00,0005004839;0090040975,2.0,ST,5358.4,EUR, , ,L
e4452,Create Invoice (from Order),2021-01-10T07:18:34+00:00,0005004839;0090040975,0.0,ST,0.0,EUR, , ,L
e4453,Create Invoice (from Delivery),2021-01-10T07:18:34+00:00,0087000980;0090040975,2.0,ST,5358.4,EUR, , ,L
e4454,Create Invoice (from Delivery),2021-01-10T07:18:34+00:00,0087000980;0090040975,0.0,ST,0.0,EUR, , ,L
e3874,Create Goods Movement (from Order),2021-01-10T07:18:59+00:00,0005004840;4900000381,1.0,ST,632.54,EUR,P-101,601, 
e3875,Create Goods Movement (from Order),2021-01-10T07:18:59+00:00,0005004840;0100981000,0.0,ST,0.0,EUR,P-100, , 
e3876,Create Goods Movement (from Delivery),2021-01-10T07:18:59+00:00,0087000981;4900000381,1.0,ST,632.54,EUR,P-101,601, 
e3877,Create Goods Movement (from Delivery),2021-01-10T07:18:59+00:00,0087000981;0100981000,0.0,ST,0.0,EUR,P-100, , 
e4138,Create Invoice (from Order),2021-01-10T07:19:00+00:00,0005004840;0090040976,1.0,ST,2679.2,EUR, , ,L
e4139,Create Invoice (from Order),2021-01-10T07:19:00+00:00,0005004840;0090040976,0.0,ST,0.0,EUR, , ,L
e4140,Create Invoice (from Delivery),2021-01-10T07:19:00+00:00,0087000981;0090040976,1.0,ST,2679.2,EUR, , ,L
e4141,Create Invoice (from Delivery),2021-01-10T07:19:00+00:00,0087000981;0090040976,0.0,ST,0.0,EUR, , ,L
e3981,Create Goods Movement (from Order),2021-01-10T07:19:37+00:00,0005004841;4900000382,1.0,ST,632.54,EUR,P-101,601, 
e3982,Create Goods Movement (from Order),2021-01-10T07:19:37+00:00,0005004841;0100982000,0.0,ST,0.0,EUR,P-100, , 
e3983,Create Goods Movement (from Delivery),2021-01-10T07:19:37+00:00,0087000982;4900000382,1.0,ST,632.54,EUR,P-101,601, 
e3984,Create Goods Movement (from Delivery),2021-01-10T07:19:37+00:00,0087000982;0100982000,0.0,ST,0.0,EUR,P-100, , 
e4142,Create Invoice (from Order),2021-01-10T07:19:38+00:00,0005004841;0090040977,1.0,ST,2679.2,EUR, , ,L
e4143,Create Invoice (from Order),2021-01-10T07:19:38+00:00,0005004841;0090040977,0.0,ST,0.0,EUR, , ,L
e4144,Create Invoice (from Delivery),2021-01-10T07:19:38+00:00,0087000982;0090040977,1.0,ST,2679.2,EUR, , ,L
e4145,Create Invoice (from Delivery),2021-01-10T07:19:38+00:00,0087000982;0090040977,0.0,ST,0.0,EUR, , ,L
e3985,Create Goods Movement (from Order),2021-01-10T07:20:03+00:00,0005004842;4900000383,1.0,ST,632.54,EUR,P-101,601, 
e3986,Create Goods Movement (from Order),2021-01-10T07:20:03+00:00,0005004842;0100983000,0.0,ST,0.0,EUR,P-100, , 
e3987,Create Goods Movement (from Delivery),2021-01-10T07:20:03+00:00,0087000983;4900000383,1.0,ST,632.54,EUR,P-101,601, 
e3988,Create Goods Movement (from Delivery),2021-01-10T07:20:03+00:00,0087000983;0100983000,0.0,ST,0.0,EUR,P-100, , 
e4455,Create Invoice (from Order),2021-01-10T07:20:04+00:00,0005004842;0090040978,1.0,ST,2679.2,EUR, , ,L
e4456,Create Invoice (from Order),2021-01-10T07:20:04+00:00,0005004842;0090040978,0.0,ST,0.0,EUR, , ,L
e4457,Create Invoice (from Delivery),2021-01-10T07:20:04+00:00,0087000983;0090040978,1.0,ST,2679.2,EUR, , ,L
e4458,Create Invoice (from Delivery),2021-01-10T07:20:04+00:00,0087000983;0090040978,0.0,ST,0.0,EUR, , ,L
e3937,Create Goods Movement (from Order),2021-01-10T07:20:28+00:00,0005004843;4900000384,1.0,ST,632.54,EUR,P-101,601, 
e3938,Create Goods Movement (from Order),2021-01-10T07:20:28+00:00,0005004843;0100984000,0.0,ST,0.0,EUR,P-100, , 
e3939,Create Goods Movement (from Delivery),2021-01-10T07:20:28+00:00,0087000984;4900000384,1.0,ST,632.54,EUR,P-101,601, 
e3940,Create Goods Movement (from Delivery),2021-01-10T07:20:28+00:00,0087000984;0100984000,0.0,ST,0.0,EUR,P-100, , 
e4492,Create Invoice (from Order),2021-01-10T07:20:29+00:00,0005004843;0090040979,1.0,ST,2679.2,EUR, , ,L
e4493,Create Invoice (from Order),2021-01-10T07:20:29+00:00,0005004843;0090040979,0.0,ST,0.0,EUR, , ,L
e4494,Create Invoice (from Delivery),2021-01-10T07:20:29+00:00,0087000984;0090040979,1.0,ST,2679.2,EUR, , ,L
e4495,Create Invoice (from Delivery),2021-01-10T07:20:29+00:00,0087000984;0090040979,0.0,ST,0.0,EUR, , ,L
e4736,Create Goods Movement (from Order),2021-01-10T07:20:54+00:00,0005004844;4900000385,1.0,ST,632.54,EUR,P-101,601, 
e4737,Create Goods Movement (from Order),2021-01-10T07:20:54+00:00,0005004844;0100985000,0.0,ST,0.0,EUR,P-100, , 
e4738,Create Goods Movement (from Delivery),2021-01-10T07:20:54+00:00,0087000985;4900000385,1.0,ST,632.54,EUR,P-101,601, 
e4739,Create Goods Movement (from Delivery),2021-01-10T07:20:54+00:00,0087000985;0100985000,0.0,ST,0.0,EUR,P-100, , 
e4146,Create Invoice (from Order),2021-01-10T07:20:55+00:00,0005004844;0090040980,1.0,ST,2679.2,EUR, , ,L
e4147,Create Invoice (from Order),2021-01-10T07:20:55+00:00,0005004844;0090040980,0.0,ST,0.0,EUR, , ,L
e4148,Create Invoice (from Delivery),2021-01-10T07:20:55+00:00,0087000985;0090040980,1.0,ST,2679.2,EUR, , ,L
e4149,Create Invoice (from Delivery),2021-01-10T07:20:55+00:00,0087000985;0090040980,0.0,ST,0.0,EUR, , ,L
e4467,Create Goods Movement (from Order),2021-01-10T07:21:19+00:00,0005004845;4900000386,1.0,ST,632.54,EUR,P-101,601, 
e4468,Create Goods Movement (from Order),2021-01-10T07:21:19+00:00,0005004845;0100986000,0.0,ST,0.0,EUR,P-100, , 
e4469,Create Goods Movement (from Delivery),2021-01-10T07:21:19+00:00,0087000986;4900000386,1.0,ST,632.54,EUR,P-101,601, 
e4470,Create Goods Movement (from Delivery),2021-01-10T07:21:19+00:00,0087000986;0100986000,0.0,ST,0.0,EUR,P-100, , 
e4150,Create Invoice (from Order),2021-01-10T07:21:20+00:00,0005004845;0090040981,1.0,ST,2679.2,EUR, , ,L
e4151,Create Invoice (from Order),2021-01-10T07:21:20+00:00,0005004845;0090040981,0.0,ST,0.0,EUR, , ,L
e4152,Create Invoice (from Delivery),2021-01-10T07:21:20+00:00,0087000986;0090040981,1.0,ST,2679.2,EUR, , ,L
e4153,Create Invoice (from Delivery),2021-01-10T07:21:20+00:00,0087000986;0090040981,0.0,ST,0.0,EUR, , ,L
e3878,Create Goods Movement (from Order),2021-01-10T07:21:45+00:00,0005004846;4900000387,1.0,ST,632.54,EUR,P-101,601, 
e3879,Create Goods Movement (from Order),2021-01-10T07:21:45+00:00,0005004846;0100987000,0.0,ST,0.0,EUR,P-100, , 
e3880,Create Goods Movement (from Delivery),2021-01-10T07:21:45+00:00,0087000987;4900000387,1.0,ST,632.54,EUR,P-101,601, 
e3881,Create Goods Movement (from Delivery),2021-01-10T07:21:45+00:00,0087000987;0100987000,0.0,ST,0.0,EUR,P-100, , 
e4157,Create Invoice (from Order),2021-01-10T07:21:46+00:00,0005004846;0090040982,1.0,ST,2679.2,EUR, , ,L
e4158,Create Invoice (from Order),2021-01-10T07:21:46+00:00,0005004846;0090040982,0.0,ST,0.0,EUR, , ,L
e4159,Create Invoice (from Delivery),2021-01-10T07:21:46+00:00,0087000987;0090040982,1.0,ST,2679.2,EUR, , ,L
e4160,Create Invoice (from Delivery),2021-01-10T07:21:46+00:00,0087000987;0090040982,0.0,ST,0.0,EUR, , ,L
e4740,Create Goods Movement (from Order),2021-01-10T07:22:21+00:00,0005004847;4900000388,1.0,ST,632.54,EUR,P-101,601, 
e4741,Create Goods Movement (from Order),2021-01-10T07:22:21+00:00,0005004847;0100988000,0.0,ST,0.0,EUR,P-100, , 
e4742,Create Goods Movement (from Delivery),2021-01-10T07:22:21+00:00,0087000988;4900000388,1.0,ST,632.54,EUR,P-101,601, 
e4743,Create Goods Movement (from Delivery),2021-01-10T07:22:21+00:00,0087000988;0100988000,0.0,ST,0.0,EUR,P-100, , 
e4161,Create Invoice (from Order),2021-01-10T07:22:22+00:00,0005004847;0090040983,1.0,ST,2679.2,EUR, , ,L
e4162,Create Invoice (from Order),2021-01-10T07:22:22+00:00,0005004847;0090040983,0.0,ST,0.0,EUR, , ,L
e4163,Create Invoice (from Delivery),2021-01-10T07:22:22+00:00,0087000988;0090040983,1.0,ST,2679.2,EUR, , ,L
e4164,Create Invoice (from Delivery),2021-01-10T07:22:22+00:00,0087000988;0090040983,0.0,ST,0.0,EUR, , ,L
e3989,Create Goods Movement (from Order),2021-01-10T07:22:47+00:00,0005004848;4900000389,1.0,ST,632.54,EUR,P-101,601, 
e3990,Create Goods Movement (from Order),2021-01-10T07:22:47+00:00,0005004848;0100989000,0.0,ST,0.0,EUR,P-100, , 
e3991,Create Goods Movement (from Delivery),2021-01-10T07:22:47+00:00,0087000989;4900000389,1.0,ST,632.54,EUR,P-101,601, 
e3992,Create Goods Movement (from Delivery),2021-01-10T07:22:47+00:00,0087000989;0100989000,0.0,ST,0.0,EUR,P-100, , 
e4496,Create Invoice (from Order),2021-01-10T07:22:47+00:00,0005004848;0090040984,1.0,ST,2679.2,EUR, , ,L
e4497,Create Invoice (from Order),2021-01-10T07:22:47+00:00,0005004848;0090040984,0.0,ST,0.0,EUR, , ,L
e4498,Create Invoice (from Delivery),2021-01-10T07:22:47+00:00,0087000989;0090040984,1.0,ST,2679.2,EUR, , ,L
e4499,Create Invoice (from Delivery),2021-01-10T07:22:47+00:00,0087000989;0090040984,0.0,ST,0.0,EUR, , ,L
e4654,Create Goods Movement (from Order),2021-01-10T07:23:23+00:00,0005004849;4900000390,2.0,ST,1265.08,EUR,P-101,601, 
e4655,Create Goods Movement (from Order),2021-01-10T07:23:23+00:00,0005004849;0100990000,0.0,ST,0.0,EUR,P-100, , 
e4656,Create Goods Movement (from Delivery),2021-01-10T07:23:23+00:00,0087000990;4900000390,2.0,ST,1265.08,EUR,P-101,601, 
e4657,Create Goods Movement (from Delivery),2021-01-10T07:23:23+00:00,0087000990;0100990000,0.0,ST,0.0,EUR,P-100, , 
e4500,Create Invoice (from Order),2021-01-10T07:23:24+00:00,0005004849;0090040985,2.0,ST,5358.4,EUR, , ,L
e4501,Create Invoice (from Order),2021-01-10T07:23:24+00:00,0005004849;0090040985,0.0,ST,0.0,EUR, , ,L
e4502,Create Invoice (from Delivery),2021-01-10T07:23:24+00:00,0087000990;0090040985,2.0,ST,5358.4,EUR, , ,L
e4503,Create Invoice (from Delivery),2021-01-10T07:23:24+00:00,0087000990;0090040985,0.0,ST,0.0,EUR, , ,L
e3993,Create Goods Movement (from Order),2021-01-10T07:23:49+00:00,0005004850;4900000391,1.0,ST,632.54,EUR,P-101,601, 
e3994,Create Goods Movement (from Order),2021-01-10T07:23:49+00:00,0005004850;0100991000,0.0,ST,0.0,EUR,P-100, , 
e3995,Create Goods Movement (from Delivery),2021-01-10T07:23:49+00:00,0087000991;4900000391,1.0,ST,632.54,EUR,P-101,601, 
e3996,Create Goods Movement (from Delivery),2021-01-10T07:23:49+00:00,0087000991;0100991000,0.0,ST,0.0,EUR,P-100, , 
e4504,Create Invoice (from Order),2021-01-10T07:23:49+00:00,0005004850;0090040986,1.0,ST,2679.2,EUR, , ,L
e4505,Create Invoice (from Order),2021-01-10T07:23:49+00:00,0005004850;0090040986,0.0,ST,0.0,EUR, , ,L
e4506,Create Invoice (from Delivery),2021-01-10T07:23:49+00:00,0087000991;0090040986,1.0,ST,2679.2,EUR, , ,L
e4507,Create Invoice (from Delivery),2021-01-10T07:23:49+00:00,0087000991;0090040986,0.0,ST,0.0,EUR, , ,L
e3997,Create Goods Movement (from Order),2021-01-10T07:24:46+00:00,0005004851;4900000392,1.0,ST,632.54,EUR,P-101,601, 
e3998,Create Goods Movement (from Order),2021-01-10T07:24:46+00:00,0005004851;0100992000,0.0,ST,0.0,EUR,P-100, , 
e3999,Create Goods Movement (from Delivery),2021-01-10T07:24:46+00:00,0087000992;4900000392,1.0,ST,632.54,EUR,P-101,601, 
e4000,Create Goods Movement (from Delivery),2021-01-10T07:24:46+00:00,0087000992;0100992000,0.0,ST,0.0,EUR,P-100, , 
e4165,Create Invoice (from Order),2021-01-10T07:24:47+00:00,0005004851;0090040987,1.0,ST,2705.99,EUR, , ,L
e4166,Create Invoice (from Order),2021-01-10T07:24:47+00:00,0005004851;0090040987,0.0,ST,0.0,EUR, , ,L
e4167,Create Invoice (from Delivery),2021-01-10T07:24:47+00:00,0087000992;0090040987,1.0,ST,2705.99,EUR, , ,L
e4168,Create Invoice (from Delivery),2021-01-10T07:24:47+00:00,0087000992;0090040987,0.0,ST,0.0,EUR, , ,L
e4169,Create Invoice (from Order),2021-01-10T07:25:12+00:00,0005004852;0090040988,1.0,ST,2679.2,EUR, , ,L
e4170,Create Invoice (from Order),2021-01-10T07:25:12+00:00,0005004852;0090040988,0.0,ST,0.0,EUR, , ,L
e4171,Create Invoice (from Delivery),2021-01-10T07:25:12+00:00,0087000993;0090040988,1.0,ST,2679.2,EUR, , ,L
e4172,Create Invoice (from Delivery),2021-01-10T07:25:12+00:00,0087000993;0090040988,0.0,ST,0.0,EUR, , ,L
e4371,Create Goods Movement (from Order),2021-01-10T07:25:12+00:00,0005004852;4900000393,1.0,ST,632.54,EUR,P-101,601, 
e4372,Create Goods Movement (from Order),2021-01-10T07:25:12+00:00,0005004852;0100993000,0.0,ST,0.0,EUR,P-100, , 
e4373,Create Goods Movement (from Delivery),2021-01-10T07:25:12+00:00,0087000993;4900000393,1.0,ST,632.54,EUR,P-101,601, 
e4374,Create Goods Movement (from Delivery),2021-01-10T07:25:12+00:00,0087000993;0100993000,0.0,ST,0.0,EUR,P-100, , 
e4471,Create Goods Movement (from Order),2021-01-10T07:25:37+00:00,0005004853;4900000394,1.0,ST,632.54,EUR,P-101,601, 
e4472,Create Goods Movement (from Order),2021-01-10T07:25:37+00:00,0005004853;0100994000,0.0,ST,0.0,EUR,P-100, , 
e4473,Create Goods Movement (from Delivery),2021-01-10T07:25:37+00:00,0087000994;4900000394,1.0,ST,632.54,EUR,P-101,601, 
e4474,Create Goods Movement (from Delivery),2021-01-10T07:25:37+00:00,0087000994;0100994000,0.0,ST,0.0,EUR,P-100, , 
e4173,Create Invoice (from Order),2021-01-10T07:25:38+00:00,0005004853;0090040989,1.0,ST,2679.2,EUR, , ,L
e4174,Create Invoice (from Order),2021-01-10T07:25:38+00:00,0005004853;0090040989,0.0,ST,0.0,EUR, , ,L
e4175,Create Invoice (from Delivery),2021-01-10T07:25:38+00:00,0087000994;0090040989,1.0,ST,2679.2,EUR, , ,L
e4176,Create Invoice (from Delivery),2021-01-10T07:25:38+00:00,0087000994;0090040989,0.0,ST,0.0,EUR, , ,L
e4177,Create Invoice (from Order),2021-01-10T07:26:14+00:00,0005004854;0090040990,2.0,ST,5358.4,EUR, , ,L
e4178,Create Invoice (from Order),2021-01-10T07:26:14+00:00,0005004854;0090040990,0.0,ST,0.0,EUR, , ,L
e4179,Create Invoice (from Delivery),2021-01-10T07:26:14+00:00,0087000995;0090040990,2.0,ST,5358.4,EUR, , ,L
e4180,Create Invoice (from Delivery),2021-01-10T07:26:14+00:00,0087000995;0090040990,0.0,ST,0.0,EUR, , ,L
e4375,Create Goods Movement (from Order),2021-01-10T07:26:14+00:00,0005004854;4900000395,2.0,ST,1265.08,EUR,P-101,601, 
e4376,Create Goods Movement (from Order),2021-01-10T07:26:14+00:00,0005004854;0100995000,0.0,ST,0.0,EUR,P-100, , 
e4377,Create Goods Movement (from Delivery),2021-01-10T07:26:14+00:00,0087000995;4900000395,2.0,ST,1265.08,EUR,P-101,601, 
e4378,Create Goods Movement (from Delivery),2021-01-10T07:26:14+00:00,0087000995;0100995000,0.0,ST,0.0,EUR,P-100, , 
e4788,Create Goods Movement (from Order),2021-01-10T07:27:01+00:00,0005004855;4900000396,2.0,ST,1265.08,EUR,P-101,601, 
e4789,Create Goods Movement (from Order),2021-01-10T07:27:01+00:00,0005004855;0100996000,0.0,ST,0.0,EUR,P-100, , 
e4790,Create Goods Movement (from Delivery),2021-01-10T07:27:01+00:00,0087000996;4900000396,2.0,ST,1265.08,EUR,P-101,601, 
e4791,Create Goods Movement (from Delivery),2021-01-10T07:27:01+00:00,0087000996;0100996000,0.0,ST,0.0,EUR,P-100, , 
e4181,Create Invoice (from Order),2021-01-10T07:27:02+00:00,0005004855;0090040991,2.0,ST,5411.98,EUR, , ,L
e4182,Create Invoice (from Order),2021-01-10T07:27:02+00:00,0005004855;0090040991,0.0,ST,0.0,EUR, , ,L
e4183,Create Invoice (from Delivery),2021-01-10T07:27:02+00:00,0087000996;0090040991,2.0,ST,5411.98,EUR, , ,L
e4184,Create Invoice (from Delivery),2021-01-10T07:27:02+00:00,0087000996;0090040991,0.0,ST,0.0,EUR, , ,L
e4792,Create Goods Movement (from Order),2021-01-10T07:27:38+00:00,0005004856;4900000397,2.0,ST,1265.08,EUR,P-101,601, 
e4793,Create Goods Movement (from Order),2021-01-10T07:27:38+00:00,0005004856;0100997000,0.0,ST,0.0,EUR,P-100, , 
e4794,Create Goods Movement (from Delivery),2021-01-10T07:27:38+00:00,0087000997;4900000397,2.0,ST,1265.08,EUR,P-101,601, 
e4795,Create Goods Movement (from Delivery),2021-01-10T07:27:38+00:00,0087000997;0100997000,0.0,ST,0.0,EUR,P-100, , 
e4185,Create Invoice (from Order),2021-01-10T07:27:39+00:00,0005004856;0090040992,2.0,ST,5358.4,EUR, , ,L
e4186,Create Invoice (from Order),2021-01-10T07:27:39+00:00,0005004856;0090040992,0.0,ST,0.0,EUR, , ,L
e4187,Create Invoice (from Delivery),2021-01-10T07:27:39+00:00,0087000997;0090040992,2.0,ST,5358.4,EUR, , ,L
e4188,Create Invoice (from Delivery),2021-01-10T07:27:39+00:00,0087000997;0090040992,0.0,ST,0.0,EUR, , ,L
e4475,Create Goods Movement (from Order),2021-01-10T07:28:36+00:00,0005004857;4900000398,1.0,ST,632.54,EUR,P-101,601, 
e4476,Create Goods Movement (from Order),2021-01-10T07:28:36+00:00,0005004857;0100998000,0.0,ST,0.0,EUR,P-100, , 
e4477,Create Goods Movement (from Delivery),2021-01-10T07:28:36+00:00,0087000998;4900000398,1.0,ST,632.54,EUR,P-101,601, 
e4478,Create Goods Movement (from Delivery),2021-01-10T07:28:36+00:00,0087000998;0100998000,0.0,ST,0.0,EUR,P-100, , 
e4508,Create Invoice (from Order),2021-01-10T07:28:37+00:00,0005004857;0090040993,1.0,ST,2705.99,EUR, , ,L
e4509,Create Invoice (from Order),2021-01-10T07:28:37+00:00,0005004857;0090040993,0.0,ST,0.0,EUR, , ,L
e4510,Create Invoice (from Delivery),2021-01-10T07:28:37+00:00,0087000998;0090040993,1.0,ST,2705.99,EUR, , ,L
e4511,Create Invoice (from Delivery),2021-01-10T07:28:37+00:00,0087000998;0090040993,0.0,ST,0.0,EUR, , ,L
e4001,Create Goods Movement (from Order),2021-01-10T07:29:02+00:00,0005004858;4900000399,1.0,ST,632.54,EUR,P-101,601, 
e4002,Create Goods Movement (from Order),2021-01-10T07:29:02+00:00,0005004858;0100999000,0.0,ST,0.0,EUR,P-100, , 
e4003,Create Goods Movement (from Delivery),2021-01-10T07:29:02+00:00,0087000999;4900000399,1.0,ST,632.54,EUR,P-101,601, 
e4004,Create Goods Movement (from Delivery),2021-01-10T07:29:02+00:00,0087000999;0100999000,0.0,ST,0.0,EUR,P-100, , 
e4512,Create Invoice (from Order),2021-01-10T07:29:02+00:00,0005004858;0090040994,1.0,ST,2679.2,EUR, , ,L
e4513,Create Invoice (from Order),2021-01-10T07:29:02+00:00,0005004858;0090040994,0.0,ST,0.0,EUR, , ,L
e4514,Create Invoice (from Delivery),2021-01-10T07:29:02+00:00,0087000999;0090040994,1.0,ST,2679.2,EUR, , ,L
e4515,Create Invoice (from Delivery),2021-01-10T07:29:02+00:00,0087000999;0090040994,0.0,ST,0.0,EUR, , ,L
e4005,Create Goods Movement (from Order),2021-01-10T07:29:38+00:00,0005004859;4900000400,1.0,ST,632.54,EUR,P-101,601, 
e4006,Create Goods Movement (from Order),2021-01-10T07:29:38+00:00,0005004859;0101000000,0.0,ST,0.0,EUR,P-100, , 
e4007,Create Goods Movement (from Delivery),2021-01-10T07:29:38+00:00,0087001000;4900000400,1.0,ST,632.54,EUR,P-101,601, 
e4008,Create Goods Movement (from Delivery),2021-01-10T07:29:38+00:00,0087001000;0101000000,0.0,ST,0.0,EUR,P-100, , 
e4516,Create Invoice (from Order),2021-01-10T07:29:39+00:00,0005004859;0090040995,1.0,ST,2679.2,EUR, , ,L
e4517,Create Invoice (from Order),2021-01-10T07:29:39+00:00,0005004859;0090040995,0.0,ST,0.0,EUR, , ,L
e4518,Create Invoice (from Delivery),2021-01-10T07:29:39+00:00,0087001000;0090040995,1.0,ST,2679.2,EUR, , ,L
e4519,Create Invoice (from Delivery),2021-01-10T07:29:39+00:00,0087001000;0090040995,0.0,ST,0.0,EUR, , ,L
e4796,Create Goods Movement (from Order),2021-01-10T07:30:14+00:00,0005004860;4900000401,2.0,ST,1265.08,EUR,P-101,601, 
e4797,Create Goods Movement (from Order),2021-01-10T07:30:14+00:00,0005004860;0101001000,0.0,ST,0.0,EUR,P-100, , 
e4798,Create Goods Movement (from Delivery),2021-01-10T07:30:14+00:00,0087001001;4900000401,2.0,ST,1265.08,EUR,P-101,601, 
e4799,Create Goods Movement (from Delivery),2021-01-10T07:30:14+00:00,0087001001;0101001000,0.0,ST,0.0,EUR,P-100, , 
e4520,Create Invoice (from Order),2021-01-10T07:30:15+00:00,0005004860;0090040996,2.0,ST,5358.4,EUR, , ,L
e4521,Create Invoice (from Order),2021-01-10T07:30:15+00:00,0005004860;0090040996,0.0,ST,0.0,EUR, , ,L
e4522,Create Invoice (from Delivery),2021-01-10T07:30:15+00:00,0087001001;0090040996,2.0,ST,5358.4,EUR, , ,L
e4523,Create Invoice (from Delivery),2021-01-10T07:30:15+00:00,0087001001;0090040996,0.0,ST,0.0,EUR, , ,L
e4479,Create Goods Movement (from Order),2021-01-10T07:30:40+00:00,0005004861;4900000402,1.0,ST,632.54,EUR,P-101,601, 
e4480,Create Goods Movement (from Order),2021-01-10T07:30:40+00:00,0005004861;0101002000,0.0,ST,0.0,EUR,P-100, , 
e4481,Create Goods Movement (from Delivery),2021-01-10T07:30:40+00:00,0087001002;4900000402,1.0,ST,632.54,EUR,P-101,601, 
e4482,Create Goods Movement (from Delivery),2021-01-10T07:30:40+00:00,0087001002;0101002000,0.0,ST,0.0,EUR,P-100, , 
e4555,Create Invoice (from Order),2021-01-10T07:30:40+00:00,0005004861;0090040997,1.0,ST,2679.2,EUR, , ,L
e4556,Create Invoice (from Order),2021-01-10T07:30:40+00:00,0005004861;0090040997,0.0,ST,0.0,EUR, , ,L
e4557,Create Invoice (from Delivery),2021-01-10T07:30:40+00:00,0087001002;0090040997,1.0,ST,2679.2,EUR, , ,L
e4558,Create Invoice (from Delivery),2021-01-10T07:30:40+00:00,0087001002;0090040997,0.0,ST,0.0,EUR, , ,L
e4379,Create Goods Movement (from Order),2021-01-10T07:31:59+00:00,0005004862;4900000403,1.0,ST,632.54,EUR,P-101,601, 
e4380,Create Goods Movement (from Order),2021-01-10T07:31:59+00:00,0005004862;0101003000,0.0,ST,0.0,EUR,P-100, , 
e4381,Create Goods Movement (from Delivery),2021-01-10T07:31:59+00:00,0087001003;4900000403,1.0,ST,632.54,EUR,P-101,601, 
e4382,Create Goods Movement (from Delivery),2021-01-10T07:31:59+00:00,0087001003;0101003000,0.0,ST,0.0,EUR,P-100, , 
e4189,Create Invoice (from Order),2021-01-10T07:32:00+00:00,0005004862;0090040998,1.0,ST,2705.99,EUR, , ,L
e4190,Create Invoice (from Order),2021-01-10T07:32:00+00:00,0005004862;0090040998,0.0,ST,0.0,EUR, , ,L
e4191,Create Invoice (from Delivery),2021-01-10T07:32:00+00:00,0087001003;0090040998,1.0,ST,2705.99,EUR, , ,L
e4192,Create Invoice (from Delivery),2021-01-10T07:32:00+00:00,0087001003;0090040998,0.0,ST,0.0,EUR, , ,L
e4800,Create Goods Movement (from Order),2021-01-10T07:32:44+00:00,0005004863;4900000404,1.0,ST,632.54,EUR,P-101,601, 
e4801,Create Goods Movement (from Order),2021-01-10T07:32:44+00:00,0005004863;0101004000,0.0,ST,0.0,EUR,P-100, , 
e4802,Create Goods Movement (from Delivery),2021-01-10T07:32:44+00:00,0087001004;4900000404,1.0,ST,632.54,EUR,P-101,601, 
e4803,Create Goods Movement (from Delivery),2021-01-10T07:32:44+00:00,0087001004;0101004000,0.0,ST,0.0,EUR,P-100, , 
e4193,Create Invoice (from Order),2021-01-10T07:32:45+00:00,0005004863;0090040999,1.0,ST,2679.2,EUR, , ,L
e4194,Create Invoice (from Order),2021-01-10T07:32:45+00:00,0005004863;0090040999,0.0,ST,0.0,EUR, , ,L
e4195,Create Invoice (from Delivery),2021-01-10T07:32:45+00:00,0087001004;0090040999,1.0,ST,2679.2,EUR, , ,L
e4196,Create Invoice (from Delivery),2021-01-10T07:32:45+00:00,0087001004;0090040999,0.0,ST,0.0,EUR, , ,L
e4009,Create Goods Movement (from Order),2021-01-10T07:33:09+00:00,0005004864;4900000405,1.0,ST,632.54,EUR,P-101,601, 
e4010,Create Goods Movement (from Order),2021-01-10T07:33:09+00:00,0005004864;0101005000,0.0,ST,0.0,EUR,P-100, , 
e4011,Create Goods Movement (from Delivery),2021-01-10T07:33:09+00:00,0087001005;4900000405,1.0,ST,632.54,EUR,P-101,601, 
e4012,Create Goods Movement (from Delivery),2021-01-10T07:33:09+00:00,0087001005;0101005000,0.0,ST,0.0,EUR,P-100, , 
e4197,Create Invoice (from Order),2021-01-10T07:33:10+00:00,0005004864;0090041000,1.0,ST,2679.2,EUR, , ,L
e4198,Create Invoice (from Order),2021-01-10T07:33:10+00:00,0005004864;0090041000,0.0,ST,0.0,EUR, , ,L
e4199,Create Invoice (from Delivery),2021-01-10T07:33:10+00:00,0087001005;0090041000,1.0,ST,2679.2,EUR, , ,L
e4200,Create Invoice (from Delivery),2021-01-10T07:33:10+00:00,0087001005;0090041000,0.0,ST,0.0,EUR, , ,L
e4483,Create Goods Movement (from Order),2021-01-10T07:33:45+00:00,0005004865;4900000406,2.0,ST,1265.08,EUR,P-101,601, 
e4484,Create Goods Movement (from Order),2021-01-10T07:33:45+00:00,0005004865;0101006000,0.0,ST,0.0,EUR,P-100, , 
e4485,Create Goods Movement (from Delivery),2021-01-10T07:33:45+00:00,0087001006;4900000406,2.0,ST,1265.08,EUR,P-101,601, 
e4486,Create Goods Movement (from Delivery),2021-01-10T07:33:45+00:00,0087001006;0101006000,0.0,ST,0.0,EUR,P-100, , 
e4201,Create Invoice (from Order),2021-01-10T07:33:46+00:00,0005004865;0090041001,2.0,ST,5358.4,EUR, , ,L
e4202,Create Invoice (from Order),2021-01-10T07:33:46+00:00,0005004865;0090041001,0.0,ST,0.0,EUR, , ,L
e4203,Create Invoice (from Delivery),2021-01-10T07:33:46+00:00,0087001006;0090041001,2.0,ST,5358.4,EUR, , ,L
e4204,Create Invoice (from Delivery),2021-01-10T07:33:46+00:00,0087001006;0090041001,0.0,ST,0.0,EUR, , ,L
e4487,Create Goods Movement (from Order),2021-01-10T07:34:22+00:00,0005004866;4900000407,2.0,ST,1265.08,EUR,P-101,601, 
e4488,Create Goods Movement (from Order),2021-01-10T07:34:22+00:00,0005004866;0101007000,0.0,ST,0.0,EUR,P-100, , 
e4489,Create Goods Movement (from Delivery),2021-01-10T07:34:22+00:00,0087001007;4900000407,2.0,ST,1265.08,EUR,P-101,601, 
e4490,Create Goods Movement (from Delivery),2021-01-10T07:34:22+00:00,0087001007;0101007000,0.0,ST,0.0,EUR,P-100, , 
e4205,Create Invoice (from Order),2021-01-10T07:34:23+00:00,0005004866;0090041002,2.0,ST,5358.4,EUR, , ,L
e4206,Create Invoice (from Order),2021-01-10T07:34:23+00:00,0005004866;0090041002,0.0,ST,0.0,EUR, , ,L
e4207,Create Invoice (from Delivery),2021-01-10T07:34:23+00:00,0087001007;0090041002,2.0,ST,5358.4,EUR, , ,L
e4208,Create Invoice (from Delivery),2021-01-10T07:34:23+00:00,0087001007;0090041002,0.0,ST,0.0,EUR, , ,L
e4013,Create Goods Movement (from Order),2021-01-10T07:35:01+00:00,0005004867;4900000408,1.0,ST,632.54,EUR,P-101,601, 
e4014,Create Goods Movement (from Order),2021-01-10T07:35:01+00:00,0005004867;0101008000,0.0,ST,0.0,EUR,P-100, , 
e4015,Create Goods Movement (from Delivery),2021-01-10T07:35:01+00:00,0087001008;4900000408,1.0,ST,632.54,EUR,P-101,601, 
e4016,Create Goods Movement (from Delivery),2021-01-10T07:35:01+00:00,0087001008;0101008000,0.0,ST,0.0,EUR,P-100, , 
e4209,Create Invoice (from Order),2021-01-10T07:35:02+00:00,0005004867;0090041003,1.0,ST,2705.99,EUR, , ,L
e4210,Create Invoice (from Order),2021-01-10T07:35:02+00:00,0005004867;0090041003,0.0,ST,0.0,EUR, , ,L
e4211,Create Invoice (from Delivery),2021-01-10T07:35:02+00:00,0087001008;0090041003,1.0,ST,2705.99,EUR, , ,L
e4212,Create Invoice (from Delivery),2021-01-10T07:35:02+00:00,0087001008;0090041003,0.0,ST,0.0,EUR, , ,L
e4017,Create Goods Movement (from Order),2021-01-10T07:35:27+00:00,0005004868;4900000409,1.0,ST,632.54,EUR,P-101,601, 
e4018,Create Goods Movement (from Order),2021-01-10T07:35:27+00:00,0005004868;0101009000,0.0,ST,0.0,EUR,P-100, , 
e4019,Create Goods Movement (from Delivery),2021-01-10T07:35:27+00:00,0087001009;4900000409,1.0,ST,632.54,EUR,P-101,601, 
e4020,Create Goods Movement (from Delivery),2021-01-10T07:35:27+00:00,0087001009;0101009000,0.0,ST,0.0,EUR,P-100, , 
e4213,Create Invoice (from Order),2021-01-10T07:35:28+00:00,0005004868;0090041004,1.0,ST,2679.2,EUR, , ,L
e4214,Create Invoice (from Order),2021-01-10T07:35:28+00:00,0005004868;0090041004,0.0,ST,0.0,EUR, , ,L
e4215,Create Invoice (from Delivery),2021-01-10T07:35:28+00:00,0087001009;0090041004,1.0,ST,2679.2,EUR, , ,L
e4216,Create Invoice (from Delivery),2021-01-10T07:35:28+00:00,0087001009;0090041004,0.0,ST,0.0,EUR, , ,L
e3882,Create Goods Movement (from Order),2021-01-10T07:36:25+00:00,0005004869;4900000410,1.0,ST,632.54,EUR,P-101,601, 
e3883,Create Goods Movement (from Order),2021-01-10T07:36:25+00:00,0005004869;0101010000,0.0,ST,0.0,EUR,P-100, , 
e3884,Create Goods Movement (from Delivery),2021-01-10T07:36:25+00:00,0087001010;4900000410,1.0,ST,632.54,EUR,P-101,601, 
e3885,Create Goods Movement (from Delivery),2021-01-10T07:36:25+00:00,0087001010;0101010000,0.0,ST,0.0,EUR,P-100, , 
e4559,Create Invoice (from Order),2021-01-10T07:36:26+00:00,0005004869;0090041005,1.0,ST,2705.99,EUR, , ,L
e4560,Create Invoice (from Order),2021-01-10T07:36:26+00:00,0005004869;0090041005,0.0,ST,0.0,EUR, , ,L
e4561,Create Invoice (from Delivery),2021-01-10T07:36:26+00:00,0087001010;0090041005,1.0,ST,2705.99,EUR, , ,L
e4562,Create Invoice (from Delivery),2021-01-10T07:36:26+00:00,0087001010;0090041005,0.0,ST,0.0,EUR, , ,L
e4804,Create Goods Movement (from Order),2021-01-10T07:37:12+00:00,0005004870;4900000411,1.0,ST,632.54,EUR,P-101,601, 
e4805,Create Goods Movement (from Order),2021-01-10T07:37:12+00:00,0005004870;0101011000,0.0,ST,0.0,EUR,P-100, , 
e4806,Create Goods Movement (from Delivery),2021-01-10T07:37:12+00:00,0087001011;4900000411,1.0,ST,632.54,EUR,P-101,601, 
e4807,Create Goods Movement (from Delivery),2021-01-10T07:37:12+00:00,0087001011;0101011000,0.0,ST,0.0,EUR,P-100, , 
e4563,Create Invoice (from Order),2021-01-10T07:37:13+00:00,0005004870;0090041006,1.0,ST,2679.2,EUR, , ,L
e4564,Create Invoice (from Order),2021-01-10T07:37:13+00:00,0005004870;0090041006,0.0,ST,0.0,EUR, , ,L
e4565,Create Invoice (from Delivery),2021-01-10T07:37:13+00:00,0087001011;0090041006,1.0,ST,2679.2,EUR, , ,L
e4566,Create Invoice (from Delivery),2021-01-10T07:37:13+00:00,0087001011;0090041006,0.0,ST,0.0,EUR, , ,L
e4056,Create Goods Movement (from Order),2021-01-10T07:37:56+00:00,0005004871;4900000412,2.0,ST,1265.08,EUR,P-101,601, 
e4057,Create Goods Movement (from Order),2021-01-10T07:37:56+00:00,0005004871;0101012000,0.0,ST,0.0,EUR,P-100, , 
e4058,Create Goods Movement (from Delivery),2021-01-10T07:37:56+00:00,0087001012;4900000412,2.0,ST,1265.08,EUR,P-101,601, 
e4059,Create Goods Movement (from Delivery),2021-01-10T07:37:56+00:00,0087001012;0101012000,0.0,ST,0.0,EUR,P-100, , 
e4217,Create Invoice (from Order),2021-01-10T07:37:57+00:00,0005004871;0090041007,2.0,ST,5358.4,EUR, , ,L
e4218,Create Invoice (from Order),2021-01-10T07:37:57+00:00,0005004871;0090041007,0.0,ST,0.0,EUR, , ,L
e4219,Create Invoice (from Delivery),2021-01-10T07:37:57+00:00,0087001012;0090041007,2.0,ST,5358.4,EUR, , ,L
e4220,Create Invoice (from Delivery),2021-01-10T07:37:57+00:00,0087001012;0090041007,0.0,ST,0.0,EUR, , ,L
e4491,Create Goods Movement (from Order),2021-01-10T07:38:33+00:00,0005004872;4900000413,1.0,ST,632.54,EUR,P-101,601, 
e4524,Create Goods Movement (from Order),2021-01-10T07:38:33+00:00,0005004872;0101013000,0.0,ST,0.0,EUR,P-100, , 
e4525,Create Goods Movement (from Delivery),2021-01-10T07:38:33+00:00,0087001013;4900000413,1.0,ST,632.54,EUR,P-101,601, 
e4526,Create Goods Movement (from Delivery),2021-01-10T07:38:33+00:00,0087001013;0101013000,0.0,ST,0.0,EUR,P-100, , 
e4221,Create Invoice (from Order),2021-01-10T07:38:34+00:00,0005004872;0090041008,1.0,ST,2679.2,EUR, , ,L
e4222,Create Invoice (from Order),2021-01-10T07:38:34+00:00,0005004872;0090041008,0.0,ST,0.0,EUR, , ,L
e4223,Create Invoice (from Delivery),2021-01-10T07:38:34+00:00,0087001013;0090041008,1.0,ST,2679.2,EUR, , ,L
e4224,Create Invoice (from Delivery),2021-01-10T07:38:34+00:00,0087001013;0090041008,0.0,ST,0.0,EUR, , ,L
e4808,Create Goods Movement (from Order),2021-01-10T07:38:59+00:00,0005004873;4900000414,1.0,ST,632.54,EUR,P-101,601, 
e4809,Create Goods Movement (from Order),2021-01-10T07:38:59+00:00,0005004873;0101014000,0.0,ST,0.0,EUR,P-100, , 
e4810,Create Goods Movement (from Delivery),2021-01-10T07:38:59+00:00,0087001014;4900000414,1.0,ST,632.54,EUR,P-101,601, 
e4811,Create Goods Movement (from Delivery),2021-01-10T07:38:59+00:00,0087001014;0101014000,0.0,ST,0.0,EUR,P-100, , 
e4225,Create Invoice (from Order),2021-01-10T07:39:00+00:00,0005004873;0090041009,1.0,ST,2679.2,EUR, , ,L
e4226,Create Invoice (from Order),2021-01-10T07:39:00+00:00,0005004873;0090041009,0.0,ST,0.0,EUR, , ,L
e4227,Create Invoice (from Delivery),2021-01-10T07:39:00+00:00,0087001014;0090041009,1.0,ST,2679.2,EUR, , ,L
e4228,Create Invoice (from Delivery),2021-01-10T07:39:00+00:00,0087001014;0090041009,0.0,ST,0.0,EUR, , ,L
e4327,Create Goods Movement (from Order),2021-01-10T07:39:47+00:00,0005004874;4900000415,1.0,ST,632.54,EUR,P-101,601, 
e4328,Create Goods Movement (from Order),2021-01-10T07:39:47+00:00,0005004874;0101015000,0.0,ST,0.0,EUR,P-100, , 
e4329,Create Goods Movement (from Delivery),2021-01-10T07:39:47+00:00,0087001015;4900000415,1.0,ST,632.54,EUR,P-101,601, 
e4330,Create Goods Movement (from Delivery),2021-01-10T07:39:47+00:00,0087001015;0101015000,0.0,ST,0.0,EUR,P-100, , 
e4229,Create Invoice (from Order),2021-01-10T07:39:48+00:00,0005004874;0090041010,1.0,ST,2679.2,EUR, , ,L
e4230,Create Invoice (from Order),2021-01-10T07:39:48+00:00,0005004874;0090041010,0.0,ST,0.0,EUR, , ,L
e4231,Create Invoice (from Delivery),2021-01-10T07:39:48+00:00,0087001015;0090041010,1.0,ST,2679.2,EUR, , ,L
e4232,Create Invoice (from Delivery),2021-01-10T07:39:48+00:00,0087001015;0090041010,0.0,ST,0.0,EUR, , ,L
e4331,Create Goods Movement (from Order),2021-01-10T07:40:45+00:00,0005004875;4900000416,1.0,ST,632.54,EUR,P-101,601, 
e4332,Create Goods Movement (from Order),2021-01-10T07:40:45+00:00,0005004875;0101016000,0.0,ST,0.0,EUR,P-100, , 
e4333,Create Goods Movement (from Delivery),2021-01-10T07:40:45+00:00,0087001016;4900000416,1.0,ST,632.54,EUR,P-101,601, 
e4334,Create Goods Movement (from Delivery),2021-01-10T07:40:45+00:00,0087001016;0101016000,0.0,ST,0.0,EUR,P-100, , 
e4567,Create Invoice (from Order),2021-01-10T07:40:46+00:00,0005004875;0090041011,1.0,ST,2705.99,EUR, , ,L
e4568,Create Invoice (from Order),2021-01-10T07:40:46+00:00,0005004875;0090041011,0.0,ST,0.0,EUR, , ,L
e4569,Create Invoice (from Delivery),2021-01-10T07:40:46+00:00,0087001016;0090041011,1.0,ST,2705.99,EUR, , ,L
e4570,Create Invoice (from Delivery),2021-01-10T07:40:46+00:00,0087001016;0090041011,0.0,ST,0.0,EUR, , ,L
e4335,Create Goods Movement (from Order),2021-01-10T07:41:11+00:00,0005004876;4900000417,1.0,ST,632.54,EUR,P-101,601, 
e4336,Create Goods Movement (from Order),2021-01-10T07:41:11+00:00,0005004876;0101017000,0.0,ST,0.0,EUR,P-100, , 
e4337,Create Goods Movement (from Delivery),2021-01-10T07:41:11+00:00,0087001017;4900000417,1.0,ST,632.54,EUR,P-101,601, 
e4338,Create Goods Movement (from Delivery),2021-01-10T07:41:11+00:00,0087001017;0101017000,0.0,ST,0.0,EUR,P-100, , 
e4571,Create Invoice (from Order),2021-01-10T07:41:12+00:00,0005004876;0090041012,1.0,ST,2679.2,EUR, , ,L
e4572,Create Invoice (from Order),2021-01-10T07:41:12+00:00,0005004876;0090041012,0.0,ST,0.0,EUR, , ,L
e4573,Create Invoice (from Delivery),2021-01-10T07:41:12+00:00,0087001017;0090041012,1.0,ST,2679.2,EUR, , ,L
e4574,Create Invoice (from Delivery),2021-01-10T07:41:12+00:00,0087001017;0090041012,0.0,ST,0.0,EUR, , ,L
e3941,Create Goods Movement (from Order),2021-01-10T07:41:47+00:00,0005004877;4900000418,1.0,ST,632.54,EUR,P-101,601, 
e3942,Create Goods Movement (from Order),2021-01-10T07:41:47+00:00,0005004877;0101018000,0.0,ST,0.0,EUR,P-100, , 
e3943,Create Goods Movement (from Delivery),2021-01-10T07:41:47+00:00,0087001018;4900000418,1.0,ST,632.54,EUR,P-101,601, 
e3944,Create Goods Movement (from Delivery),2021-01-10T07:41:47+00:00,0087001018;0101018000,0.0,ST,0.0,EUR,P-100, , 
e4575,Create Invoice (from Order),2021-01-10T07:41:48+00:00,0005004877;0090041013,1.0,ST,2679.2,EUR, , ,L
e4576,Create Invoice (from Order),2021-01-10T07:41:48+00:00,0005004877;0090041013,0.0,ST,0.0,EUR, , ,L
e4577,Create Invoice (from Delivery),2021-01-10T07:41:48+00:00,0087001018;0090041013,1.0,ST,2679.2,EUR, , ,L
e4578,Create Invoice (from Delivery),2021-01-10T07:41:48+00:00,0087001018;0090041013,0.0,ST,0.0,EUR, , ,L
e4060,Create Goods Movement (from Order),2021-01-10T07:42:14+00:00,0005004878;4900000419,1.0,ST,632.54,EUR,P-101,601, 
e4061,Create Goods Movement (from Order),2021-01-10T07:42:14+00:00,0005004878;0101019000,0.0,ST,0.0,EUR,P-100, , 
e4062,Create Goods Movement (from Delivery),2021-01-10T07:42:14+00:00,0087001019;4900000419,1.0,ST,632.54,EUR,P-101,601, 
e4063,Create Goods Movement (from Delivery),2021-01-10T07:42:14+00:00,0087001019;0101019000,0.0,ST,0.0,EUR,P-100, , 
e4579,Create Invoice (from Order),2021-01-10T07:42:14+00:00,0005004878;0090041014,1.0,ST,2679.2,EUR, , ,L
e4580,Create Invoice (from Order),2021-01-10T07:42:14+00:00,0005004878;0090041014,0.0,ST,0.0,EUR, , ,L
e4581,Create Invoice (from Delivery),2021-01-10T07:42:14+00:00,0087001019;0090041014,1.0,ST,2679.2,EUR, , ,L
e4582,Create Invoice (from Delivery),2021-01-10T07:42:14+00:00,0087001019;0090041014,0.0,ST,0.0,EUR, , ,L
e4064,Create Goods Movement (from Order),2021-01-10T07:42:45+00:00,0005004879;4900000420,1.0,ST,632.54,EUR,P-101,601, 
e4065,Create Goods Movement (from Order),2021-01-10T07:42:45+00:00,0005004879;0101020000,0.0,ST,0.0,EUR,P-100, , 
e4066,Create Goods Movement (from Delivery),2021-01-10T07:42:45+00:00,0087001020;4900000420,1.0,ST,632.54,EUR,P-101,601, 
e4067,Create Goods Movement (from Delivery),2021-01-10T07:42:45+00:00,0087001020;0101020000,0.0,ST,0.0,EUR,P-100, , 
e4583,Create Invoice (from Order),2021-01-10T07:42:46+00:00,0005004879;0090041015,1.0,ST,2679.2,EUR, , ,L
e4584,Create Invoice (from Order),2021-01-10T07:42:46+00:00,0005004879;0090041015,0.0,ST,0.0,EUR, , ,L
e4616,Create Invoice (from Delivery),2021-01-10T07:42:46+00:00,0087001020;0090041015,1.0,ST,2679.2,EUR, , ,L
e4617,Create Invoice (from Delivery),2021-01-10T07:42:46+00:00,0087001020;0090041015,0.0,ST,0.0,EUR, , ,L
e4021,Create Goods Movement (from Order),2021-01-10T07:43:11+00:00,0005004880;4900000421,1.0,ST,632.54,EUR,P-101,601, 
e4022,Create Goods Movement (from Order),2021-01-10T07:43:11+00:00,0005004880;0101021000,0.0,ST,0.0,EUR,P-100, , 
e4023,Create Goods Movement (from Delivery),2021-01-10T07:43:11+00:00,0087001021;4900000421,1.0,ST,632.54,EUR,P-101,601, 
e4024,Create Goods Movement (from Delivery),2021-01-10T07:43:11+00:00,0087001021;0101021000,0.0,ST,0.0,EUR,P-100, , 
e3774,Create Invoice (from Order),2021-01-10T07:43:12+00:00,0005004880;0090041016,1.0,ST,2679.2,EUR, , ,L
e3775,Create Invoice (from Order),2021-01-10T07:43:12+00:00,0005004880;0090041016,0.0,ST,0.0,EUR, , ,L
e3776,Create Invoice (from Delivery),2021-01-10T07:43:12+00:00,0087001021;0090041016,1.0,ST,2679.2,EUR, , ,L
e3777,Create Invoice (from Delivery),2021-01-10T07:43:12+00:00,0087001021;0090041016,0.0,ST,0.0,EUR, , ,L
e3886,Create Goods Movement (from Order),2021-01-10T07:43:37+00:00,0005004881;4900000422,1.0,ST,632.54,EUR,P-101,601, 
e3887,Create Goods Movement (from Order),2021-01-10T07:43:37+00:00,0005004881;0101022000,0.0,ST,0.0,EUR,P-100, , 
e3888,Create Goods Movement (from Delivery),2021-01-10T07:43:37+00:00,0087001022;4900000422,1.0,ST,632.54,EUR,P-101,601, 
e3889,Create Goods Movement (from Delivery),2021-01-10T07:43:37+00:00,0087001022;0101022000,0.0,ST,0.0,EUR,P-100, , 
e3778,Create Invoice (from Order),2021-01-10T07:43:38+00:00,0005004881;0090041017,1.0,ST,2679.2,EUR, , ,L
e3779,Create Invoice (from Order),2021-01-10T07:43:38+00:00,0005004881;0090041017,0.0,ST,0.0,EUR, , ,L
e3780,Create Invoice (from Delivery),2021-01-10T07:43:38+00:00,0087001022;0090041017,1.0,ST,2679.2,EUR, , ,L
e3781,Create Invoice (from Delivery),2021-01-10T07:43:38+00:00,0087001022;0090041017,0.0,ST,0.0,EUR, , ,L
e4383,Create Goods Movement (from Order),2021-01-10T07:44:13+00:00,0005004882;4900000423,2.0,ST,1265.08,EUR,P-101,601, 
e4384,Create Goods Movement (from Order),2021-01-10T07:44:13+00:00,0005004882;0101023000,0.0,ST,0.0,EUR,P-100, , 
e4385,Create Goods Movement (from Delivery),2021-01-10T07:44:13+00:00,0087001023;4900000423,2.0,ST,1265.08,EUR,P-101,601, 
e4386,Create Goods Movement (from Delivery),2021-01-10T07:44:13+00:00,0087001023;0101023000,0.0,ST,0.0,EUR,P-100, , 
e3782,Create Invoice (from Order),2021-01-10T07:44:14+00:00,0005004882;0090041018,2.0,ST,5358.4,EUR, , ,L
e3783,Create Invoice (from Order),2021-01-10T07:44:14+00:00,0005004882;0090041018,0.0,ST,0.0,EUR, , ,L
e3784,Create Invoice (from Delivery),2021-01-10T07:44:14+00:00,0087001023;0090041018,2.0,ST,5358.4,EUR, , ,L
e3785,Create Invoice (from Delivery),2021-01-10T07:44:14+00:00,0087001023;0090041018,0.0,ST,0.0,EUR, , ,L
e3890,Create Goods Movement (from Order),2021-01-10T07:45:02+00:00,0005004883;4900000424,2.0,ST,1265.08,EUR,P-101,601, 
e3891,Create Goods Movement (from Order),2021-01-10T07:45:02+00:00,0005004883;0101024000,0.0,ST,0.0,EUR,P-100, , 
e3892,Create Goods Movement (from Delivery),2021-01-10T07:45:02+00:00,0087001024;4900000424,2.0,ST,1265.08,EUR,P-101,601, 
e3893,Create Goods Movement (from Delivery),2021-01-10T07:45:02+00:00,0087001024;0101024000,0.0,ST,0.0,EUR,P-100, , 
e4618,Create Invoice (from Order),2021-01-10T07:45:03+00:00,0005004883;0090041019,2.0,ST,5411.98,EUR, , ,L
e4619,Create Invoice (from Order),2021-01-10T07:45:03+00:00,0005004883;0090041019,0.0,ST,0.0,EUR, , ,L
e4620,Create Invoice (from Delivery),2021-01-10T07:45:03+00:00,0087001024;0090041019,2.0,ST,5411.98,EUR, , ,L
e4621,Create Invoice (from Delivery),2021-01-10T07:45:03+00:00,0087001024;0090041019,0.0,ST,0.0,EUR, , ,L
e4744,Create Goods Movement (from Order),2021-01-10T07:45:38+00:00,0005004884;4900000425,1.0,ST,632.54,EUR,P-101,601, 
e4745,Create Goods Movement (from Order),2021-01-10T07:45:38+00:00,0005004884;0101025000,0.0,ST,0.0,EUR,P-100, , 
e4746,Create Goods Movement (from Delivery),2021-01-10T07:45:38+00:00,0087001025;4900000425,1.0,ST,632.54,EUR,P-101,601, 
e4747,Create Goods Movement (from Delivery),2021-01-10T07:45:38+00:00,0087001025;0101025000,0.0,ST,0.0,EUR,P-100, , 
e3786,Create Invoice (from Order),2021-01-10T07:45:39+00:00,0005004884;0090041020,1.0,ST,2679.2,EUR, , ,L
e3787,Create Invoice (from Order),2021-01-10T07:45:39+00:00,0005004884;0090041020,0.0,ST,0.0,EUR, , ,L
e3788,Create Invoice (from Delivery),2021-01-10T07:45:39+00:00,0087001025;0090041020,1.0,ST,2679.2,EUR, , ,L
e3789,Create Invoice (from Delivery),2021-01-10T07:45:39+00:00,0087001025;0090041020,0.0,ST,0.0,EUR, , ,L
e3945,Create Goods Movement (from Order),2021-01-10T07:46:04+00:00,0005004885;4900000426,1.0,ST,632.54,EUR,P-101,601, 
e3946,Create Goods Movement (from Order),2021-01-10T07:46:04+00:00,0005004885;0101026000,0.0,ST,0.0,EUR,P-100, , 
e3947,Create Goods Movement (from Delivery),2021-01-10T07:46:04+00:00,0087001026;4900000426,1.0,ST,632.54,EUR,P-101,601, 
e3948,Create Goods Movement (from Delivery),2021-01-10T07:46:04+00:00,0087001026;0101026000,0.0,ST,0.0,EUR,P-100, , 
e3790,Create Invoice (from Order),2021-01-10T07:46:05+00:00,0005004885;0090041021,1.0,ST,2679.2,EUR, , ,L
e3791,Create Invoice (from Order),2021-01-10T07:46:05+00:00,0005004885;0090041021,0.0,ST,0.0,EUR, , ,L
e3792,Create Invoice (from Delivery),2021-01-10T07:46:05+00:00,0087001026;0090041021,1.0,ST,2679.2,EUR, , ,L
e3793,Create Invoice (from Delivery),2021-01-10T07:46:05+00:00,0087001026;0090041021,0.0,ST,0.0,EUR, , ,L
e4658,Create Goods Movement (from Order),2021-01-10T07:46:29+00:00,0005004886;4900000427,1.0,ST,632.54,EUR,P-101,601, 
e4659,Create Goods Movement (from Order),2021-01-10T07:46:29+00:00,0005004886;0101027000,0.0,ST,0.0,EUR,P-100, , 
e4660,Create Goods Movement (from Delivery),2021-01-10T07:46:29+00:00,0087001027;4900000427,1.0,ST,632.54,EUR,P-101,601, 
e4661,Create Goods Movement (from Delivery),2021-01-10T07:46:29+00:00,0087001027;0101027000,0.0,ST,0.0,EUR,P-100, , 
e3794,Create Invoice (from Order),2021-01-10T07:46:30+00:00,0005004886;0090041022,1.0,ST,2679.2,EUR, , ,L
e3795,Create Invoice (from Order),2021-01-10T07:46:30+00:00,0005004886;0090041022,0.0,ST,0.0,EUR, , ,L
e3796,Create Invoice (from Delivery),2021-01-10T07:46:30+00:00,0087001027;0090041022,1.0,ST,2679.2,EUR, , ,L
e3797,Create Invoice (from Delivery),2021-01-10T07:46:30+00:00,0087001027;0090041022,0.0,ST,0.0,EUR, , ,L
e3798,Create Invoice (from Order),2021-01-10T07:46:55+00:00,0005004887;0090041023,1.0,ST,2679.2,EUR, , ,L
e3799,Create Invoice (from Order),2021-01-10T07:46:55+00:00,0005004887;0090041023,0.0,ST,0.0,EUR, , ,L
e3800,Create Invoice (from Delivery),2021-01-10T07:46:55+00:00,0087001028;0090041023,1.0,ST,2679.2,EUR, , ,L
e3801,Create Invoice (from Delivery),2021-01-10T07:46:55+00:00,0087001028;0090041023,0.0,ST,0.0,EUR, , ,L
e4339,Create Goods Movement (from Order),2021-01-10T07:46:55+00:00,0005004887;4900000428,1.0,ST,632.54,EUR,P-101,601, 
e4340,Create Goods Movement (from Order),2021-01-10T07:46:55+00:00,0005004887;0101028000,0.0,ST,0.0,EUR,P-100, , 
e4341,Create Goods Movement (from Delivery),2021-01-10T07:46:55+00:00,0087001028;4900000428,1.0,ST,632.54,EUR,P-101,601, 
e4342,Create Goods Movement (from Delivery),2021-01-10T07:46:55+00:00,0087001028;0101028000,0.0,ST,0.0,EUR,P-100, , 
e4068,Create Goods Movement (from Order),2021-01-10T07:47:20+00:00,0005004888;4900000429,1.0,ST,632.54,EUR,P-101,601, 
e4069,Create Goods Movement (from Order),2021-01-10T07:47:20+00:00,0005004888;0101029000,0.0,ST,0.0,EUR,P-100, , 
e4070,Create Goods Movement (from Delivery),2021-01-10T07:47:20+00:00,0087001029;4900000429,1.0,ST,632.54,EUR,P-101,601, 
e4071,Create Goods Movement (from Delivery),2021-01-10T07:47:20+00:00,0087001029;0101029000,0.0,ST,0.0,EUR,P-100, , 
e3802,Create Invoice (from Order),2021-01-10T07:47:21+00:00,0005004888;0090041024,1.0,ST,2679.2,EUR, , ,L
e3803,Create Invoice (from Order),2021-01-10T07:47:21+00:00,0005004888;0090041024,0.0,ST,0.0,EUR, , ,L
e3804,Create Invoice (from Delivery),2021-01-10T07:47:21+00:00,0087001029;0090041024,1.0,ST,2679.2,EUR, , ,L
e3805,Create Invoice (from Delivery),2021-01-10T07:47:21+00:00,0087001029;0090041024,0.0,ST,0.0,EUR, , ,L
e4387,Create Goods Movement (from Order),2021-01-10T07:47:52+00:00,0005004889;4900000430,1.0,ST,632.54,EUR,P-101,601, 
e4388,Create Goods Movement (from Order),2021-01-10T07:47:52+00:00,0005004889;0101030000,0.0,ST,0.0,EUR,P-100, , 
e4389,Create Goods Movement (from Delivery),2021-01-10T07:47:52+00:00,0087001030;4900000430,1.0,ST,632.54,EUR,P-101,601, 
e4390,Create Goods Movement (from Delivery),2021-01-10T07:47:52+00:00,0087001030;0101030000,0.0,ST,0.0,EUR,P-100, , 
e3806,Create Invoice (from Order),2021-01-10T07:47:53+00:00,0005004889;0090041025,1.0,ST,2679.2,EUR, , ,L
e3807,Create Invoice (from Order),2021-01-10T07:47:53+00:00,0005004889;0090041025,0.0,ST,0.0,EUR, , ,L
e3808,Create Invoice (from Delivery),2021-01-10T07:47:53+00:00,0087001030;0090041025,1.0,ST,2679.2,EUR, , ,L
e3809,Create Invoice (from Delivery),2021-01-10T07:47:53+00:00,0087001030;0090041025,0.0,ST,0.0,EUR, , ,L
e4025,Create Goods Movement (from Order),2021-01-10T07:48:39+00:00,0005004890;4900000431,1.0,ST,632.54,EUR,P-101,601, 
e4026,Create Goods Movement (from Order),2021-01-10T07:48:39+00:00,0005004890;0101031000,0.0,ST,0.0,EUR,P-100, , 
e4027,Create Goods Movement (from Delivery),2021-01-10T07:48:39+00:00,0087001031;4900000431,1.0,ST,632.54,EUR,P-101,601, 
e4028,Create Goods Movement (from Delivery),2021-01-10T07:48:39+00:00,0087001031;0101031000,0.0,ST,0.0,EUR,P-100, , 
e3810,Create Invoice (from Order),2021-01-10T07:48:40+00:00,0005004890;0090041026,1.0,ST,2705.99,EUR, , ,L
e3811,Create Invoice (from Order),2021-01-10T07:48:40+00:00,0005004890;0090041026,0.0,ST,0.0,EUR, , ,L
e3812,Create Invoice (from Delivery),2021-01-10T07:48:40+00:00,0087001031;0090041026,1.0,ST,2705.99,EUR, , ,L
e3813,Create Invoice (from Delivery),2021-01-10T07:48:40+00:00,0087001031;0090041026,0.0,ST,0.0,EUR, , ,L
e3949,Create Goods Movement (from Order),2021-01-10T07:49:04+00:00,0005004891;4900000432,1.0,ST,632.54,EUR,P-101,601, 
e3950,Create Goods Movement (from Order),2021-01-10T07:49:04+00:00,0005004891;0101032000,0.0,ST,0.0,EUR,P-100, , 
e3951,Create Goods Movement (from Delivery),2021-01-10T07:49:04+00:00,0087001032;4900000432,1.0,ST,632.54,EUR,P-101,601, 
e3952,Create Goods Movement (from Delivery),2021-01-10T07:49:04+00:00,0087001032;0101032000,0.0,ST,0.0,EUR,P-100, , 
e3814,Create Invoice (from Order),2021-01-10T07:49:05+00:00,0005004891;0090041027,1.0,ST,2679.2,EUR, , ,L
e3815,Create Invoice (from Order),2021-01-10T07:49:05+00:00,0005004891;0090041027,0.0,ST,0.0,EUR, , ,L
e3816,Create Invoice (from Delivery),2021-01-10T07:49:05+00:00,0087001032;0090041027,1.0,ST,2679.2,EUR, , ,L
e3817,Create Invoice (from Delivery),2021-01-10T07:49:05+00:00,0087001032;0090041027,0.0,ST,0.0,EUR, , ,L
e4343,Create Goods Movement (from Order),2021-01-10T07:50:03+00:00,0005004892;4900000433,1.0,ST,632.54,EUR,P-101,601, 
e4344,Create Goods Movement (from Order),2021-01-10T07:50:03+00:00,0005004892;0101033000,0.0,ST,0.0,EUR,P-100, , 
e4345,Create Goods Movement (from Delivery),2021-01-10T07:50:03+00:00,0087001033;4900000433,1.0,ST,632.54,EUR,P-101,601, 
e4346,Create Goods Movement (from Delivery),2021-01-10T07:50:03+00:00,0087001033;0101033000,0.0,ST,0.0,EUR,P-100, , 
e3818,Create Invoice (from Order),2021-01-10T07:50:04+00:00,0005004892;0090041028,1.0,ST,2705.99,EUR, , ,L
e3819,Create Invoice (from Order),2021-01-10T07:50:04+00:00,0005004892;0090041028,0.0,ST,0.0,EUR, , ,L
e3820,Create Invoice (from Delivery),2021-01-10T07:50:04+00:00,0087001033;0090041028,1.0,ST,2705.99,EUR, , ,L
e3821,Create Invoice (from Delivery),2021-01-10T07:50:04+00:00,0087001033;0090041028,0.0,ST,0.0,EUR, , ,L
e4391,Create Goods Movement (from Order),2021-01-10T07:50:39+00:00,0005004893;4900000434,2.0,ST,1265.08,EUR,P-101,601, 
e4392,Create Goods Movement (from Order),2021-01-10T07:50:39+00:00,0005004893;0101034000,0.0,ST,0.0,EUR,P-100, , 
e4393,Create Goods Movement (from Delivery),2021-01-10T07:50:39+00:00,0087001034;4900000434,2.0,ST,1265.08,EUR,P-101,601, 
e4394,Create Goods Movement (from Delivery),2021-01-10T07:50:39+00:00,0087001034;0101034000,0.0,ST,0.0,EUR,P-100, , 
e3822,Create Invoice (from Order),2021-01-10T07:50:40+00:00,0005004893;0090041029,2.0,ST,5358.4,EUR, , ,L
e3823,Create Invoice (from Order),2021-01-10T07:50:40+00:00,0005004893;0090041029,0.0,ST,0.0,EUR, , ,L
e3824,Create Invoice (from Delivery),2021-01-10T07:50:40+00:00,0087001034;0090041029,2.0,ST,5358.4,EUR, , ,L
e3825,Create Invoice (from Delivery),2021-01-10T07:50:40+00:00,0087001034;0090041029,0.0,ST,0.0,EUR, , ,L
e4748,Create Goods Movement (from Order),2021-01-10T07:51:16+00:00,0005004894;4900000435,1.0,ST,632.54,EUR,P-101,601, 
e4749,Create Goods Movement (from Order),2021-01-10T07:51:16+00:00,0005004894;0101035000,0.0,ST,0.0,EUR,P-100, , 
e4750,Create Goods Movement (from Delivery),2021-01-10T07:51:16+00:00,0087001035;4900000435,1.0,ST,632.54,EUR,P-101,601, 
e4751,Create Goods Movement (from Delivery),2021-01-10T07:51:16+00:00,0087001035;0101035000,0.0,ST,0.0,EUR,P-100, , 
e3826,Create Invoice (from Order),2021-01-10T07:51:17+00:00,0005004894;0090041030,1.0,ST,2705.99,EUR, , ,L
e3827,Create Invoice (from Order),2021-01-10T07:51:17+00:00,0005004894;0090041030,0.0,ST,0.0,EUR, , ,L
e3828,Create Invoice (from Delivery),2021-01-10T07:51:17+00:00,0087001035;0090041030,1.0,ST,2705.99,EUR, , ,L
e3829,Create Invoice (from Delivery),2021-01-10T07:51:17+00:00,0087001035;0090041030,0.0,ST,0.0,EUR, , ,L
e4527,Create Goods Movement (from Order),2021-01-10T07:51:52+00:00,0005004895;4900000436,1.0,ST,632.54,EUR,P-101,601, 
e4528,Create Goods Movement (from Order),2021-01-10T07:51:52+00:00,0005004895;0101036000,0.0,ST,0.0,EUR,P-100, , 
e4529,Create Goods Movement (from Delivery),2021-01-10T07:51:52+00:00,0087001036;4900000436,1.0,ST,632.54,EUR,P-101,601, 
e4530,Create Goods Movement (from Delivery),2021-01-10T07:51:52+00:00,0087001036;0101036000,0.0,ST,0.0,EUR,P-100, , 
e3830,Create Invoice (from Order),2021-01-10T07:51:53+00:00,0005004895;0090041031,1.0,ST,2679.2,EUR, , ,L
e3831,Create Invoice (from Order),2021-01-10T07:51:53+00:00,0005004895;0090041031,0.0,ST,0.0,EUR, , ,L
e3832,Create Invoice (from Delivery),2021-01-10T07:51:53+00:00,0087001036;0090041031,1.0,ST,2679.2,EUR, , ,L
e3833,Create Invoice (from Delivery),2021-01-10T07:51:53+00:00,0087001036;0090041031,0.0,ST,0.0,EUR, , ,L
e4662,Create Goods Movement (from Order),2021-01-10T07:52:17+00:00,0005004896;4900000437,1.0,ST,632.54,EUR,P-101,601, 
e4663,Create Goods Movement (from Order),2021-01-10T07:52:17+00:00,0005004896;0101037000,0.0,ST,0.0,EUR,P-100, , 
e4664,Create Goods Movement (from Delivery),2021-01-10T07:52:17+00:00,0087001037;4900000437,1.0,ST,632.54,EUR,P-101,601, 
e4665,Create Goods Movement (from Delivery),2021-01-10T07:52:17+00:00,0087001037;0101037000,0.0,ST,0.0,EUR,P-100, , 
e3834,Create Invoice (from Order),2021-01-10T07:52:18+00:00,0005004896;0090041032,1.0,ST,2679.2,EUR, , ,L
e3835,Create Invoice (from Order),2021-01-10T07:52:18+00:00,0005004896;0090041032,0.0,ST,0.0,EUR, , ,L
e3836,Create Invoice (from Delivery),2021-01-10T07:52:18+00:00,0087001037;0090041032,1.0,ST,2679.2,EUR, , ,L
e3837,Create Invoice (from Delivery),2021-01-10T07:52:18+00:00,0087001037;0090041032,0.0,ST,0.0,EUR, , ,L
e4531,Create Goods Movement (from Order),2021-01-10T07:53:41+00:00,0005004897;4900000438,2.0,ST,1265.08,EUR,P-101,601, 
e4532,Create Goods Movement (from Order),2021-01-10T07:53:41+00:00,0005004897;0101038000,0.0,ST,0.0,EUR,P-100, , 
e4533,Create Goods Movement (from Delivery),2021-01-10T07:53:41+00:00,0087001038;4900000438,2.0,ST,1265.08,EUR,P-101,601, 
e4534,Create Goods Movement (from Delivery),2021-01-10T07:53:41+00:00,0087001038;0101038000,0.0,ST,0.0,EUR,P-100, , 
e4622,Create Invoice (from Order),2021-01-10T07:53:42+00:00,0005004897;0090041033,2.0,ST,5411.98,EUR, , ,L
e4623,Create Invoice (from Order),2021-01-10T07:53:42+00:00,0005004897;0090041033,0.0,ST,0.0,EUR, , ,L
e4624,Create Invoice (from Delivery),2021-01-10T07:53:42+00:00,0087001038;0090041033,2.0,ST,5411.98,EUR, , ,L
e4625,Create Invoice (from Delivery),2021-01-10T07:53:42+00:00,0087001038;0090041033,0.0,ST,0.0,EUR, , ,L
e4535,Create Goods Movement (from Order),2021-01-10T07:55:35+00:00,0005004898;4900000439,2.0,ST,1265.08,EUR,P-101,601, 
e4536,Create Goods Movement (from Order),2021-01-10T07:55:35+00:00,0005004898;0101039000,0.0,ST,0.0,EUR,P-100, , 
e4537,Create Goods Movement (from Delivery),2021-01-10T07:55:35+00:00,0087001039;4900000439,2.0,ST,1265.08,EUR,P-101,601, 
e4538,Create Goods Movement (from Delivery),2021-01-10T07:55:35+00:00,0087001039;0101039000,0.0,ST,0.0,EUR,P-100, , 
e4626,Create Invoice (from Order),2021-01-10T07:55:36+00:00,0005004898;0090041034,2.0,ST,5411.98,EUR, , ,L
e4627,Create Invoice (from Order),2021-01-10T07:55:36+00:00,0005004898;0090041034,0.0,ST,0.0,EUR, , ,L
e4628,Create Invoice (from Delivery),2021-01-10T07:55:36+00:00,0087001039;0090041034,2.0,ST,5411.98,EUR, , ,L
e4629,Create Invoice (from Delivery),2021-01-10T07:55:36+00:00,0087001039;0090041034,0.0,ST,0.0,EUR, , ,L
e4029,Create Goods Movement (from Order),2021-01-10T07:56:01+00:00,0005004899;4900000440,1.0,ST,632.54,EUR,P-101,601, 
e4030,Create Goods Movement (from Order),2021-01-10T07:56:01+00:00,0005004899;0101040000,0.0,ST,0.0,EUR,P-100, , 
e4031,Create Goods Movement (from Delivery),2021-01-10T07:56:01+00:00,0087001040;4900000440,1.0,ST,632.54,EUR,P-101,601, 
e4032,Create Goods Movement (from Delivery),2021-01-10T07:56:01+00:00,0087001040;0101040000,0.0,ST,0.0,EUR,P-100, , 
e3838,Create Invoice (from Order),2021-01-10T07:56:02+00:00,0005004899;0090041035,1.0,ST,2679.2,EUR, , ,L
e3839,Create Invoice (from Order),2021-01-10T07:56:02+00:00,0005004899;0090041035,0.0,ST,0.0,EUR, , ,L
e3840,Create Invoice (from Delivery),2021-01-10T07:56:02+00:00,0087001040;0090041035,1.0,ST,2679.2,EUR, , ,L
e3841,Create Invoice (from Delivery),2021-01-10T07:56:02+00:00,0087001040;0090041035,0.0,ST,0.0,EUR, , ,L
e4752,Create Goods Movement (from Order),2021-01-10T07:56:27+00:00,0005004900;4900000441,1.0,ST,632.54,EUR,P-101,601, 
e4753,Create Goods Movement (from Order),2021-01-10T07:56:27+00:00,0005004900;0101041000,0.0,ST,0.0,EUR,P-100, , 
e4754,Create Goods Movement (from Delivery),2021-01-10T07:56:27+00:00,0087001041;4900000441,1.0,ST,632.54,EUR,P-101,601, 
e4755,Create Goods Movement (from Delivery),2021-01-10T07:56:27+00:00,0087001041;0101041000,0.0,ST,0.0,EUR,P-100, , 
e3842,Create Invoice (from Order),2021-01-10T07:56:28+00:00,0005004900;0090041036,1.0,ST,2679.2,EUR, , ,L
e3843,Create Invoice (from Order),2021-01-10T07:56:28+00:00,0005004900;0090041036,0.0,ST,0.0,EUR, , ,L
e3844,Create Invoice (from Delivery),2021-01-10T07:56:28+00:00,0087001041;0090041036,1.0,ST,2679.2,EUR, , ,L
e3845,Create Invoice (from Delivery),2021-01-10T07:56:28+00:00,0087001041;0090041036,0.0,ST,0.0,EUR, , ,L
e4539,Create Goods Movement (from Order),2021-01-10T07:57:15+00:00,0005004901;4900000442,1.0,ST,632.54,EUR,P-101,601, 
e4540,Create Goods Movement (from Order),2021-01-10T07:57:15+00:00,0005004901;0101042000,0.0,ST,0.0,EUR,P-100, , 
e4541,Create Goods Movement (from Delivery),2021-01-10T07:57:15+00:00,0087001042;4900000442,1.0,ST,632.54,EUR,P-101,601, 
e4542,Create Goods Movement (from Delivery),2021-01-10T07:57:15+00:00,0087001042;0101042000,0.0,ST,0.0,EUR,P-100, , 
e3846,Create Invoice (from Order),2021-01-10T07:57:16+00:00,0005004901;0090041037,1.0,ST,2705.99,EUR, , ,L
e3847,Create Invoice (from Order),2021-01-10T07:57:16+00:00,0005004901;0090041037,0.0,ST,0.0,EUR, , ,L
e3848,Create Invoice (from Delivery),2021-01-10T07:57:16+00:00,0087001042;0090041037,1.0,ST,2705.99,EUR, , ,L
e3849,Create Invoice (from Delivery),2021-01-10T07:57:16+00:00,0087001042;0090041037,0.0,ST,0.0,EUR, , ,L
e3850,Create Invoice (from Order),2021-01-10T07:57:52+00:00,0005004902;0090041038,1.0,ST,2679.2,EUR, , ,L
e3851,Create Invoice (from Order),2021-01-10T07:57:52+00:00,0005004902;0090041038,0.0,ST,0.0,EUR, , ,L
e3852,Create Invoice (from Delivery),2021-01-10T07:57:52+00:00,0087001043;0090041038,1.0,ST,2679.2,EUR, , ,L
e3853,Create Invoice (from Delivery),2021-01-10T07:57:52+00:00,0087001043;0090041038,0.0,ST,0.0,EUR, , ,L
e3894,Create Goods Movement (from Order),2021-01-10T07:57:52+00:00,0005004902;4900000443,1.0,ST,632.54,EUR,P-101,601, 
e3895,Create Goods Movement (from Order),2021-01-10T07:57:52+00:00,0005004902;0101043000,0.0,ST,0.0,EUR,P-100, , 
e3896,Create Goods Movement (from Delivery),2021-01-10T07:57:52+00:00,0087001043;4900000443,1.0,ST,632.54,EUR,P-101,601, 
e3897,Create Goods Movement (from Delivery),2021-01-10T07:57:52+00:00,0087001043;0101043000,0.0,ST,0.0,EUR,P-100, , 
e3898,Create Goods Movement (from Order),2021-01-10T07:58:59+00:00,0005004903;4900000444,2.0,ST,1265.08,EUR,P-101,601, 
e3899,Create Goods Movement (from Order),2021-01-10T07:58:59+00:00,0005004903;0101044000,0.0,ST,0.0,EUR,P-100, , 
e3900,Create Goods Movement (from Delivery),2021-01-10T07:58:59+00:00,0087001044;4900000444,2.0,ST,1265.08,EUR,P-101,601, 
e3901,Create Goods Movement (from Delivery),2021-01-10T07:58:59+00:00,0087001044;0101044000,0.0,ST,0.0,EUR,P-100, , 
e4630,Create Invoice (from Order),2021-01-10T07:58:59+00:00,0005004903;0090041039,2.0,ST,5411.98,EUR, , ,L
e4631,Create Invoice (from Order),2021-01-10T07:58:59+00:00,0005004903;0090041039,0.0,ST,0.0,EUR, , ,L
e4632,Create Invoice (from Delivery),2021-01-10T07:58:59+00:00,0087001044;0090041039,2.0,ST,5411.98,EUR, , ,L
e4633,Create Invoice (from Delivery),2021-01-10T07:58:59+00:00,0087001044;0090041039,0.0,ST,0.0,EUR, , ,L
e4347,Create Goods Movement (from Order),2021-01-10T07:59:36+00:00,0005004904;4900000445,1.0,ST,632.54,EUR,P-101,601, 
e4348,Create Goods Movement (from Order),2021-01-10T07:59:36+00:00,0005004904;0101045000,0.0,ST,0.0,EUR,P-100, , 
e4349,Create Goods Movement (from Delivery),2021-01-10T07:59:36+00:00,0087001045;4900000445,1.0,ST,632.54,EUR,P-101,601, 
e4350,Create Goods Movement (from Delivery),2021-01-10T07:59:36+00:00,0087001045;0101045000,0.0,ST,0.0,EUR,P-100, , 
e3854,Create Invoice (from Order),2021-01-10T07:59:37+00:00,0005004904;0090041040,1.0,ST,2679.2,EUR, , ,L
e3855,Create Invoice (from Order),2021-01-10T07:59:37+00:00,0005004904;0090041040,0.0,ST,0.0,EUR, , ,L
e3856,Create Invoice (from Delivery),2021-01-10T07:59:37+00:00,0087001045;0090041040,1.0,ST,2679.2,EUR, , ,L
e3857,Create Invoice (from Delivery),2021-01-10T07:59:37+00:00,0087001045;0090041040,0.0,ST,0.0,EUR, , ,L
e3858,Create Invoice (from Order),2021-01-10T08:00:26+00:00,0005004905;0090041041,1.0,ST,2705.99,EUR, , ,L
e3859,Create Invoice (from Order),2021-01-10T08:00:26+00:00,0005004905;0090041041,0.0,ST,0.0,EUR, , ,L
e3860,Create Invoice (from Delivery),2021-01-10T08:00:26+00:00,0087001046;0090041041,1.0,ST,2705.99,EUR, , ,L
e3861,Create Invoice (from Delivery),2021-01-10T08:00:26+00:00,0087001046;0090041041,0.0,ST,0.0,EUR, , ,L
e4543,Create Goods Movement (from Order),2021-01-10T08:00:26+00:00,0005004905;4900000446,1.0,ST,632.54,EUR,P-101,601, 
e4544,Create Goods Movement (from Order),2021-01-10T08:00:26+00:00,0005004905;0101046000,0.0,ST,0.0,EUR,P-100, , 
e4545,Create Goods Movement (from Delivery),2021-01-10T08:00:26+00:00,0087001046;4900000446,1.0,ST,632.54,EUR,P-101,601, 
e4546,Create Goods Movement (from Delivery),2021-01-10T08:00:26+00:00,0087001046;0101046000,0.0,ST,0.0,EUR,P-100, , 
e4547,Create Goods Movement (from Order),2021-01-10T08:00:51+00:00,0005004906;4900000447,1.0,ST,632.54,EUR,P-101,601, 
e4548,Create Goods Movement (from Order),2021-01-10T08:00:51+00:00,0005004906;0101047000,0.0,ST,0.0,EUR,P-100, , 
e4549,Create Goods Movement (from Delivery),2021-01-10T08:00:51+00:00,0087001047;4900000447,1.0,ST,632.54,EUR,P-101,601, 
e4550,Create Goods Movement (from Delivery),2021-01-10T08:00:51+00:00,0087001047;0101047000,0.0,ST,0.0,EUR,P-100, , 
e4634,Create Invoice (from Order),2021-01-10T08:00:52+00:00,0005004906;0090041042,1.0,ST,2679.2,EUR, , ,L
e4635,Create Invoice (from Order),2021-01-10T08:00:52+00:00,0005004906;0090041042,0.0,ST,0.0,EUR, , ,L
e4636,Create Invoice (from Delivery),2021-01-10T08:00:52+00:00,0087001047;0090041042,1.0,ST,2679.2,EUR, , ,L
e4637,Create Invoice (from Delivery),2021-01-10T08:00:52+00:00,0087001047;0090041042,0.0,ST,0.0,EUR, , ,L
e3953,Create Goods Movement (from Order),2021-01-10T08:01:38+00:00,0005004907;4900000448,1.0,ST,632.54,EUR,P-101,601, 
e3954,Create Goods Movement (from Order),2021-01-10T08:01:38+00:00,0005004907;0101048000,0.0,ST,0.0,EUR,P-100, , 
e3955,Create Goods Movement (from Delivery),2021-01-10T08:01:38+00:00,0087001048;4900000448,1.0,ST,632.54,EUR,P-101,601, 
e3956,Create Goods Movement (from Delivery),2021-01-10T08:01:38+00:00,0087001048;0101048000,0.0,ST,0.0,EUR,P-100, , 
e4638,Create Invoice (from Order),2021-01-10T08:01:38+00:00,0005004907;0090041043,1.0,ST,2705.99,EUR, , ,L
e4639,Create Invoice (from Order),2021-01-10T08:01:38+00:00,0005004907;0090041043,0.0,ST,0.0,EUR, , ,L
e4640,Create Invoice (from Delivery),2021-01-10T08:01:38+00:00,0087001048;0090041043,1.0,ST,2705.99,EUR, , ,L
e4641,Create Invoice (from Delivery),2021-01-10T08:01:38+00:00,0087001048;0090041043,0.0,ST,0.0,EUR, , ,L
e4642,Create Invoice (from Order),2021-01-10T08:02:25+00:00,0005004908;0090041044,2.0,ST,5358.4,EUR, , ,L
e4643,Create Invoice (from Order),2021-01-10T08:02:25+00:00,0005004908;0090041044,0.0,ST,0.0,EUR, , ,L
e4644,Create Invoice (from Delivery),2021-01-10T08:02:25+00:00,0087001049;0090041044,2.0,ST,5358.4,EUR, , ,L
e4645,Create Invoice (from Delivery),2021-01-10T08:02:25+00:00,0087001049;0090041044,0.0,ST,0.0,EUR, , ,L
e4666,Create Goods Movement (from Order),2021-01-10T08:02:25+00:00,0005004908;4900000449,2.0,ST,1265.08,EUR,P-101,601, 
e4667,Create Goods Movement (from Order),2021-01-10T08:02:25+00:00,0005004908;0101049000,0.0,ST,0.0,EUR,P-100, , 
e4668,Create Goods Movement (from Delivery),2021-01-10T08:02:25+00:00,0087001049;4900000449,2.0,ST,1265.08,EUR,P-101,601, 
e4669,Create Goods Movement (from Delivery),2021-01-10T08:02:25+00:00,0087001049;0101049000,0.0,ST,0.0,EUR,P-100, , 
e4756,Create Goods Movement (from Order),2021-01-10T08:02:50+00:00,0005004909;4900000450,1.0,ST,632.54,EUR,P-101,601, 
e4757,Create Goods Movement (from Order),2021-01-10T08:02:50+00:00,0005004909;0101050000,0.0,ST,0.0,EUR,P-100, , 
e4758,Create Goods Movement (from Delivery),2021-01-10T08:02:50+00:00,0087001050;4900000450,1.0,ST,632.54,EUR,P-101,601, 
e4759,Create Goods Movement (from Delivery),2021-01-10T08:02:50+00:00,0087001050;0101050000,0.0,ST,0.0,EUR,P-100, , 
e3862,Create Invoice (from Order),2021-01-10T08:02:51+00:00,0005004909;0090041045,1.0,ST,2679.2,EUR, , ,L
e3863,Create Invoice (from Order),2021-01-10T08:02:51+00:00,0005004909;0090041045,0.0,ST,0.0,EUR, , ,L
e3864,Create Invoice (from Delivery),2021-01-10T08:02:51+00:00,0087001050;0090041045,1.0,ST,2679.2,EUR, , ,L
e3865,Create Invoice (from Delivery),2021-01-10T08:02:51+00:00,0087001050;0090041045,0.0,ST,0.0,EUR, , ,L
e4033,Create Goods Movement (from Order),2021-01-10T08:03:22+00:00,0005004910;4900000451,1.0,ST,632.54,EUR,P-101,601, 
e4034,Create Goods Movement (from Order),2021-01-10T08:03:22+00:00,0005004910;0101051000,0.0,ST,0.0,EUR,P-100, , 
e4035,Create Goods Movement (from Delivery),2021-01-10T08:03:22+00:00,0087001051;4900000451,1.0,ST,632.54,EUR,P-101,601, 
e4036,Create Goods Movement (from Delivery),2021-01-10T08:03:22+00:00,0087001051;0101051000,0.0,ST,0.0,EUR,P-100, , 
e3902,Create Invoice (from Order),2021-01-10T08:03:29+00:00,0005004910;0090041046,1.0,ST,2679.2,EUR, , ,L
e3903,Create Invoice (from Order),2021-01-10T08:03:29+00:00,0005004910;0090041046,0.0,ST,0.0,EUR, , ,L
e3904,Create Invoice (from Delivery),2021-01-10T08:03:29+00:00,0087001051;0090041046,1.0,ST,2679.2,EUR, , ,L
e3905,Create Invoice (from Delivery),2021-01-10T08:03:29+00:00,0087001051;0090041046,0.0,ST,0.0,EUR, , ,L
e3922,Create Goods Movement (from Order),2021-01-10T08:04:13+00:00,0005004911;4900000452,2.0,ST,1265.08,EUR,P-101,601, 
e3923,Create Goods Movement (from Order),2021-01-10T08:04:13+00:00,0005004911;0101052000,0.0,ST,0.0,EUR,P-100, , 
e3924,Create Goods Movement (from Delivery),2021-01-10T08:04:13+00:00,0087001052;4900000452,2.0,ST,1265.08,EUR,P-101,601, 
e3925,Create Goods Movement (from Delivery),2021-01-10T08:04:13+00:00,0087001052;0101052000,0.0,ST,0.0,EUR,P-100, , 
e4680,Create Invoice (from Order),2021-01-10T08:04:13+00:00,0005004911;0090041047,2.0,ST,5358.4,EUR, , ,L
e4681,Create Invoice (from Order),2021-01-10T08:04:13+00:00,0005004911;0090041047,0.0,ST,0.0,EUR, , ,L
e4682,Create Invoice (from Delivery),2021-01-10T08:04:13+00:00,0087001052;0090041047,2.0,ST,5358.4,EUR, , ,L
e4683,Create Invoice (from Delivery),2021-01-10T08:04:13+00:00,0087001052;0090041047,0.0,ST,0.0,EUR, , ,L
e4760,Create Goods Movement (from Order),2021-01-10T08:04:50+00:00,0005004912;4900000453,1.0,ST,632.54,EUR,P-101,601, 
e4761,Create Goods Movement (from Order),2021-01-10T08:04:50+00:00,0005004912;0101053000,0.0,ST,0.0,EUR,P-100, , 
e4762,Create Goods Movement (from Delivery),2021-01-10T08:04:50+00:00,0087001053;4900000453,1.0,ST,632.54,EUR,P-101,601, 
e4763,Create Goods Movement (from Delivery),2021-01-10T08:04:50+00:00,0087001053;0101053000,0.0,ST,0.0,EUR,P-100, , 
e4233,Create Invoice (from Order),2021-01-10T08:04:51+00:00,0005004912;0090041048,1.0,ST,2705.99,EUR, , ,L
e4234,Create Invoice (from Order),2021-01-10T08:04:51+00:00,0005004912;0090041048,0.0,ST,0.0,EUR, , ,L
e4235,Create Invoice (from Delivery),2021-01-10T08:04:51+00:00,0087001053;0090041048,1.0,ST,2705.99,EUR, , ,L
e4236,Create Invoice (from Delivery),2021-01-10T08:04:51+00:00,0087001053;0090041048,0.0,ST,0.0,EUR, , ,L
e4395,Create Goods Movement (from Order),2021-01-10T08:05:15+00:00,0005004913;4900000454,1.0,ST,632.54,EUR,P-101,601, 
e4396,Create Goods Movement (from Order),2021-01-10T08:05:15+00:00,0005004913;0101054000,0.0,ST,0.0,EUR,P-100, , 
e4397,Create Goods Movement (from Delivery),2021-01-10T08:05:15+00:00,0087001054;4900000454,1.0,ST,632.54,EUR,P-101,601, 
e4398,Create Goods Movement (from Delivery),2021-01-10T08:05:15+00:00,0087001054;0101054000,0.0,ST,0.0,EUR,P-100, , 
e4237,Create Invoice (from Order),2021-01-10T08:05:16+00:00,0005004913;0090041049,1.0,ST,2679.2,EUR, , ,L
e4238,Create Invoice (from Order),2021-01-10T08:05:16+00:00,0005004913;0090041049,0.0,ST,0.0,EUR, , ,L
e4239,Create Invoice (from Delivery),2021-01-10T08:05:16+00:00,0087001054;0090041049,1.0,ST,2679.2,EUR, , ,L
e4240,Create Invoice (from Delivery),2021-01-10T08:05:16+00:00,0087001054;0090041049,0.0,ST,0.0,EUR, , ,L
e4241,Create Goods Movement (from Order),2021-02-09T00:50:38+00:00,0000005086;4900000464,30.0,KAR,8261.1,EUR,L-80C,601, 
e4242,Create Goods Movement (from Delivery),2021-02-09T00:50:38+00:00,0080019017;4900000464,30.0,KAR,8261.1,EUR,L-80C,601, 
e4551,Create Goods Movement (from Order),2021-02-20T06:30:06+00:00,0000019254;4900000473,3.0,ST,1897.62,EUR,P-101,601, 
e4552,Create Goods Movement (from Delivery),2021-02-20T06:30:06+00:00,0080019018;4900000473,3.0,ST,1897.62,EUR,P-101,601, 
e4553,Create Invoice (from Order),2021-02-20T06:30:49+00:00,0000019254;0090041050,3.0,ST,8037.6,EUR, , ,L
e4554,Create Invoice (from Delivery),2021-02-20T06:30:49+00:00,0080019018;0090041050,3.0,ST,8037.6,EUR, , ,L
e3968,Create Goods Movement (from Order),2021-02-20T06:56:02+00:00,0005004914;4900000474,1.0,ST,632.54,EUR,P-101,601, 
e3969,Create Goods Movement (from Order),2021-02-20T06:56:02+00:00,0005004914;0511055000,0.0,ST,0.0,EUR,P-100, , 
e3970,Create Goods Movement (from Delivery),2021-02-20T06:56:02+00:00,0087001055;4900000474,1.0,ST,632.54,EUR,P-101,601, 
e3971,Create Goods Movement (from Delivery),2021-02-20T06:56:02+00:00,0087001055;0511055000,0.0,ST,0.0,EUR,P-100, , 
e4040,Create Invoice (from Order),2021-02-20T06:56:06+00:00,0005004914;0090041051,1.0,ST,2679.2,EUR, , ,L
e4041,Create Invoice (from Order),2021-02-20T06:56:06+00:00,0005004914;0090041051,0.0,ST,0.0,EUR, , ,L
e4042,Create Invoice (from Delivery),2021-02-20T06:56:06+00:00,0087001055;0090041051,1.0,ST,2679.2,EUR, , ,L
e4043,Create Invoice (from Delivery),2021-02-20T06:56:06+00:00,0087001055;0090041051,0.0,ST,0.0,EUR, , ,L
e4084,Create Goods Movement (from Order),2021-02-20T06:56:52+00:00,0005004915;4900000475,1.0,ST,632.54,EUR,P-101,601, 
e4085,Create Goods Movement (from Order),2021-02-20T06:56:52+00:00,0005004915;0511056000,0.0,ST,0.0,EUR,P-100, , 
e4086,Create Goods Movement (from Delivery),2021-02-20T06:56:52+00:00,0087001056;4900000475,1.0,ST,632.54,EUR,P-101,601, 
e4087,Create Goods Movement (from Delivery),2021-02-20T06:56:52+00:00,0087001056;0511056000,0.0,ST,0.0,EUR,P-100, , 
e4044,Create Invoice (from Order),2021-02-20T06:56:53+00:00,0005004915;0090041052,1.0,ST,2705.99,EUR, , ,L
e4045,Create Invoice (from Order),2021-02-20T06:56:53+00:00,0005004915;0090041052,0.0,ST,0.0,EUR, , ,L
e4046,Create Invoice (from Delivery),2021-02-20T06:56:53+00:00,0087001056;0090041052,1.0,ST,2705.99,EUR, , ,L
e4047,Create Invoice (from Delivery),2021-02-20T06:56:53+00:00,0087001056;0090041052,0.0,ST,0.0,EUR, , ,L
e4670,Create Goods Movement (from Order),2021-02-20T07:09:29+00:00,0005004916;4900000476,3.0,ST,1723.35,EUR,P-102,601, 
e4671,Create Goods Movement (from Order),2021-02-20T07:09:29+00:00,0005004916;0511057000,0.0,ST,0.0,EUR,P-100, , 
e4672,Create Goods Movement (from Delivery),2021-02-20T07:09:29+00:00,0087001057;4900000476,3.0,ST,1723.35,EUR,P-102,601, 
e4673,Create Goods Movement (from Delivery),2021-02-20T07:09:29+00:00,0087001057;0511057000,0.0,ST,0.0,EUR,P-100, , 
e4048,Create Invoice (from Order),2021-02-20T07:09:32+00:00,0005004916;0090041053,3.0,ST,9111.3,EUR, , ,L
e4049,Create Invoice (from Order),2021-02-20T07:09:32+00:00,0005004916;0090041053,0.0,ST,0.0,EUR, , ,L
e4050,Create Invoice (from Delivery),2021-02-20T07:09:32+00:00,0087001057;0090041053,3.0,ST,9111.3,EUR, , ,L
e4051,Create Invoice (from Delivery),2021-02-20T07:09:32+00:00,0087001057;0090041053,0.0,ST,0.0,EUR, , ,L
e4052,Create Invoice (from Order),2021-02-20T07:10:30+00:00,0005004917;0090041054,3.0,ST,9111.3,EUR, , ,L
e4053,Create Invoice (from Order),2021-02-20T07:10:30+00:00,0005004917;0090041054,0.0,ST,0.0,EUR, , ,L
e4054,Create Invoice (from Delivery),2021-02-20T07:10:30+00:00,0087001058;0090041054,3.0,ST,9111.3,EUR, , ,L
e4055,Create Invoice (from Delivery),2021-02-20T07:10:30+00:00,0087001058;0090041054,0.0,ST,0.0,EUR, , ,L
e4684,Create Goods Movement (from Order),2021-02-20T07:10:30+00:00,0005004917;4900000477,3.0,ST,1723.35,EUR,P-102,601, 
e4685,Create Goods Movement (from Order),2021-02-20T07:10:30+00:00,0005004917;0511058000,0.0,ST,0.0,EUR,P-100, , 
e4686,Create Goods Movement (from Delivery),2021-02-20T07:10:30+00:00,0087001058;4900000477,3.0,ST,1723.35,EUR,P-102,601, 
e4687,Create Goods Movement (from Delivery),2021-02-20T07:10:30+00:00,0087001058;0511058000,0.0,ST,0.0,EUR,P-100, , 
e3957,Create Goods Movement (from Order),2021-02-20T07:18:28+00:00,0005004918;4900000478,3.0,ST,1723.35,EUR,P-102,601, 
e3958,Create Goods Movement (from Order),2021-02-20T07:18:28+00:00,0005004918;0511059000,0.0,ST,0.0,EUR,P-100, , 
e3959,Create Goods Movement (from Delivery),2021-02-20T07:18:28+00:00,0087001059;4900000478,3.0,ST,1723.35,EUR,P-102,601, 
e3960,Create Goods Movement (from Delivery),2021-02-20T07:18:28+00:00,0087001059;0511059000,0.0,ST,0.0,EUR,P-100, , 
e4243,Create Invoice (from Order),2021-02-20T07:18:30+00:00,0005004918;0090041055,3.0,ST,9111.3,EUR, , ,L
e4244,Create Invoice (from Order),2021-02-20T07:18:30+00:00,0005004918;0090041055,0.0,ST,0.0,EUR, , ,L
e4245,Create Invoice (from Delivery),2021-02-20T07:18:30+00:00,0087001059;0090041055,3.0,ST,9111.3,EUR, , ,L
e4246,Create Invoice (from Delivery),2021-02-20T07:18:30+00:00,0087001059;0090041055,0.0,ST,0.0,EUR, , ,L
e4674,Create Goods Movement (from Order),2021-02-20T07:19:28+00:00,0005004919;4900000479,3.0,ST,1723.35,EUR,P-102,601, 
e4675,Create Goods Movement (from Order),2021-02-20T07:19:28+00:00,0005004919;0511060000,0.0,ST,0.0,EUR,P-100, , 
e4676,Create Goods Movement (from Delivery),2021-02-20T07:19:28+00:00,0087001060;4900000479,3.0,ST,1723.35,EUR,P-102,601, 
e4677,Create Goods Movement (from Delivery),2021-02-20T07:19:28+00:00,0087001060;0511060000,0.0,ST,0.0,EUR,P-100, , 
e4247,Create Invoice (from Order),2021-02-20T07:19:29+00:00,0005004919;0090041056,3.0,ST,9111.3,EUR, , ,L
e4248,Create Invoice (from Order),2021-02-20T07:19:29+00:00,0005004919;0090041056,0.0,ST,0.0,EUR, , ,L
e4249,Create Invoice (from Delivery),2021-02-20T07:19:29+00:00,0087001060;0090041056,3.0,ST,9111.3,EUR, , ,L
e4250,Create Invoice (from Delivery),2021-02-20T07:19:29+00:00,0087001060;0090041056,0.0,ST,0.0,EUR, , ,L
e4072,Create Goods Movement (from Order),2021-02-20T07:20:26+00:00,0005004920;4900000480,3.0,ST,1723.35,EUR,P-102,601, 
e4073,Create Goods Movement (from Order),2021-02-20T07:20:26+00:00,0005004920;0511061000,0.0,ST,0.0,EUR,P-100, , 
e4074,Create Goods Movement (from Delivery),2021-02-20T07:20:26+00:00,0087001061;4900000480,3.0,ST,1723.35,EUR,P-102,601, 
e4075,Create Goods Movement (from Delivery),2021-02-20T07:20:26+00:00,0087001061;0511061000,0.0,ST,0.0,EUR,P-100, , 
e4251,Create Invoice (from Order),2021-02-20T07:20:27+00:00,0005004920;0090041057,3.0,ST,9111.3,EUR, , ,L
e4252,Create Invoice (from Order),2021-02-20T07:20:27+00:00,0005004920;0090041057,0.0,ST,0.0,EUR, , ,L
e4253,Create Invoice (from Delivery),2021-02-20T07:20:27+00:00,0087001061;0090041057,3.0,ST,9111.3,EUR, , ,L
e4254,Create Invoice (from Delivery),2021-02-20T07:20:27+00:00,0087001061;0090041057,0.0,ST,0.0,EUR, , ,L
e3961,Create Goods Movement (from Order),2021-02-20T07:21:24+00:00,0005004921;4900000481,3.0,ST,1723.35,EUR,P-102,601, 
e3962,Create Goods Movement (from Order),2021-02-20T07:21:24+00:00,0005004921;0511062000,0.0,ST,0.0,EUR,P-100, , 
e3963,Create Goods Movement (from Delivery),2021-02-20T07:21:24+00:00,0087001062;4900000481,3.0,ST,1723.35,EUR,P-102,601, 
e3964,Create Goods Movement (from Delivery),2021-02-20T07:21:24+00:00,0087001062;0511062000,0.0,ST,0.0,EUR,P-100, , 
e4255,Create Invoice (from Order),2021-02-20T07:21:25+00:00,0005004921;0090041058,3.0,ST,9111.3,EUR, , ,L
e4256,Create Invoice (from Order),2021-02-20T07:21:25+00:00,0005004921;0090041058,0.0,ST,0.0,EUR, , ,L
e4257,Create Invoice (from Delivery),2021-02-20T07:21:25+00:00,0087001062;0090041058,3.0,ST,9111.3,EUR, , ,L
e4258,Create Invoice (from Delivery),2021-02-20T07:21:25+00:00,0087001062;0090041058,0.0,ST,0.0,EUR, , ,L
e4259,Create Invoice (from Order),2021-02-20T07:22:23+00:00,0005004922;0090041059,3.0,ST,9111.3,EUR, , ,L
e4260,Create Invoice (from Order),2021-02-20T07:22:23+00:00,0005004922;0090041059,0.0,ST,0.0,EUR, , ,L
e4261,Create Invoice (from Delivery),2021-02-20T07:22:23+00:00,0087001063;0090041059,3.0,ST,9111.3,EUR, , ,L
e4262,Create Invoice (from Delivery),2021-02-20T07:22:23+00:00,0087001063;0090041059,0.0,ST,0.0,EUR, , ,L
e4678,Create Goods Movement (from Order),2021-02-20T07:22:23+00:00,0005004922;4900000482,3.0,ST,1723.35,EUR,P-102,601, 
e4679,Create Goods Movement (from Order),2021-02-20T07:22:23+00:00,0005004922;0511063000,0.0,ST,0.0,EUR,P-100, , 
e4690,Create Goods Movement (from Delivery),2021-02-20T07:22:23+00:00,0087001063;4900000482,3.0,ST,1723.35,EUR,P-102,601, 
e4691,Create Goods Movement (from Delivery),2021-02-20T07:22:23+00:00,0087001063;0511063000,0.0,ST,0.0,EUR,P-100, , 
e4351,Create Goods Movement (from Order),2021-02-20T07:23:21+00:00,0005004923;4900000483,3.0,ST,1723.35,EUR,P-102,601, 
e4352,Create Goods Movement (from Order),2021-02-20T07:23:21+00:00,0005004923;0511064000,0.0,ST,0.0,EUR,P-100, , 
e4353,Create Goods Movement (from Delivery),2021-02-20T07:23:21+00:00,0087001064;4900000483,3.0,ST,1723.35,EUR,P-102,601, 
e4354,Create Goods Movement (from Delivery),2021-02-20T07:23:21+00:00,0087001064;0511064000,0.0,ST,0.0,EUR,P-100, , 
e4263,Create Invoice (from Order),2021-02-20T07:23:22+00:00,0005004923;0090041060,3.0,ST,9111.3,EUR, , ,L
e4264,Create Invoice (from Order),2021-02-20T07:23:22+00:00,0005004923;0090041060,0.0,ST,0.0,EUR, , ,L
e4265,Create Invoice (from Delivery),2021-02-20T07:23:22+00:00,0087001064;0090041060,3.0,ST,9111.3,EUR, , ,L
e4266,Create Invoice (from Delivery),2021-02-20T07:23:22+00:00,0087001064;0090041060,0.0,ST,0.0,EUR, , ,L
e3965,Create Goods Movement (from Order),2021-02-20T07:24:20+00:00,0005004924;4900000484,3.0,ST,1723.35,EUR,P-102,601, 
e3966,Create Goods Movement (from Order),2021-02-20T07:24:20+00:00,0005004924;0511065000,0.0,ST,0.0,EUR,P-100, , 
e3967,Create Goods Movement (from Delivery),2021-02-20T07:24:20+00:00,0087001065;4900000484,3.0,ST,1723.35,EUR,P-102,601, 
e3972,Create Goods Movement (from Delivery),2021-02-20T07:24:20+00:00,0087001065;0511065000,0.0,ST,0.0,EUR,P-100, , 
e4267,Create Invoice (from Order),2021-02-20T07:24:21+00:00,0005004924;0090041061,3.0,ST,9111.3,EUR, , ,L
e4268,Create Invoice (from Order),2021-02-20T07:24:21+00:00,0005004924;0090041061,0.0,ST,0.0,EUR, , ,L
e4269,Create Invoice (from Delivery),2021-02-20T07:24:21+00:00,0087001065;0090041061,3.0,ST,9111.3,EUR, , ,L
e4270,Create Invoice (from Delivery),2021-02-20T07:24:21+00:00,0087001065;0090041061,0.0,ST,0.0,EUR, , ,L
e4311,Create Goods Movement (from Order),2021-02-20T07:25:18+00:00,0005004925;4900000485,3.0,ST,1723.35,EUR,P-102,601, 
e4312,Create Goods Movement (from Order),2021-02-20T07:25:18+00:00,0005004925;0511066000,0.0,ST,0.0,EUR,P-100, , 
e4313,Create Goods Movement (from Delivery),2021-02-20T07:25:18+00:00,0087001066;4900000485,3.0,ST,1723.35,EUR,P-102,601, 
e4314,Create Goods Movement (from Delivery),2021-02-20T07:25:18+00:00,0087001066;0511066000,0.0,ST,0.0,EUR,P-100, , 
e4271,Create Invoice (from Order),2021-02-20T07:25:19+00:00,0005004925;0090041062,3.0,ST,9111.3,EUR, , ,L
e4272,Create Invoice (from Order),2021-02-20T07:25:19+00:00,0005004925;0090041062,0.0,ST,0.0,EUR, , ,L
e4273,Create Invoice (from Delivery),2021-02-20T07:25:19+00:00,0087001066;0090041062,3.0,ST,9111.3,EUR, , ,L
e4274,Create Invoice (from Delivery),2021-02-20T07:25:19+00:00,0087001066;0090041062,0.0,ST,0.0,EUR, , ,L
e4275,Create Invoice (from Order),2021-02-20T07:26:17+00:00,0005004926;0090041063,3.0,ST,9111.3,EUR, , ,L
e4276,Create Invoice (from Order),2021-02-20T07:26:17+00:00,0005004926;0090041063,0.0,ST,0.0,EUR, , ,L
e4277,Create Invoice (from Delivery),2021-02-20T07:26:17+00:00,0087001067;0090041063,3.0,ST,9111.3,EUR, , ,L
e4278,Create Invoice (from Delivery),2021-02-20T07:26:17+00:00,0087001067;0090041063,0.0,ST,0.0,EUR, , ,L
e4355,Create Goods Movement (from Order),2021-02-20T07:26:17+00:00,0005004926;4900000486,3.0,ST,1723.35,EUR,P-102,601, 
e4356,Create Goods Movement (from Order),2021-02-20T07:26:17+00:00,0005004926;0511067000,0.0,ST,0.0,EUR,P-100, , 
e4357,Create Goods Movement (from Delivery),2021-02-20T07:26:17+00:00,0087001067;4900000486,3.0,ST,1723.35,EUR,P-102,601, 
e4358,Create Goods Movement (from Delivery),2021-02-20T07:26:17+00:00,0087001067;0511067000,0.0,ST,0.0,EUR,P-100, , 
e4279,Create Invoice (from Order),2021-02-20T07:27:15+00:00,0005004927;0090041064,3.0,ST,9111.3,EUR, , ,L
e4280,Create Invoice (from Order),2021-02-20T07:27:15+00:00,0005004927;0090041064,0.0,ST,0.0,EUR, , ,L
e4281,Create Invoice (from Delivery),2021-02-20T07:27:15+00:00,0087001068;0090041064,3.0,ST,9111.3,EUR, , ,L
e4282,Create Invoice (from Delivery),2021-02-20T07:27:15+00:00,0087001068;0090041064,0.0,ST,0.0,EUR, , ,L
e4359,Create Goods Movement (from Order),2021-02-20T07:27:15+00:00,0005004927;4900000487,3.0,ST,1723.35,EUR,P-102,601, 
e4360,Create Goods Movement (from Order),2021-02-20T07:27:15+00:00,0005004927;0511068000,0.0,ST,0.0,EUR,P-100, , 
e4361,Create Goods Movement (from Delivery),2021-02-20T07:27:15+00:00,0087001068;4900000487,3.0,ST,1723.35,EUR,P-102,601, 
e4362,Create Goods Movement (from Delivery),2021-02-20T07:27:15+00:00,0087001068;0511068000,0.0,ST,0.0,EUR,P-100, , 
e4076,Create Goods Movement (from Order),2021-02-20T07:28:13+00:00,0005004928;4900000488,3.0,ST,1723.35,EUR,P-102,601, 
e4077,Create Goods Movement (from Order),2021-02-20T07:28:13+00:00,0005004928;0511069000,0.0,ST,0.0,EUR,P-100, , 
e4078,Create Goods Movement (from Delivery),2021-02-20T07:28:13+00:00,0087001069;4900000488,3.0,ST,1723.35,EUR,P-102,601, 
e4079,Create Goods Movement (from Delivery),2021-02-20T07:28:13+00:00,0087001069;0511069000,0.0,ST,0.0,EUR,P-100, , 
e4283,Create Invoice (from Order),2021-02-20T07:28:14+00:00,0005004928;0090041065,3.0,ST,9111.3,EUR, , ,L
e4284,Create Invoice (from Order),2021-02-20T07:28:14+00:00,0005004928;0090041065,0.0,ST,0.0,EUR, , ,L
e4285,Create Invoice (from Delivery),2021-02-20T07:28:14+00:00,0087001069;0090041065,3.0,ST,9111.3,EUR, , ,L
e4286,Create Invoice (from Delivery),2021-02-20T07:28:14+00:00,0087001069;0090041065,0.0,ST,0.0,EUR, , ,L
e4080,Create Goods Movement (from Order),2021-02-20T07:29:12+00:00,0005004929;4900000489,3.0,ST,1723.35,EUR,P-102,601, 
e4081,Create Goods Movement (from Order),2021-02-20T07:29:12+00:00,0005004929;0511070000,0.0,ST,0.0,EUR,P-100, , 
e4082,Create Goods Movement (from Delivery),2021-02-20T07:29:12+00:00,0087001070;4900000489,3.0,ST,1723.35,EUR,P-102,601, 
e4083,Create Goods Movement (from Delivery),2021-02-20T07:29:12+00:00,0087001070;0511070000,0.0,ST,0.0,EUR,P-100, , 
e4585,Create Invoice (from Order),2021-02-20T07:29:13+00:00,0005004929;0090041066,3.0,ST,9111.3,EUR, , ,L
e4586,Create Invoice (from Order),2021-02-20T07:29:13+00:00,0005004929;0090041066,0.0,ST,0.0,EUR, , ,L
e4587,Create Invoice (from Delivery),2021-02-20T07:29:13+00:00,0087001070;0090041066,3.0,ST,9111.3,EUR, , ,L
e4588,Create Invoice (from Delivery),2021-02-20T07:29:13+00:00,0087001070;0090041066,0.0,ST,0.0,EUR, , ,L
e4315,Create Goods Movement (from Order),2021-02-20T07:30:10+00:00,0005004930;4900000490,3.0,ST,1723.35,EUR,P-102,601, 
e4316,Create Goods Movement (from Order),2021-02-20T07:30:10+00:00,0005004930;0511071000,0.0,ST,0.0,EUR,P-100, , 
e4317,Create Goods Movement (from Delivery),2021-02-20T07:30:10+00:00,0087001071;4900000490,3.0,ST,1723.35,EUR,P-102,601, 
e4318,Create Goods Movement (from Delivery),2021-02-20T07:30:10+00:00,0087001071;0511071000,0.0,ST,0.0,EUR,P-100, , 
e4589,Create Invoice (from Order),2021-02-20T07:30:11+00:00,0005004930;0090041067,3.0,ST,9111.3,EUR, , ,L
e4590,Create Invoice (from Order),2021-02-20T07:30:11+00:00,0005004930;0090041067,0.0,ST,0.0,EUR, , ,L
e4591,Create Invoice (from Delivery),2021-02-20T07:30:11+00:00,0087001071;0090041067,3.0,ST,9111.3,EUR, , ,L
e4592,Create Invoice (from Delivery),2021-02-20T07:30:11+00:00,0087001071;0090041067,0.0,ST,0.0,EUR, , ,L
e4088,Create Goods Movement (from Order),2021-02-20T07:31:08+00:00,0005004931;4900000491,3.0,ST,1723.35,EUR,P-102,601, 
e4089,Create Goods Movement (from Order),2021-02-20T07:31:08+00:00,0005004931;0511072000,0.0,ST,0.0,EUR,P-100, , 
e4090,Create Goods Movement (from Delivery),2021-02-20T07:31:08+00:00,0087001072;4900000491,3.0,ST,1723.35,EUR,P-102,601, 
e4091,Create Goods Movement (from Delivery),2021-02-20T07:31:08+00:00,0087001072;0511072000,0.0,ST,0.0,EUR,P-100, , 
e4593,Create Invoice (from Order),2021-02-20T07:31:09+00:00,0005004931;0090041068,3.0,ST,9111.3,EUR, , ,L
e4594,Create Invoice (from Order),2021-02-20T07:31:09+00:00,0005004931;0090041068,0.0,ST,0.0,EUR, , ,L
e4595,Create Invoice (from Delivery),2021-02-20T07:31:09+00:00,0087001072;0090041068,3.0,ST,9111.3,EUR, , ,L
e4596,Create Invoice (from Delivery),2021-02-20T07:31:09+00:00,0087001072;0090041068,0.0,ST,0.0,EUR, , ,L
e4363,Create Goods Movement (from Order),2021-02-20T07:32:07+00:00,0005004932;4900000492,3.0,ST,1723.35,EUR,P-102,601, 
e4364,Create Goods Movement (from Order),2021-02-20T07:32:07+00:00,0005004932;0511073000,0.0,ST,0.0,EUR,P-100, , 
e4365,Create Goods Movement (from Delivery),2021-02-20T07:32:07+00:00,0087001073;4900000492,3.0,ST,1723.35,EUR,P-102,601, 
e4366,Create Goods Movement (from Delivery),2021-02-20T07:32:07+00:00,0087001073;0511073000,0.0,ST,0.0,EUR,P-100, , 
e4597,Create Invoice (from Order),2021-02-20T07:32:08+00:00,0005004932;0090041069,3.0,ST,9111.3,EUR, , ,L
e4598,Create Invoice (from Order),2021-02-20T07:32:08+00:00,0005004932;0090041069,0.0,ST,0.0,EUR, , ,L
e4599,Create Invoice (from Delivery),2021-02-20T07:32:08+00:00,0087001073;0090041069,3.0,ST,9111.3,EUR, , ,L
e4600,Create Invoice (from Delivery),2021-02-20T07:32:08+00:00,0087001073;0090041069,0.0,ST,0.0,EUR, , ,L
e4601,Create Goods Movement (from Order),2021-02-20T07:33:05+00:00,0005004933;4900000493,3.0,ST,1723.35,EUR,P-102,601, 
e4602,Create Goods Movement (from Order),2021-02-20T07:33:05+00:00,0005004933;0511074000,0.0,ST,0.0,EUR,P-100, , 
e4603,Create Goods Movement (from Delivery),2021-02-20T07:33:05+00:00,0087001074;4900000493,3.0,ST,1723.35,EUR,P-102,601, 
e4604,Create Goods Movement (from Delivery),2021-02-20T07:33:05+00:00,0087001074;0511074000,0.0,ST,0.0,EUR,P-100, , 
e4605,Create Invoice (from Order),2021-02-20T07:33:06+00:00,0005004933;0090041070,3.0,ST,9111.3,EUR, , ,L
e4606,Create Invoice (from Order),2021-02-20T07:33:06+00:00,0005004933;0090041070,0.0,ST,0.0,EUR, , ,L
e4607,Create Invoice (from Delivery),2021-02-20T07:33:06+00:00,0087001074;0090041070,3.0,ST,9111.3,EUR, , ,L
e4608,Create Invoice (from Delivery),2021-02-20T07:33:06+00:00,0087001074;0090041070,0.0,ST,0.0,EUR, , ,L
e4764,Create Goods Movement (from Order),2021-02-20T07:34:04+00:00,0005004934;4900000494,3.0,ST,1723.35,EUR,P-102,601, 
e4765,Create Goods Movement (from Order),2021-02-20T07:34:04+00:00,0005004934;0511075000,0.0,ST,0.0,EUR,P-100, , 
e4766,Create Goods Movement (from Delivery),2021-02-20T07:34:04+00:00,0087001075;4900000494,3.0,ST,1723.35,EUR,P-102,601, 
e4767,Create Goods Movement (from Delivery),2021-02-20T07:34:04+00:00,0087001075;0511075000,0.0,ST,0.0,EUR,P-100, , 
e4287,Create Invoice (from Order),2021-02-20T07:34:05+00:00,0005004934;0090041071,3.0,ST,9111.3,EUR, , ,L
e4288,Create Invoice (from Order),2021-02-20T07:34:05+00:00,0005004934;0090041071,0.0,ST,0.0,EUR, , ,L
e4289,Create Invoice (from Delivery),2021-02-20T07:34:05+00:00,0087001075;0090041071,3.0,ST,9111.3,EUR, , ,L
e4290,Create Invoice (from Delivery),2021-02-20T07:34:05+00:00,0087001075;0090041071,0.0,ST,0.0,EUR, , ,L
e4092,Create Goods Movement (from Order),2021-02-20T07:35:03+00:00,0005004935;4900000495,3.0,ST,1723.35,EUR,P-102,601, 
e4093,Create Goods Movement (from Order),2021-02-20T07:35:03+00:00,0005004935;0511076000,0.0,ST,0.0,EUR,P-100, , 
e4094,Create Goods Movement (from Delivery),2021-02-20T07:35:03+00:00,0087001076;4900000495,3.0,ST,1723.35,EUR,P-102,601, 
e4095,Create Goods Movement (from Delivery),2021-02-20T07:35:03+00:00,0087001076;0511076000,0.0,ST,0.0,EUR,P-100, , 
e4291,Create Invoice (from Order),2021-02-20T07:35:04+00:00,0005004935;0090041072,3.0,ST,9111.3,EUR, , ,L
e4292,Create Invoice (from Order),2021-02-20T07:35:04+00:00,0005004935;0090041072,0.0,ST,0.0,EUR, , ,L
e4293,Create Invoice (from Delivery),2021-02-20T07:35:04+00:00,0087001076;0090041072,3.0,ST,9111.3,EUR, , ,L
e4294,Create Invoice (from Delivery),2021-02-20T07:35:04+00:00,0087001076;0090041072,0.0,ST,0.0,EUR, , ,L
e3973,Create Goods Movement (from Order),2021-02-20T07:36:02+00:00,0005004936;4900000496,3.0,ST,1723.35,EUR,P-102,601, 
e3974,Create Goods Movement (from Order),2021-02-20T07:36:02+00:00,0005004936;0511077000,0.0,ST,0.0,EUR,P-100, , 
e3975,Create Goods Movement (from Delivery),2021-02-20T07:36:02+00:00,0087001077;4900000496,3.0,ST,1723.35,EUR,P-102,601, 
e3976,Create Goods Movement (from Delivery),2021-02-20T07:36:02+00:00,0087001077;0511077000,0.0,ST,0.0,EUR,P-100, , 
e4295,Create Invoice (from Order),2021-02-20T07:36:03+00:00,0005004936;0090041073,3.0,ST,9111.3,EUR, , ,L
e4296,Create Invoice (from Order),2021-02-20T07:36:03+00:00,0005004936;0090041073,0.0,ST,0.0,EUR, , ,L
e4297,Create Invoice (from Delivery),2021-02-20T07:36:03+00:00,0087001077;0090041073,3.0,ST,9111.3,EUR, , ,L
e4298,Create Invoice (from Delivery),2021-02-20T07:36:03+00:00,0087001077;0090041073,0.0,ST,0.0,EUR, , ,L
e4096,Create Goods Movement (from Order),2021-02-20T07:41:25+00:00,0005004937;4900000497,3.0,ST,1723.35,EUR,P-102,601, 
e4097,Create Goods Movement (from Order),2021-02-20T07:41:25+00:00,0005004937;0511078000,0.0,ST,0.0,EUR,P-100, , 
e4098,Create Goods Movement (from Delivery),2021-02-20T07:41:25+00:00,0087001078;4900000497,3.0,ST,1723.35,EUR,P-102,601, 
e4099,Create Goods Movement (from Delivery),2021-02-20T07:41:25+00:00,0087001078;0511078000,0.0,ST,0.0,EUR,P-100, , 
e4609,Create Invoice (from Order),2021-02-20T07:41:26+00:00,0005004937;0090041074,3.0,ST,9111.3,EUR, , ,L
e4610,Create Invoice (from Order),2021-02-20T07:41:26+00:00,0005004937;0090041074,0.0,ST,0.0,EUR, , ,L
e4611,Create Invoice (from Delivery),2021-02-20T07:41:26+00:00,0087001078;0090041074,3.0,ST,9111.3,EUR, , ,L
e4612,Create Invoice (from Delivery),2021-02-20T07:41:26+00:00,0087001078;0090041074,0.0,ST,0.0,EUR, , ,L
e4768,Create Goods Movement (from Order),2021-02-20T07:42:28+00:00,0005004938;4900000498,3.0,ST,1723.35,EUR,P-102,601, 
e4769,Create Goods Movement (from Order),2021-02-20T07:42:28+00:00,0005004938;0511079000,0.0,ST,0.0,EUR,P-100, , 
e4770,Create Goods Movement (from Delivery),2021-02-20T07:42:28+00:00,0087001079;4900000498,3.0,ST,1723.35,EUR,P-102,601, 
e4771,Create Goods Movement (from Delivery),2021-02-20T07:42:28+00:00,0087001079;0511079000,0.0,ST,0.0,EUR,P-100, , 
e4613,Create Invoice (from Order),2021-02-20T07:42:29+00:00,0005004938;0090041075,3.0,ST,9111.3,EUR, , ,L
e4614,Create Invoice (from Order),2021-02-20T07:42:29+00:00,0005004938;0090041075,0.0,ST,0.0,EUR, , ,L
e4615,Create Invoice (from Delivery),2021-02-20T07:42:29+00:00,0087001079;0090041075,3.0,ST,9111.3,EUR, , ,L
e4692,Create Invoice (from Delivery),2021-02-20T07:42:29+00:00,0087001079;0090041075,0.0,ST,0.0,EUR, , ,L
e4100,Create Goods Movement (from Order),2021-02-20T07:43:26+00:00,0005004939;4900000499,3.0,ST,1723.35,EUR,P-102,601, 
e4101,Create Goods Movement (from Order),2021-02-20T07:43:26+00:00,0005004939;0511080000,0.0,ST,0.0,EUR,P-100, , 
e4102,Create Goods Movement (from Delivery),2021-02-20T07:43:26+00:00,0087001080;4900000499,3.0,ST,1723.35,EUR,P-102,601, 
e4103,Create Goods Movement (from Delivery),2021-02-20T07:43:26+00:00,0087001080;0511080000,0.0,ST,0.0,EUR,P-100, , 
e3906,Create Invoice (from Order),2021-02-20T07:43:27+00:00,0005004939;0090041076,3.0,ST,9111.3,EUR, , ,L
e3907,Create Invoice (from Order),2021-02-20T07:43:27+00:00,0005004939;0090041076,0.0,ST,0.0,EUR, , ,L
e3908,Create Invoice (from Delivery),2021-02-20T07:43:27+00:00,0087001080;0090041076,3.0,ST,9111.3,EUR, , ,L
e3909,Create Invoice (from Delivery),2021-02-20T07:43:27+00:00,0087001080;0090041076,0.0,ST,0.0,EUR, , ,L
e3910,Create Invoice (from Order),2021-02-20T07:44:25+00:00,0005004940;0090041077,3.0,ST,9111.3,EUR, , ,L
e3911,Create Invoice (from Order),2021-02-20T07:44:25+00:00,0005004940;0090041077,0.0,ST,0.0,EUR, , ,L
e3912,Create Invoice (from Delivery),2021-02-20T07:44:25+00:00,0087001081;0090041077,3.0,ST,9111.3,EUR, , ,L
e3913,Create Invoice (from Delivery),2021-02-20T07:44:25+00:00,0087001081;0090041077,0.0,ST,0.0,EUR, , ,L
e4319,Create Goods Movement (from Order),2021-02-20T07:44:25+00:00,0005004940;4900000500,3.0,ST,1723.35,EUR,P-102,601, 
e4320,Create Goods Movement (from Order),2021-02-20T07:44:25+00:00,0005004940;0511081000,0.0,ST,0.0,EUR,P-100, , 
e4321,Create Goods Movement (from Delivery),2021-02-20T07:44:25+00:00,0087001081;4900000500,3.0,ST,1723.35,EUR,P-102,601, 
e4322,Create Goods Movement (from Delivery),2021-02-20T07:44:25+00:00,0087001081;0511081000,0.0,ST,0.0,EUR,P-100, , 
e4104,Create Goods Movement (from Order),2021-02-20T07:45:23+00:00,0005004941;4900000501,3.0,ST,1723.35,EUR,P-102,601, 
e4105,Create Goods Movement (from Order),2021-02-20T07:45:23+00:00,0005004941;0511082000,0.0,ST,0.0,EUR,P-100, , 
e4106,Create Goods Movement (from Delivery),2021-02-20T07:45:23+00:00,0087001082;4900000501,3.0,ST,1723.35,EUR,P-102,601, 
e4107,Create Goods Movement (from Delivery),2021-02-20T07:45:23+00:00,0087001082;0511082000,0.0,ST,0.0,EUR,P-100, , 
e3914,Create Invoice (from Order),2021-02-20T07:45:24+00:00,0005004941;0090041078,3.0,ST,9111.3,EUR, , ,L
e3915,Create Invoice (from Order),2021-02-20T07:45:24+00:00,0005004941;0090041078,0.0,ST,0.0,EUR, , ,L
e3916,Create Invoice (from Delivery),2021-02-20T07:45:24+00:00,0087001082;0090041078,3.0,ST,9111.3,EUR, , ,L
e3917,Create Invoice (from Delivery),2021-02-20T07:45:24+00:00,0087001082;0090041078,0.0,ST,0.0,EUR, , ,L
e4772,Create Goods Movement (from Order),2021-02-20T07:46:21+00:00,0005004942;4900000502,3.0,ST,1723.35,EUR,P-102,601, 
e4773,Create Goods Movement (from Order),2021-02-20T07:46:21+00:00,0005004942;0511083000,0.0,ST,0.0,EUR,P-100, , 
e4774,Create Goods Movement (from Delivery),2021-02-20T07:46:21+00:00,0087001083;4900000502,3.0,ST,1723.35,EUR,P-102,601, 
e4775,Create Goods Movement (from Delivery),2021-02-20T07:46:21+00:00,0087001083;0511083000,0.0,ST,0.0,EUR,P-100, , 
e3918,Create Invoice (from Order),2021-02-20T07:46:22+00:00,0005004942;0090041079,3.0,ST,9111.3,EUR, , ,L
e3919,Create Invoice (from Order),2021-02-20T07:46:22+00:00,0005004942;0090041079,0.0,ST,0.0,EUR, , ,L
e3920,Create Invoice (from Delivery),2021-02-20T07:46:22+00:00,0087001083;0090041079,3.0,ST,9111.3,EUR, , ,L
e3921,Create Invoice (from Delivery),2021-02-20T07:46:22+00:00,0087001083;0090041079,0.0,ST,0.0,EUR, , ,L
e4323,Create Goods Movement (from Order),2021-02-20T07:47:20+00:00,0005004943;4900000503,3.0,ST,1723.35,EUR,P-102,601, 
e4324,Create Goods Movement (from Order),2021-02-20T07:47:20+00:00,0005004943;0511084000,0.0,ST,0.0,EUR,P-100, , 
e4325,Create Goods Movement (from Delivery),2021-02-20T07:47:20+00:00,0087001084;4900000503,3.0,ST,1723.35,EUR,P-102,601, 
e4326,Create Goods Movement (from Delivery),2021-02-20T07:47:20+00:00,0087001084;0511084000,0.0,ST,0.0,EUR,P-100, , 
e4299,Create Invoice (from Order),2021-02-20T07:47:21+00:00,0005004943;0090041080,3.0,ST,9111.3,EUR, , ,L
e4300,Create Invoice (from Order),2021-02-20T07:47:21+00:00,0005004943;0090041080,0.0,ST,0.0,EUR, , ,L
e4301,Create Invoice (from Delivery),2021-02-20T07:47:21+00:00,0087001084;0090041080,3.0,ST,9111.3,EUR, , ,L
e4302,Create Invoice (from Delivery),2021-02-20T07:47:21+00:00,0087001084;0090041080,0.0,ST,0.0,EUR, , ,L
e4108,Create Goods Movement (from Order),2021-02-20T07:48:18+00:00,0005004944;4900000504,3.0,ST,1723.35,EUR,P-102,601, 
e4109,Create Goods Movement (from Order),2021-02-20T07:48:18+00:00,0005004944;0511085000,0.0,ST,0.0,EUR,P-100, , 
e4110,Create Goods Movement (from Delivery),2021-02-20T07:48:18+00:00,0087001085;4900000504,3.0,ST,1723.35,EUR,P-102,601, 
e4111,Create Goods Movement (from Delivery),2021-02-20T07:48:18+00:00,0087001085;0511085000,0.0,ST,0.0,EUR,P-100, , 
e4303,Create Invoice (from Order),2021-02-20T07:48:19+00:00,0005004944;0090041081,3.0,ST,9111.3,EUR, , ,L
e4304,Create Invoice (from Order),2021-02-20T07:48:19+00:00,0005004944;0090041081,0.0,ST,0.0,EUR, , ,L
e4305,Create Invoice (from Delivery),2021-02-20T07:48:19+00:00,0087001085;0090041081,3.0,ST,9111.3,EUR, , ,L
e4306,Create Invoice (from Delivery),2021-02-20T07:48:19+00:00,0087001085;0090041081,0.0,ST,0.0,EUR, , ,L
e4112,Create Goods Movement (from Order),2021-02-20T07:49:17+00:00,0005004945;4900000505,3.0,ST,1723.35,EUR,P-102,601, 
e4113,Create Goods Movement (from Order),2021-02-20T07:49:17+00:00,0005004945;0511086000,0.0,ST,0.0,EUR,P-100, , 
e4114,Create Goods Movement (from Delivery),2021-02-20T07:49:17+00:00,0087001086;4900000505,3.0,ST,1723.35,EUR,P-102,601, 
e4115,Create Goods Movement (from Delivery),2021-02-20T07:49:17+00:00,0087001086;0511086000,0.0,ST,0.0,EUR,P-100, , 
e4693,Create Invoice (from Order),2021-02-20T07:49:18+00:00,0005004945;0090041082,3.0,ST,9111.3,EUR, , ,L
e4694,Create Invoice (from Order),2021-02-20T07:49:18+00:00,0005004945;0090041082,0.0,ST,0.0,EUR, , ,L
e4695,Create Invoice (from Delivery),2021-02-20T07:49:18+00:00,0087001086;0090041082,3.0,ST,9111.3,EUR, , ,L
e4696,Create Invoice (from Delivery),2021-02-20T07:49:18+00:00,0087001086;0090041082,0.0,ST,0.0,EUR, , ,L
e4697,Create Goods Movement (from Order),2021-02-20T07:50:16+00:00,0005004946;4900000506,3.0,ST,1723.35,EUR,P-102,601, 
e4698,Create Goods Movement (from Order),2021-02-20T07:50:16+00:00,0005004946;0511087000,0.0,ST,0.0,EUR,P-100, , 
e4699,Create Goods Movement (from Delivery),2021-02-20T07:50:16+00:00,0087001087;4900000506,3.0,ST,1723.35,EUR,P-102,601, 
e4700,Create Goods Movement (from Delivery),2021-02-20T07:50:16+00:00,0087001087;0511087000,0.0,ST,0.0,EUR,P-100, , 
e4701,Create Invoice (from Order),2021-02-20T07:50:17+00:00,0005004946;0090041083,3.0,ST,9111.3,EUR, , ,L
e4702,Create Invoice (from Order),2021-02-20T07:50:17+00:00,0005004946;0090041083,0.0,ST,0.0,EUR, , ,L
e4703,Create Invoice (from Delivery),2021-02-20T07:50:17+00:00,0087001087;0090041083,3.0,ST,9111.3,EUR, , ,L
e4704,Create Invoice (from Delivery),2021-02-20T07:50:17+00:00,0087001087;0090041083,0.0,ST,0.0,EUR, , ,L
e4367,Create Goods Movement (from Order),2021-02-20T07:51:14+00:00,0005004947;4900000507,3.0,ST,1723.35,EUR,P-102,601, 
e4368,Create Goods Movement (from Order),2021-02-20T07:51:14+00:00,0005004947;0511088000,0.0,ST,0.0,EUR,P-100, , 
e4369,Create Goods Movement (from Delivery),2021-02-20T07:51:14+00:00,0087001088;4900000507,3.0,ST,1723.35,EUR,P-102,601, 
e4370,Create Goods Movement (from Delivery),2021-02-20T07:51:14+00:00,0087001088;0511088000,0.0,ST,0.0,EUR,P-100, , 
e4705,Create Invoice (from Order),2021-02-20T07:51:15+00:00,0005004947;0090041084,3.0,ST,9111.3,EUR, , ,L
e4706,Create Invoice (from Order),2021-02-20T07:51:15+00:00,0005004947;0090041084,0.0,ST,0.0,EUR, , ,L
e4707,Create Invoice (from Delivery),2021-02-20T07:51:15+00:00,0087001088;0090041084,3.0,ST,9111.3,EUR, , ,L
e4708,Create Invoice (from Delivery),2021-02-20T07:51:15+00:00,0087001088;0090041084,0.0,ST,0.0,EUR, , ,L
e4307,Create Goods Movement (from Order),2021-02-21T07:51:58+00:00,0000019260;4900000513,3.0,ST,1897.62,EUR,P-101,601, 
e4308,Create Goods Movement (from Delivery),2021-02-21T07:51:58+00:00,0080019020;4900000513,3.0,ST,1897.62,EUR,P-101,601, 
e4309,Create Invoice (from Order),2021-02-21T07:52:06+00:00,0000019260;0090041085,3.0,ST,8037.6,EUR, , ,L
e4310,Create Invoice (from Delivery),2021-02-21T07:52:06+00:00,0080019020;0090041085,3.0,ST,8037.6,EUR, , ,L
e4709,Create Quotation (from Inquiry),2021-03-10T08:41:03+00:00,0005001467;0015000359,0.0, ,0.0,EUR, , , 
e4154,Create Order (from Quotation),2021-03-10T08:41:14+00:00,0005001467;0005004948,0.0, ,24380.72,EUR, , , 
e4710,Create Goods Movement (from Order),2021-03-10T08:50:57+00:00,0005004948;4900000517,7.0,ST,4427.78,EUR,P-101,601, 
e4711,Create Goods Movement (from Delivery),2021-03-10T08:50:57+00:00,0087001089;4900000517,7.0,ST,4427.78,EUR,P-101,601, 
e4155,Create Invoice (from Order),2021-03-10T08:51:05+00:00,0005004948;0090041086,7.0,ST,24380.72,EUR, , ,L
e4156,Create Invoice (from Delivery),2021-03-10T08:51:05+00:00,0087001089;0090041086,7.0,ST,24380.72,EUR, , ,L
e4037,Create Goods Movement (from Order),2021-05-21T07:07:39+00:00,0000019263;4900000530,5.0,ST,3162.7,EUR,P-101,601, 
e4038,Create Goods Movement (from Delivery),2021-05-21T07:07:39+00:00,0080019022;4900000530,5.0,ST,3162.7,EUR,P-101,601, 
e4116,Create Quotation (from Inquiry),2021-06-29T08:06:07+00:00,0010000103;0020000291,0.0, ,100000.0,EUR, , , 
e4117,Create Quotation (from Inquiry),2021-06-29T08:06:07+00:00,0010000103;0020000291,9.072,TO,100000.0,EUR, , , 
e4039,Create Other Document (p) (from Delivery / Shipping Notification),2021-07-10T01:22:06+00:00,0180000402;5000004699,11.0,PC,473.0,EUR,MZ100-100,107, 
e3926,Create Other Document (p) (from Delivery / Shipping Notification),2021-07-10T01:26:16+00:00,0180000402;5000004700,2.0,PC,86.0,EUR,MZ100-100,107, 
e3927,Create Goods Movement (from Delivery / Shipping Notification),2021-07-10T01:28:18+00:00,0180000402;5000004701,11.0,PC,0.0,EUR,MZ100-100,109, 
e3928,Create Goods Movement (from Delivery / Shipping Notification),2021-07-10T01:28:18+00:00,0180000402;5000004701,2.0,PC,0.0,EUR,MZ100-100,109, 
e4118,Create Credit Memo Request (from Order),2021-07-18T22:55:56+00:00,0000005037;0060000166,0.0, ,5624.2,EUR, , , 
e4119,Create Credit Memo Request (from Order),2021-07-18T22:55:56+00:00,0000005037;0060000166,2.0,ST,5624.2,EUR, , , 
e4120,Create Quotation (from Inquiry),2021-08-15T04:04:47+00:00,0010000104;0020000292,0.0, ,0.0,EUR, , , 
e4121,Create Quotation (from Inquiry),2021-08-15T04:04:47+00:00,0010000104;0020000292,0.01,TO,0.0,EUR, , , 
e4688,Create Other Document (p) (from Delivery / Shipping Notification),2021-11-13T00:36:55+00:00,0180000404;5000004840,10.0,KG,10000.0,EUR,ZTARIN2,107, 
e4689,Create Goods Movement (from Delivery / Shipping Notification),2021-11-13T00:50:20+00:00,0180000404;5000004841,10.0,KG,0.0,EUR,ZTARIN2,109, 
