event_id,object_id,qualifier
e74,0000019068,preceding document
e74,4900005426,subsequent document
e75,0080018917,preceding document
e75,4900005426,subsequent document
e1,0000019068,preceding document
e1,0090040438,subsequent document
e2,0080018917,preceding document
e2,0090040438,subsequent document
e76,0020000271,preceding document
e76,0000019071,subsequent document
e79,0000019073,preceding document
e79,4900005439,subsequent document
e80,0080018919,preceding document
e80,4900005439,subsequent document
e81,0000019073,preceding document
e81,0090040439,subsequent document
e82,0080018919,preceding document
e82,0090040439,subsequent document
e77,0020000274,preceding document
e77,0000019074,subsequent document
e78,0020000274,preceding document
e78,0000019074,subsequent document
e3,4900005445,subsequent document
e3,0000019077,preceding document
e4,4900005445,subsequent document
e4,0080018920,preceding document
e83,0090040440,subsequent document
e83,0000019077,preceding document
e84,0090040440,subsequent document
e84,0080018920,preceding document
e6,0000019078,preceding document
e6,4900005446,subsequent document
e7,4900005446,subsequent document
e7,0080018922,preceding document
e5,0000019080,preceding document
e5,4900005447,subsequent document
e9,0080018924,preceding document
e9,4900005447,subsequent document
e85,0090040441,subsequent document
e85,0000019080,preceding document
e86,0090040441,subsequent document
e86,0080018924,preceding document
e8,4900005522,subsequent document
e8,0000019084,preceding document
e10,0080018926,preceding document
e10,4900005522,subsequent document
e11,0090040442,subsequent document
e11,0000019084,preceding document
e12,0080018926,preceding document
e12,0090040442,subsequent document
e99,0000019086,preceding document
e99,4900005523,subsequent document
e100,0080018927,preceding document
e100,4900005523,subsequent document
e87,0090040443,subsequent document
e87,0000019086,preceding document
e88,0090040443,subsequent document
e88,0080018927,preceding document
e13,0000019087,preceding document
e13,4900005524,subsequent document
e14,0080018928,preceding document
e14,4900005524,subsequent document
e15,0000019087,preceding document
e15,0090040444,subsequent document
e16,0080018928,preceding document
e16,0090040444,subsequent document
e101,4900005525,subsequent document
e101,0000019088,preceding document
e102,4900005525,subsequent document
e102,0080018929,preceding document
e103,0000019089,preceding document
e103,4900005526,subsequent document
e104,0080018930,preceding document
e104,4900005526,subsequent document
e105,0000019089,preceding document
e105,0090040445,subsequent document
e106,0090040445,subsequent document
e106,0080018930,preceding document
e107,4900005527,subsequent document
e107,0000019090,preceding document
e108,4900005527,subsequent document
e108,0080018931,preceding document
e109,0000019090,preceding document
e109,0090040446,subsequent document
e110,0080018931,preceding document
e110,0090040446,subsequent document
e111,4900005528,subsequent document
e111,0000019091,preceding document
e112,0080018932,preceding document
e112,4900005528,subsequent document
e113,0090040447,subsequent document
e113,0000019091,preceding document
e114,0080018932,preceding document
e114,0090040447,subsequent document
e115,0000019092,preceding document
e115,4900005529,subsequent document
e116,0080018933,preceding document
e116,4900005529,subsequent document
e117,0090040448,subsequent document
e117,0000019092,preceding document
e118,0080018933,preceding document
e118,0090040448,subsequent document
e119,4900005530,subsequent document
e119,0000019093,preceding document
e120,4900005530,subsequent document
e120,0080018934,preceding document
e121,0090040449,subsequent document
e121,0000019093,preceding document
e122,0090040449,subsequent document
e122,0080018934,preceding document
e123,0000019094,preceding document
e123,4900005531,subsequent document
e124,0080018935,preceding document
e124,4900005531,subsequent document
e17,0080018935,preceding document
e17,0090040450,subsequent document
e125,0090040450,subsequent document
e125,0000019094,preceding document
e32,0000019095,preceding document
e32,4900005532,subsequent document
e33,4900005532,subsequent document
e33,0080018936,preceding document
e34,0000019095,preceding document
e34,0090040451,subsequent document
e35,0090040451,subsequent document
e35,0080018936,preceding document
e18,0000019096,preceding document
e18,4900005534,subsequent document
e19,0080018938,preceding document
e19,4900005534,subsequent document
e20,0090040452,subsequent document
e20,0000019096,preceding document
e21,0080018938,preceding document
e21,0090040452,subsequent document
e89,4900005535,subsequent document
e89,0000019101,preceding document
e90,4900005535,subsequent document
e90,0080018940,preceding document
e91,4900005536,subsequent document
e91,0000019105,preceding document
e92,4900005536,subsequent document
e92,0000019105,preceding document
e93,0080018941,preceding document
e93,4900005536,subsequent document
e94,0080018941,preceding document
e94,4900005536,subsequent document
e95,4900005537,subsequent document
e95,0000019102,preceding document
e96,4900005537,subsequent document
e96,0080018942,preceding document
e22,0000019106,preceding document
e22,4900005538,subsequent document
e23,0080018944,preceding document
e23,4900005538,subsequent document
e24,4900005539,subsequent document
e24,0000019104,preceding document
e25,0080018939,preceding document
e25,4900005539,subsequent document
e26,0000019103,preceding document
e26,4900005540,subsequent document
e27,0080018943,preceding document
e27,4900005540,subsequent document
e28,0000019107,preceding document
e28,4900005541,subsequent document
e29,0080018945,preceding document
e29,4900005541,subsequent document
e30,0090040453,subsequent document
e30,0000019105,preceding document
e31,0090040453,subsequent document
e31,0000019105,preceding document
e36,0090040453,subsequent document
e36,0080018941,preceding document
e37,0090040453,subsequent document
e37,0080018941,preceding document
e38,0000019107,preceding document
e38,0090040454,subsequent document
e39,0080018945,preceding document
e39,0090040454,subsequent document
e40,0090040455,subsequent document
e40,0000019106,preceding document
e41,0090040455,subsequent document
e41,0080018944,preceding document
e42,0000019104,preceding document
e42,0090040456,subsequent document
e43,0080018939,preceding document
e43,0090040456,subsequent document
e44,0000019103,preceding document
e44,0090040457,subsequent document
e45,0080018943,preceding document
e45,0090040457,subsequent document
e46,0000019102,preceding document
e46,0090040458,subsequent document
e47,0090040458,subsequent document
e47,0080018942,preceding document
e97,0020000275,subsequent document
e97,0010000088,preceding document
e98,0020000275,subsequent document
e98,0010000088,preceding document
e49,0010000089,preceding document
e49,0020000276,subsequent document
e50,0010000089,preceding document
e50,0020000276,subsequent document
e51,0010000089,preceding document
e51,0000019125,subsequent document
e52,0000019125,subsequent document
e52,0020000276,preceding document
e53,0000019125,subsequent document
e53,0020000276,preceding document
e48,1828951000,subsequent document
e48,0000019134,preceding document
e54,0080018951,preceding document
e54,1828951000,subsequent document
e55,0090040459,subsequent document
e55,0000019134,preceding document
e56,0080018951,preceding document
e56,0090040459,subsequent document
e57,0000019136,preceding document
e57,4500019826,subsequent document
e58,0000019154,preceding document
e58,0090040460,subsequent document
e59,0090040460,subsequent document
e59,0080018953,preceding document
e60,0090040461,subsequent document
e60,0000019156,preceding document
e61,0090040461,subsequent document
e61,0080018955,preceding document
e62,0090040462,subsequent document
e62,0000019157,preceding document
e63,0090040462,subsequent document
e63,0080018956,preceding document
e64,0090040463,subsequent document
e64,0000019158,preceding document
e65,0090040463,subsequent document
e65,0080018957,preceding document
e66,0000019174,preceding document
e66,4900005628,subsequent document
e67,4900005628,subsequent document
e67,0080018972,preceding document
e68,0090040464,subsequent document
e68,0000019174,preceding document
e69,0090040464,subsequent document
e69,0080018972,preceding document
e70,4900005629,subsequent document
e70,0000019175,preceding document
e71,4900005629,subsequent document
e71,0080018973,preceding document
e72,4900005630,subsequent document
e72,0005000028,preceding document
e73,0087000002,preceding document
e73,4900005630,subsequent document
e201,4900005631,subsequent document
e201,0005000029,preceding document
e202,0087000003,preceding document
e202,4900005631,subsequent document
e177,4900005632,subsequent document
e177,0005000030,preceding document
e178,4900005632,subsequent document
e178,0087000004,preceding document
e126,0090040465,subsequent document
e126,0005000030,preceding document
e127,0090040465,subsequent document
e127,0087000004,preceding document
e154,4900005645,subsequent document
e154,0000019182,preceding document
e155,0000019188,preceding document
e155,4900005647,subsequent document
e156,4900005647,subsequent document
e156,0080018976,preceding document
e157,0000019188,preceding document
e157,0090040466,subsequent document
e158,0080018976,preceding document
e158,0090040466,subsequent document
e128,4900005650,subsequent document
e128,0000019189,preceding document
e129,0080018977,preceding document
e129,4900005650,subsequent document
e227,0000019194,preceding document
e227,4900005666,subsequent document
e228,0080018981,preceding document
e228,4900005666,subsequent document
e229,4900005670,subsequent document
e229,0000019197,preceding document
e230,4900005670,subsequent document
e230,0000019197,preceding document
e231,4900005670,subsequent document
e231,0080018982,preceding document
e232,4900005670,subsequent document
e232,0080018982,preceding document
e233,0000019197,preceding document
e233,0090040467,subsequent document
e234,0000019197,preceding document
e234,0090040467,subsequent document
e235,0090040467,subsequent document
e235,0080018982,preceding document
e236,0090040467,subsequent document
e236,0080018982,preceding document
e130,4900005671,subsequent document
e130,0000019198,preceding document
e131,4900005671,subsequent document
e131,0000019198,preceding document
e132,4900005671,subsequent document
e132,0080018983,preceding document
e133,4900005671,subsequent document
e133,0080018983,preceding document
e134,0090040468,subsequent document
e134,0000019198,preceding document
e135,0090040468,subsequent document
e135,0000019198,preceding document
e136,0090040468,subsequent document
e136,0080018983,preceding document
e137,0090040468,subsequent document
e137,0080018983,preceding document
e203,0005000038,preceding document
e203,4900005672,subsequent document
e204,0005000038,preceding document
e204,4900005672,subsequent document
e205,0087000007,preceding document
e205,4900005672,subsequent document
e206,0087000007,preceding document
e206,4900005672,subsequent document
e237,0005000038,preceding document
e237,0090040469,subsequent document
e238,0005000038,preceding document
e238,0090040469,subsequent document
e239,0087000007,preceding document
e239,0090040469,subsequent document
e240,0087000007,preceding document
e240,0090040469,subsequent document
e241,2300009000,subsequent document
e241,0005000040,preceding document
e242,4900005673,subsequent document
e242,0005000040,preceding document
e243,2300009000,subsequent document
e243,0087000009,preceding document
e244,4900005673,subsequent document
e244,0087000009,preceding document
e159,0090040470,subsequent document
e159,0005000040,preceding document
e160,0090040470,subsequent document
e160,0005000040,preceding document
e161,0090040470,subsequent document
e161,0087000009,preceding document
e162,0090040470,subsequent document
e162,0087000009,preceding document
e138,0005002002,preceding document
e138,2300010000,subsequent document
e139,4900005674,subsequent document
e139,0005002002,preceding document
e140,0087000010,preceding document
e140,2300010000,subsequent document
e141,0087000010,preceding document
e141,4900005674,subsequent document
e142,0090040471,subsequent document
e142,0005002002,preceding document
e143,0090040471,subsequent document
e143,0005002002,preceding document
e144,0087000010,preceding document
e144,0090040471,subsequent document
e145,0087000010,preceding document
e145,0090040471,subsequent document
e163,2300011000,subsequent document
e163,0005002003,preceding document
e164,4900005675,subsequent document
e164,0005002003,preceding document
e165,2300011000,subsequent document
e165,0087000011,preceding document
e166,4900005675,subsequent document
e166,0087000011,preceding document
e146,0090040472,subsequent document
e146,0005002003,preceding document
e147,0090040472,subsequent document
e147,0005002003,preceding document
e148,0090040472,subsequent document
e148,0087000011,preceding document
e149,0090040472,subsequent document
e149,0087000011,preceding document
e179,2300012000,subsequent document
e179,0005002004,preceding document
e180,0005002004,preceding document
e180,4900005676,subsequent document
e181,0087000012,preceding document
e181,2300012000,subsequent document
e182,0087000012,preceding document
e182,4900005676,subsequent document
e150,0090040473,subsequent document
e150,0005002004,preceding document
e151,0090040473,subsequent document
e151,0005002004,preceding document
e152,0087000012,preceding document
e152,0090040473,subsequent document
e153,0087000012,preceding document
e153,0090040473,subsequent document
e167,0005002005,preceding document
e167,2300013000,subsequent document
e168,0005002005,preceding document
e168,4900005677,subsequent document
e169,2300013000,subsequent document
e169,0087000013,preceding document
e170,0087000013,preceding document
e170,4900005677,subsequent document
e171,0005002005,preceding document
e171,0090040474,subsequent document
e172,0005002005,preceding document
e172,0090040474,subsequent document
e173,0087000013,preceding document
e173,0090040474,subsequent document
e174,0087000013,preceding document
e174,0090040474,subsequent document
e175,0005002006,preceding document
e175,2300014000,subsequent document
e176,0005002006,preceding document
e176,4900005678,subsequent document
e183,0087000014,preceding document
e183,2300014000,subsequent document
e184,0087000014,preceding document
e184,4900005678,subsequent document
e207,0090040475,subsequent document
e207,0005002006,preceding document
e208,0090040475,subsequent document
e208,0005002006,preceding document
e209,0090040475,subsequent document
e209,0087000014,preceding document
e210,0090040475,subsequent document
e210,0087000014,preceding document
e185,2300015000,subsequent document
e185,0005002007,preceding document
e186,4900005679,subsequent document
e186,0005002007,preceding document
e187,0087000015,preceding document
e187,2300015000,subsequent document
e188,4900005679,subsequent document
e188,0087000015,preceding document
e189,0090040476,subsequent document
e189,0005002007,preceding document
e190,0090040476,subsequent document
e190,0005002007,preceding document
e191,0090040476,subsequent document
e191,0087000015,preceding document
e192,0090040476,subsequent document
e192,0087000015,preceding document
e193,2300016000,subsequent document
e193,0005002008,preceding document
e194,0005002008,preceding document
e194,4900005680,subsequent document
e195,2300016000,subsequent document
e195,0087000016,preceding document
e196,0087000016,preceding document
e196,4900005680,subsequent document
e197,0090040477,subsequent document
e197,0005002008,preceding document
e198,0090040477,subsequent document
e198,0005002008,preceding document
e199,0090040477,subsequent document
e199,0087000016,preceding document
e200,0090040477,subsequent document
e200,0087000016,preceding document
e211,2300017000,subsequent document
e211,0005002009,preceding document
e212,0005002009,preceding document
e212,4900005681,subsequent document
e213,2300017000,subsequent document
e213,0087000017,preceding document
e214,0087000017,preceding document
e214,4900005681,subsequent document
e215,0090040478,subsequent document
e215,0005002009,preceding document
e216,0090040478,subsequent document
e216,0005002009,preceding document
e217,0090040478,subsequent document
e217,0087000017,preceding document
e218,0090040478,subsequent document
e218,0087000017,preceding document
e219,2300018000,subsequent document
e219,0005002010,preceding document
e220,0005002010,preceding document
e220,4900005682,subsequent document
e221,2300018000,subsequent document
e221,0087000018,preceding document
e222,0087000018,preceding document
e222,4900005682,subsequent document
e223,0090040479,subsequent document
e223,0005002010,preceding document
e224,0090040479,subsequent document
e224,0005002010,preceding document
e225,0090040479,subsequent document
e225,0087000018,preceding document
e226,0090040479,subsequent document
e226,0087000018,preceding document
e3446,2300019000,subsequent document
e3446,0005002011,preceding document
e3447,4900005683,subsequent document
e3447,0005002011,preceding document
e3448,2300019000,subsequent document
e3448,0087000019,preceding document
e3449,0087000019,preceding document
e3449,4900005683,subsequent document
e741,0090040480,subsequent document
e741,0005002011,preceding document
e742,0090040480,subsequent document
e742,0005002011,preceding document
e743,0090040480,subsequent document
e743,0087000019,preceding document
e744,0090040480,subsequent document
e744,0087000019,preceding document
e1039,2300020000,subsequent document
e1039,0005002012,preceding document
e1040,4900005684,subsequent document
e1040,0005002012,preceding document
e1041,2300020000,subsequent document
e1041,0087000020,preceding document
e1042,4900005684,subsequent document
e1042,0087000020,preceding document
e745,0005002012,preceding document
e745,0090040481,subsequent document
e746,0005002012,preceding document
e746,0090040481,subsequent document
e747,0087000020,preceding document
e747,0090040481,subsequent document
e748,0087000020,preceding document
e748,0090040481,subsequent document
e3479,2300021000,subsequent document
e3479,0005002013,preceding document
e3480,0005002013,preceding document
e3480,4900005685,subsequent document
e3481,2300021000,subsequent document
e3481,0087000021,preceding document
e3482,4900005685,subsequent document
e3482,0087000021,preceding document
e1760,0090040482,subsequent document
e1760,0005002013,preceding document
e1761,0090040482,subsequent document
e1761,0005002013,preceding document
e1762,0090040482,subsequent document
e1762,0087000021,preceding document
e1763,0090040482,subsequent document
e1763,0087000021,preceding document
e947,0005002014,preceding document
e947,2300022000,subsequent document
e948,0005002014,preceding document
e948,4900005686,subsequent document
e949,2300022000,subsequent document
e949,0087000022,preceding document
e950,4900005686,subsequent document
e950,0087000022,preceding document
e1764,0005002014,preceding document
e1764,0090040483,subsequent document
e1765,0005002014,preceding document
e1765,0090040483,subsequent document
e1766,0090040483,subsequent document
e1766,0087000022,preceding document
e1767,0090040483,subsequent document
e1767,0087000022,preceding document
e3423,0005002015,preceding document
e3423,2300023000,subsequent document
e3424,4900005687,subsequent document
e3424,0005002015,preceding document
e3425,0087000023,preceding document
e3425,2300023000,subsequent document
e3426,4900005687,subsequent document
e3426,0087000023,preceding document
e1768,0090040484,subsequent document
e1768,0005002015,preceding document
e1769,0090040484,subsequent document
e1769,0005002015,preceding document
e1770,0090040484,subsequent document
e1770,0087000023,preceding document
e1771,0090040484,subsequent document
e1771,0087000023,preceding document
e3483,0005002016,preceding document
e3483,2300024000,subsequent document
e3484,0005002016,preceding document
e3484,4900005688,subsequent document
e3485,2300024000,subsequent document
e3485,0087000024,preceding document
e3486,4900005688,subsequent document
e3486,0087000024,preceding document
e1772,0005002016,preceding document
e1772,0090040485,subsequent document
e1773,0005002016,preceding document
e1773,0090040485,subsequent document
e1774,0090040485,subsequent document
e1774,0087000024,preceding document
e1775,0090040485,subsequent document
e1775,0087000024,preceding document
e951,0005002017,preceding document
e951,2300025000,subsequent document
e952,0005002017,preceding document
e952,4900005689,subsequent document
e953,2300025000,subsequent document
e953,0087000025,preceding document
e954,4900005689,subsequent document
e954,0087000025,preceding document
e1776,0005002017,preceding document
e1776,0090040486,subsequent document
e1777,0005002017,preceding document
e1777,0090040486,subsequent document
e1778,0090040486,subsequent document
e1778,0087000025,preceding document
e1779,0090040486,subsequent document
e1779,0087000025,preceding document
e3487,2300026000,subsequent document
e3487,0005002018,preceding document
e3488,4900005690,subsequent document
e3488,0005002018,preceding document
e3489,0087000026,preceding document
e3489,2300026000,subsequent document
e3490,0087000026,preceding document
e3490,4900005690,subsequent document
e749,0090040487,subsequent document
e749,0005002018,preceding document
e750,0090040487,subsequent document
e750,0005002018,preceding document
e751,0090040487,subsequent document
e751,0087000026,preceding document
e752,0090040487,subsequent document
e752,0087000026,preceding document
e1108,2300027000,subsequent document
e1108,0005002019,preceding document
e1109,0005002019,preceding document
e1109,4900005691,subsequent document
e1110,0087000027,preceding document
e1110,2300027000,subsequent document
e1111,0087000027,preceding document
e1111,4900005691,subsequent document
e3306,0090040488,subsequent document
e3306,0005002019,preceding document
e3307,0090040488,subsequent document
e3307,0005002019,preceding document
e3308,0090040488,subsequent document
e3308,0087000027,preceding document
e3309,0090040488,subsequent document
e3309,0087000027,preceding document
e1070,0005002020,preceding document
e1070,2300028000,subsequent document
e1071,4900005692,subsequent document
e1071,0005002020,preceding document
e1072,0087000028,preceding document
e1072,2300028000,subsequent document
e1073,4900005692,subsequent document
e1073,0087000028,preceding document
e3310,0005002020,preceding document
e3310,0090040489,subsequent document
e3311,0005002020,preceding document
e3311,0090040489,subsequent document
e3312,0087000028,preceding document
e3312,0090040489,subsequent document
e3313,0087000028,preceding document
e3313,0090040489,subsequent document
e1440,2300029000,subsequent document
e1440,0005002021,preceding document
e1441,4900005693,subsequent document
e1441,0005002021,preceding document
e1442,2300029000,subsequent document
e1442,0087000029,preceding document
e1443,4900005693,subsequent document
e1443,0087000029,preceding document
e3314,0005002021,preceding document
e3314,0090040490,subsequent document
e3315,0005002021,preceding document
e3315,0090040490,subsequent document
e3316,0087000029,preceding document
e3316,0090040490,subsequent document
e3317,0087000029,preceding document
e3317,0090040490,subsequent document
e1444,2300031000,subsequent document
e1444,0005002023,preceding document
e1445,0005002023,preceding document
e1445,4900005694,subsequent document
e1446,0087000031,preceding document
e1446,2300031000,subsequent document
e1447,0087000031,preceding document
e1447,4900005694,subsequent document
e3378,0090040491,subsequent document
e3378,0005002023,preceding document
e3379,0090040491,subsequent document
e3379,0005002023,preceding document
e3380,0087000031,preceding document
e3380,0090040491,subsequent document
e3381,0087000031,preceding document
e3381,0090040491,subsequent document
e1074,2300032000,subsequent document
e1074,0005002024,preceding document
e1075,0005002024,preceding document
e1075,4900005695,subsequent document
e1076,2300032000,subsequent document
e1076,0087000032,preceding document
e1077,0087000032,preceding document
e1077,4900005695,subsequent document
e3382,0005002024,preceding document
e3382,0090040492,subsequent document
e3383,0005002024,preceding document
e3383,0090040492,subsequent document
e3384,0087000032,preceding document
e3384,0090040492,subsequent document
e3385,0087000032,preceding document
e3385,0090040492,subsequent document
e870,2300033000,subsequent document
e870,0005002025,preceding document
e871,4900005696,subsequent document
e871,0005002025,preceding document
e872,0087000033,preceding document
e872,2300033000,subsequent document
e873,0087000033,preceding document
e873,4900005696,subsequent document
e3386,0090040493,subsequent document
e3386,0005002025,preceding document
e3387,0090040493,subsequent document
e3387,0005002025,preceding document
e3388,0090040493,subsequent document
e3388,0087000033,preceding document
e3389,0090040493,subsequent document
e3389,0087000033,preceding document
e557,2300034000,subsequent document
e557,0005002026,preceding document
e558,0005002026,preceding document
e558,4900005697,subsequent document
e559,2300034000,subsequent document
e559,0087000034,preceding document
e560,0087000034,preceding document
e560,4900005697,subsequent document
e3491,0090040494,subsequent document
e3491,0005002026,preceding document
e3492,0090040494,subsequent document
e3492,0005002026,preceding document
e3493,0090040494,subsequent document
e3493,0087000034,preceding document
e3494,0090040494,subsequent document
e3494,0087000034,preceding document
e1112,0005002027,preceding document
e1112,2300035000,subsequent document
e1113,4900005698,subsequent document
e1113,0005002027,preceding document
e1114,2300035000,subsequent document
e1114,0087000035,preceding document
e1115,4900005698,subsequent document
e1115,0087000035,preceding document
e1525,0005002027,preceding document
e1525,0090040495,subsequent document
e1526,0005002027,preceding document
e1526,0090040495,subsequent document
e1527,0087000035,preceding document
e1527,0090040495,subsequent document
e1528,0087000035,preceding document
e1528,0090040495,subsequent document
e1078,2300036000,subsequent document
e1078,0005002028,preceding document
e1079,4900005699,subsequent document
e1079,0005002028,preceding document
e1080,2300036000,subsequent document
e1080,0087000036,preceding document
e1081,4900005699,subsequent document
e1081,0087000036,preceding document
e1141,0090040496,subsequent document
e1141,0005002028,preceding document
e1142,0090040496,subsequent document
e1142,0005002028,preceding document
e1143,0090040496,subsequent document
e1143,0087000036,preceding document
e1144,0090040496,subsequent document
e1144,0087000036,preceding document
e1082,2300037000,subsequent document
e1082,0005002029,preceding document
e1083,0005002029,preceding document
e1083,4900005700,subsequent document
e1084,2300037000,subsequent document
e1084,0087000037,preceding document
e1085,0087000037,preceding document
e1085,4900005700,subsequent document
e1529,0005002029,preceding document
e1529,0090040497,subsequent document
e1530,0005002029,preceding document
e1530,0090040497,subsequent document
e1531,0087000037,preceding document
e1531,0090040497,subsequent document
e1532,0087000037,preceding document
e1532,0090040497,subsequent document
e561,0005002030,preceding document
e561,2300038000,subsequent document
e562,0005002030,preceding document
e562,4900005701,subsequent document
e563,0087000038,preceding document
e563,2300038000,subsequent document
e564,0087000038,preceding document
e564,4900005701,subsequent document
e1533,0005002030,preceding document
e1533,0090040498,subsequent document
e1534,0005002030,preceding document
e1534,0090040498,subsequent document
e1535,0087000038,preceding document
e1535,0090040498,subsequent document
e1536,0087000038,preceding document
e1536,0090040498,subsequent document
e3427,2300039000,subsequent document
e3427,0005002031,preceding document
e3428,0005002031,preceding document
e3428,4900005702,subsequent document
e3429,2300039000,subsequent document
e3429,0087000039,preceding document
e3430,0087000039,preceding document
e3430,4900005702,subsequent document
e1537,0005002031,preceding document
e1537,0090040499,subsequent document
e1538,0005002031,preceding document
e1538,0090040499,subsequent document
e1539,0087000039,preceding document
e1539,0090040499,subsequent document
e1540,0087000039,preceding document
e1540,0090040499,subsequent document
e1448,2300040000,subsequent document
e1448,0005002032,preceding document
e1449,0005002032,preceding document
e1449,4900005703,subsequent document
e1450,2300040000,subsequent document
e1450,0087000040,preceding document
e1451,4900005703,subsequent document
e1451,0087000040,preceding document
e1145,0005002032,preceding document
e1145,0090040500,subsequent document
e1146,0005002032,preceding document
e1146,0090040500,subsequent document
e1147,0090040500,subsequent document
e1147,0087000040,preceding document
e1148,0090040500,subsequent document
e1148,0087000040,preceding document
e1043,2300041000,subsequent document
e1043,0005002033,preceding document
e1044,4900005704,subsequent document
e1044,0005002033,preceding document
e1045,2300041000,subsequent document
e1045,0087000041,preceding document
e1046,4900005704,subsequent document
e1046,0087000041,preceding document
e501,0005002033,preceding document
e501,0090040501,subsequent document
e502,0005002033,preceding document
e502,0090040501,subsequent document
e503,0087000041,preceding document
e503,0090040501,subsequent document
e504,0087000041,preceding document
e504,0090040501,subsequent document
e3495,0005002034,preceding document
e3495,2300042000,subsequent document
e3496,4900005705,subsequent document
e3496,0005002034,preceding document
e3497,2300042000,subsequent document
e3497,0087000042,preceding document
e3498,4900005705,subsequent document
e3498,0087000042,preceding document
e505,0005002034,preceding document
e505,0090040502,subsequent document
e506,0005002034,preceding document
e506,0090040502,subsequent document
e507,0087000042,preceding document
e507,0090040502,subsequent document
e508,0087000042,preceding document
e508,0090040502,subsequent document
e3499,0005002035,preceding document
e3499,2300043000,subsequent document
e3500,4900005706,subsequent document
e3500,0005002035,preceding document
e3501,2300043000,subsequent document
e3501,0087000043,preceding document
e3502,4900005706,subsequent document
e3502,0087000043,preceding document
e509,0090040503,subsequent document
e509,0005002035,preceding document
e510,0090040503,subsequent document
e510,0005002035,preceding document
e511,0090040503,subsequent document
e511,0087000043,preceding document
e512,0090040503,subsequent document
e512,0087000043,preceding document
e874,2300044000,subsequent document
e874,0005002036,preceding document
e875,4900005707,subsequent document
e875,0005002036,preceding document
e876,2300044000,subsequent document
e876,0087000044,preceding document
e877,4900005707,subsequent document
e877,0087000044,preceding document
e513,0090040504,subsequent document
e513,0005002036,preceding document
e514,0090040504,subsequent document
e514,0005002036,preceding document
e515,0090040504,subsequent document
e515,0087000044,preceding document
e516,0090040504,subsequent document
e516,0087000044,preceding document
e1047,0005002037,preceding document
e1047,2300045000,subsequent document
e1048,0005002037,preceding document
e1048,4900005708,subsequent document
e1049,0087000045,preceding document
e1049,2300045000,subsequent document
e1050,0087000045,preceding document
e1050,4900005708,subsequent document
e1149,0090040505,subsequent document
e1149,0005002037,preceding document
e1150,0090040505,subsequent document
e1150,0005002037,preceding document
e1151,0087000045,preceding document
e1151,0090040505,subsequent document
e1152,0087000045,preceding document
e1152,0090040505,subsequent document
e1452,0005002038,preceding document
e1452,2300046000,subsequent document
e1453,0005002038,preceding document
e1453,4900005709,subsequent document
e1454,0087000046,preceding document
e1454,2300046000,subsequent document
e1455,0087000046,preceding document
e1455,4900005709,subsequent document
e1153,0005002038,preceding document
e1153,0090040506,subsequent document
e1154,0005002038,preceding document
e1154,0090040506,subsequent document
e1155,0087000046,preceding document
e1155,0090040506,subsequent document
e1156,0087000046,preceding document
e1156,0090040506,subsequent document
e955,0005002039,preceding document
e955,2300047000,subsequent document
e956,4900005710,subsequent document
e956,0005002039,preceding document
e957,0087000047,preceding document
e957,2300047000,subsequent document
e958,4900005710,subsequent document
e958,0087000047,preceding document
e517,0005002039,preceding document
e517,0090040507,subsequent document
e518,0005002039,preceding document
e518,0090040507,subsequent document
e519,0087000047,preceding document
e519,0090040507,subsequent document
e520,0087000047,preceding document
e520,0090040507,subsequent document
e959,2300048000,subsequent document
e959,0005002040,preceding document
e960,4900005711,subsequent document
e960,0005002040,preceding document
e961,2300048000,subsequent document
e961,0087000048,preceding document
e962,4900005711,subsequent document
e962,0087000048,preceding document
e521,0090040508,subsequent document
e521,0005002040,preceding document
e522,0090040508,subsequent document
e522,0005002040,preceding document
e523,0090040508,subsequent document
e523,0087000048,preceding document
e524,0090040508,subsequent document
e524,0087000048,preceding document
e878,2300049000,subsequent document
e878,0005002041,preceding document
e879,4900005712,subsequent document
e879,0005002041,preceding document
e880,0087000049,preceding document
e880,2300049000,subsequent document
e881,0087000049,preceding document
e881,4900005712,subsequent document
e525,0090040509,subsequent document
e525,0005002041,preceding document
e526,0090040509,subsequent document
e526,0005002041,preceding document
e527,0090040509,subsequent document
e527,0087000049,preceding document
e528,0090040509,subsequent document
e528,0087000049,preceding document
e1541,0090040510,subsequent document
e1541,0000019175,preceding document
e1542,0090040510,subsequent document
e1542,0080018973,preceding document
e3390,0000019194,preceding document
e3390,0090040511,subsequent document
e3391,0080018981,preceding document
e3391,0090040511,subsequent document
e3392,0090040512,subsequent document
e3392,0000019168,preceding document
e3393,0090040512,subsequent document
e3393,0080018968,preceding document
e1543,0090040513,subsequent document
e1543,0005000029,preceding document
e1544,0090040513,subsequent document
e1544,0087000003,preceding document
e807,0000019165,preceding document
e807,0090040514,subsequent document
e808,0080018958,preceding document
e808,0090040514,subsequent document
e809,0090040515,subsequent document
e809,0000019155,preceding document
e810,0090040515,subsequent document
e810,0080018954,preceding document
e299,0020000277,preceding document
e299,0000019214,subsequent document
e529,0000019222,preceding document
e529,4900005821,subsequent document
e530,0000019222,preceding document
e530,4900005821,subsequent document
e531,3048999000,subsequent document
e531,0000019222,preceding document
e532,3048999001,subsequent document
e532,0000019222,preceding document
e533,0000019222,preceding document
e533,3048999002,subsequent document
e534,0000019222,preceding document
e534,3048999003,subsequent document
e963,3048999004,subsequent document
e963,0000019222,preceding document
e964,0000019222,preceding document
e964,3048999005,subsequent document
e965,3048999006,subsequent document
e965,0000019222,preceding document
e966,0000019222,preceding document
e966,3048999007,subsequent document
e967,0080018999,preceding document
e967,4900005821,subsequent document
e968,0080018999,preceding document
e968,4900005821,subsequent document
e969,3048999000,subsequent document
e969,0080018999,preceding document
e970,3048999001,subsequent document
e970,0080018999,preceding document
e971,0080018999,preceding document
e971,3048999002,subsequent document
e972,0080018999,preceding document
e972,3048999003,subsequent document
e973,3048999004,subsequent document
e973,0080018999,preceding document
e974,0080018999,preceding document
e974,3048999005,subsequent document
e975,3048999006,subsequent document
e975,0080018999,preceding document
e976,0080018999,preceding document
e976,3048999007,subsequent document
e977,0090040516,subsequent document
e977,0000019222,preceding document
e1051,0090040516,subsequent document
e1051,0000019222,preceding document
e1052,0090040516,subsequent document
e1052,0000019222,preceding document
e1053,0090040516,subsequent document
e1053,0000019222,preceding document
e1054,0090040516,subsequent document
e1054,0000019222,preceding document
e1055,0090040516,subsequent document
e1055,0000019222,preceding document
e1056,0090040516,subsequent document
e1056,0000019222,preceding document
e1057,0090040516,subsequent document
e1057,0000019222,preceding document
e1058,0090040516,subsequent document
e1058,0000019222,preceding document
e1059,0090040516,subsequent document
e1059,0000019222,preceding document
e1060,0090040516,subsequent document
e1060,0080018999,preceding document
e1061,0090040516,subsequent document
e1061,0080018999,preceding document
e1062,0090040516,subsequent document
e1062,0080018999,preceding document
e1063,0090040516,subsequent document
e1063,0080018999,preceding document
e1064,0090040516,subsequent document
e1064,0080018999,preceding document
e1065,0090040516,subsequent document
e1065,0080018999,preceding document
e1066,0090040516,subsequent document
e1066,0080018999,preceding document
e1067,0090040516,subsequent document
e1067,0080018999,preceding document
e1068,0090040516,subsequent document
e1068,0080018999,preceding document
e1069,0090040516,subsequent document
e1069,0080018999,preceding document
e3559,0080019003,preceding document
e3559,3209003000,subsequent document
e535,0080019011,preceding document
e535,3429011000,subsequent document
e536,0080019011,preceding document
e536,4900005872,subsequent document
e537,0000019230,preceding document
e537,4900005873,subsequent document
e538,0080019012,preceding document
e538,4900005873,subsequent document
e539,0005004203,subsequent document
e539,0005001000,preceding document
e1342,0005004203,preceding document
e1342,4900005875,subsequent document
e1343,0005004203,preceding document
e1343,4900005875,subsequent document
e1344,0087000340,preceding document
e1344,4900005875,subsequent document
e1345,0087000340,preceding document
e1345,4900005875,subsequent document
e540,0005004203,preceding document
e540,0090040517,subsequent document
e541,0005004203,preceding document
e541,0090040517,subsequent document
e542,0087000340,preceding document
e542,0090040517,subsequent document
e543,0087000340,preceding document
e543,0090040517,subsequent document
e3530,0005004204,subsequent document
e3530,0005001002,preceding document
e3431,0005004204,preceding document
e3431,4900005876,subsequent document
e3432,0005004204,preceding document
e3432,4900005876,subsequent document
e3433,4900005876,subsequent document
e3433,0087000341,preceding document
e3434,4900005876,subsequent document
e3434,0087000341,preceding document
e245,0000019241,preceding document
e245,4900005877,subsequent document
e246,0080019013,preceding document
e246,4900005877,subsequent document
e544,0005004204,preceding document
e544,0090040518,subsequent document
e545,0005004204,preceding document
e545,0090040518,subsequent document
e546,0087000341,preceding document
e546,0090040518,subsequent document
e547,0087000341,preceding document
e547,0090040518,subsequent document
e548,0005001004,preceding document
e548,0005004205,subsequent document
e1240,0005004205,preceding document
e1240,4900005878,subsequent document
e1241,0005004205,preceding document
e1241,4900005878,subsequent document
e1242,4900005878,subsequent document
e1242,0087000342,preceding document
e1243,4900005878,subsequent document
e1243,0087000342,preceding document
e549,0005004205,preceding document
e549,0090040519,subsequent document
e550,0005004205,preceding document
e550,0090040519,subsequent document
e551,0090040519,subsequent document
e551,0087000342,preceding document
e552,0090040519,subsequent document
e552,0087000342,preceding document
e3435,0000019243,preceding document
e3435,4900005881,subsequent document
e3436,0080019014,preceding document
e3436,4900005881,subsequent document
e3437,0090040520,subsequent document
e3437,0000019243,preceding document
e3438,0090040520,subsequent document
e3438,0080019014,preceding document
e3439,4900005882,subsequent document
e3439,0000019244,preceding document
e3440,4900005882,subsequent document
e3440,0080019015,preceding document
e3441,0090040521,subsequent document
e3441,0000019244,preceding document
e3442,0080019015,preceding document
e3442,0090040521,subsequent document
e1666,0005004208,subsequent document
e1666,0005001006,preceding document
e1667,0005001008,preceding document
e1667,0005004211,subsequent document
e1668,0005004213,subsequent document
e1668,0005001010,preceding document
e1669,0005004215,subsequent document
e1669,0005001012,preceding document
e1670,0005004216,subsequent document
e1670,0005001013,preceding document
e553,0005004218,subsequent document
e553,0005001014,preceding document
e1094,0005004222,subsequent document
e1094,0005001016,preceding document
e1095,0005004223,subsequent document
e1095,0005001017,preceding document
e1096,0005004225,subsequent document
e1096,0005001019,preceding document
e554,0005001021,preceding document
e554,0005004230,subsequent document
e1097,0005004231,subsequent document
e1097,0005001022,preceding document
e1098,0005004233,subsequent document
e1098,0005001023,preceding document
e1099,0005001024,preceding document
e1099,0005004234,subsequent document
e1100,0005001026,preceding document
e1100,0005004237,subsequent document
e1101,0005004239,subsequent document
e1101,0005001028,preceding document
e1102,0005004244,subsequent document
e1102,0005001030,preceding document
e1103,0005001031,preceding document
e1103,0005004245,subsequent document
e1104,0005004250,subsequent document
e1104,0005001032,preceding document
e1105,0005004256,subsequent document
e1105,0005001034,preceding document
e1106,0005001035,preceding document
e1106,0005004257,subsequent document
e1107,0005004265,subsequent document
e1107,0005001040,preceding document
e555,0005004271,subsequent document
e555,0005001044,preceding document
e272,0005004279,subsequent document
e272,0005001049,preceding document
e273,0005001051,preceding document
e273,0005004284,subsequent document
e274,0005001052,preceding document
e274,0005004285,subsequent document
e275,0005001054,preceding document
e275,0005004287,subsequent document
e276,0005004294,subsequent document
e276,0005001056,preceding document
e556,0005001062,preceding document
e556,0005004304,subsequent document
e3356,4900005884,subsequent document
e3356,0005004225,preceding document
e3357,4900005884,subsequent document
e3357,0087000368,preceding document
e615,0090040522,subsequent document
e615,0005004225,preceding document
e616,0090040522,subsequent document
e616,0087000368,preceding document
e3654,4900005885,subsequent document
e3654,0005004290,preceding document
e3655,4900005885,subsequent document
e3655,0087000433,preceding document
e3656,4900005886,subsequent document
e3656,0005004231,preceding document
e3657,0087000374,preceding document
e3657,4900005886,subsequent document
e3227,0005004231,preceding document
e3227,0090040523,subsequent document
e3228,0087000374,preceding document
e3228,0090040523,subsequent document
e3229,0090040524,subsequent document
e3229,0005004290,preceding document
e3230,0090040524,subsequent document
e3230,0087000433,preceding document
e3443,0005004223,preceding document
e3443,4900005887,subsequent document
e3444,0087000366,preceding document
e3444,4900005887,subsequent document
e3231,0005004223,preceding document
e3231,0090040525,subsequent document
e3232,0087000366,preceding document
e3232,0090040525,subsequent document
e3658,0005004291,preceding document
e3658,4900005888,subsequent document
e3659,0087000434,preceding document
e3659,4900005888,subsequent document
e3233,0090040526,subsequent document
e3233,0005004291,preceding document
e3234,0090040526,subsequent document
e3234,0087000434,preceding document
e3358,4900005889,subsequent document
e3358,0005004300,preceding document
e3359,4900005889,subsequent document
e3359,0087000443,preceding document
e3235,0090040527,subsequent document
e3235,0005004300,preceding document
e3236,0090040527,subsequent document
e3236,0087000443,preceding document
e3062,0005004270,preceding document
e3062,4900005890,subsequent document
e3063,0087000413,preceding document
e3063,4900005890,subsequent document
e3237,0005004270,preceding document
e3237,0090040528,subsequent document
e3238,0087000413,preceding document
e3238,0090040528,subsequent document
e3660,0005004273,preceding document
e3660,4900005891,subsequent document
e3661,4900005891,subsequent document
e3661,0087000416,preceding document
e1244,4900005892,subsequent document
e1244,0005004305,preceding document
e1245,4900005892,subsequent document
e1245,0087000448,preceding document
e3239,0005004273,preceding document
e3239,0090040529,subsequent document
e3240,0090040529,subsequent document
e3240,0087000416,preceding document
e3241,0090040530,subsequent document
e3241,0005004305,preceding document
e3242,0090040530,subsequent document
e3242,0087000448,preceding document
e3360,0005004287,preceding document
e3360,4900005893,subsequent document
e3361,0087000430,preceding document
e3361,4900005893,subsequent document
e1246,0005004289,preceding document
e1246,4900005894,subsequent document
e1247,0087000432,preceding document
e1247,4900005894,subsequent document
e1346,0005004276,preceding document
e1346,4900005895,subsequent document
e1347,4900005895,subsequent document
e1347,0087000419,preceding document
e3281,0005004287,preceding document
e3281,0090040531,subsequent document
e3282,0087000430,preceding document
e3282,0090040531,subsequent document
e1348,4900005896,subsequent document
e1348,0005004244,preceding document
e1349,4900005896,subsequent document
e1349,0087000387,preceding document
e3662,4900005897,subsequent document
e3662,0005004280,preceding document
e3663,0087000423,preceding document
e3663,4900005897,subsequent document
e617,0090040532,subsequent document
e617,0005004244,preceding document
e618,0090040532,subsequent document
e618,0087000387,preceding document
e619,0005004276,preceding document
e619,0090040533,subsequent document
e620,0090040533,subsequent document
e620,0087000419,preceding document
e1350,4900005898,subsequent document
e1350,0005004266,preceding document
e1351,0087000409,preceding document
e1351,4900005898,subsequent document
e1545,0005004221,preceding document
e1545,4900005899,subsequent document
e1546,0087000364,preceding document
e1546,4900005899,subsequent document
e621,0090040534,subsequent document
e621,0005004221,preceding document
e622,0090040534,subsequent document
e622,0087000364,preceding document
e623,0005004266,preceding document
e623,0090040535,subsequent document
e624,0087000409,preceding document
e624,0090040535,subsequent document
e625,0090040536,subsequent document
e625,0005004280,preceding document
e626,0087000423,preceding document
e626,0090040536,subsequent document
e3664,4900005900,subsequent document
e3664,0005004207,preceding document
e3665,4900005900,subsequent document
e3665,0087000350,preceding document
e627,0005004289,preceding document
e627,0090040537,subsequent document
e628,0090040537,subsequent document
e628,0087000432,preceding document
e1352,4900005901,subsequent document
e1352,0005004216,preceding document
e1353,0087000359,preceding document
e1353,4900005901,subsequent document
e629,0090040538,subsequent document
e629,0005004216,preceding document
e630,0090040538,subsequent document
e630,0087000359,preceding document
e631,0090040539,subsequent document
e631,0005004207,preceding document
e632,0090040539,subsequent document
e632,0087000350,preceding document
e3666,0005004220,preceding document
e3666,4900005902,subsequent document
e3667,4900005902,subsequent document
e3667,0087000363,preceding document
e3362,0005004263,preceding document
e3362,4900005903,subsequent document
e3363,4900005903,subsequent document
e3363,0087000406,preceding document
e1547,0005004246,preceding document
e1547,4900005904,subsequent document
e1548,0087000389,preceding document
e1548,4900005904,subsequent document
e1354,0005004295,preceding document
e1354,4900005905,subsequent document
e1355,0087000438,preceding document
e1355,4900005905,subsequent document
e633,0005004263,preceding document
e633,0090040540,subsequent document
e634,0090040540,subsequent document
e634,0087000406,preceding document
e3283,0005004295,preceding document
e3283,0090040541,subsequent document
e3284,0087000438,preceding document
e3284,0090040541,subsequent document
e3285,0005004246,preceding document
e3285,0090040542,subsequent document
e3286,0087000389,preceding document
e3286,0090040542,subsequent document
e3287,0005004220,preceding document
e3287,0090040543,subsequent document
e3288,0087000363,preceding document
e3288,0090040543,subsequent document
e1009,0005004284,preceding document
e1009,4900005906,subsequent document
e1010,0087000427,preceding document
e1010,4900005906,subsequent document
e1248,4900005907,subsequent document
e1248,0005004299,preceding document
e1249,4900005907,subsequent document
e1249,0087000442,preceding document
e3289,0005004299,preceding document
e3289,0090040544,subsequent document
e3290,0087000442,preceding document
e3290,0090040544,subsequent document
e3291,0005004284,preceding document
e3291,0090040545,subsequent document
e3292,0087000427,preceding document
e3292,0090040545,subsequent document
e1356,0005004239,preceding document
e1356,4900005908,subsequent document
e1357,0087000382,preceding document
e1357,4900005908,subsequent document
e3293,0090040546,subsequent document
e3293,0005004239,preceding document
e3294,0087000382,preceding document
e3294,0090040546,subsequent document
e1250,4900005909,subsequent document
e1250,0005004236,preceding document
e1251,4900005909,subsequent document
e1251,0087000379,preceding document
e1011,4900005910,subsequent document
e1011,0005004282,preceding document
e1012,0087000425,preceding document
e1012,4900005910,subsequent document
e3668,0005004298,preceding document
e3668,4900005911,subsequent document
e3669,0087000441,preceding document
e3669,4900005911,subsequent document
e3064,0005004256,preceding document
e3064,4900005912,subsequent document
e3065,0087000399,preceding document
e3065,4900005912,subsequent document
e3295,0090040547,subsequent document
e3295,0005004236,preceding document
e3296,0090040547,subsequent document
e3296,0087000379,preceding document
e3066,4900005913,subsequent document
e3066,0005004215,preceding document
e3067,4900005913,subsequent document
e3067,0087000358,preceding document
e3068,4900005914,subsequent document
e3068,0005004250,preceding document
e3069,4900005914,subsequent document
e3069,0087000393,preceding document
e635,0090040548,subsequent document
e635,0005004282,preceding document
e636,0087000425,preceding document
e636,0090040548,subsequent document
e1549,0005004279,preceding document
e1549,4900005915,subsequent document
e1550,4900005915,subsequent document
e1550,0087000422,preceding document
e3445,0005004292,preceding document
e3445,4900005916,subsequent document
e3450,0087000435,preceding document
e3450,4900005916,subsequent document
e1358,4900005917,subsequent document
e1358,0005004251,preceding document
e1359,0087000394,preceding document
e1359,4900005917,subsequent document
e1360,4900005918,subsequent document
e1360,0005004230,preceding document
e1361,4900005918,subsequent document
e1361,0087000373,preceding document
e637,0090040549,subsequent document
e637,0005004230,preceding document
e638,0087000373,preceding document
e638,0090040549,subsequent document
e639,0090040550,subsequent document
e639,0005004251,preceding document
e640,0090040550,subsequent document
e640,0087000394,preceding document
e777,0005004215,preceding document
e777,0090040551,subsequent document
e778,0087000358,preceding document
e778,0090040551,subsequent document
e779,0005004292,preceding document
e779,0090040552,subsequent document
e780,0087000435,preceding document
e780,0090040552,subsequent document
e1252,0005004218,preceding document
e1252,4900005919,subsequent document
e1253,0087000361,preceding document
e1253,4900005919,subsequent document
e3670,0005004265,preceding document
e3670,4900005920,subsequent document
e3671,0087000408,preceding document
e3671,4900005920,subsequent document
e3451,0005004258,preceding document
e3451,4900005921,subsequent document
e3452,4900005921,subsequent document
e3452,0087000401,preceding document
e3297,0005004218,preceding document
e3297,0090040553,subsequent document
e3298,0087000361,preceding document
e3298,0090040553,subsequent document
e3453,4900005922,subsequent document
e3453,0005004211,preceding document
e3454,4900005922,subsequent document
e3454,0087000354,preceding document
e1157,0005004240,preceding document
e1157,4900005923,subsequent document
e1158,0087000383,preceding document
e1158,4900005923,subsequent document
e3299,0005004265,preceding document
e3299,0090040554,subsequent document
e3300,0087000408,preceding document
e3300,0090040554,subsequent document
e3070,0005004242,preceding document
e3070,4900005924,subsequent document
e3071,0087000385,preceding document
e3071,4900005924,subsequent document
e781,0090040555,subsequent document
e781,0005004256,preceding document
e782,0087000399,preceding document
e782,0090040555,subsequent document
e1159,4900005925,subsequent document
e1159,0005004217,preceding document
e1160,4900005925,subsequent document
e1160,0087000360,preceding document
e783,0005004298,preceding document
e783,0090040556,subsequent document
e784,0087000441,preceding document
e784,0090040556,subsequent document
e3301,0005004217,preceding document
e3301,0090040557,subsequent document
e3302,0087000360,preceding document
e3302,0090040557,subsequent document
e3303,0005004258,preceding document
e3303,0090040558,subsequent document
e3304,0090040558,subsequent document
e3304,0087000401,preceding document
e3305,0090040559,subsequent document
e3305,0005004211,preceding document
e3318,0090040559,subsequent document
e3318,0087000354,preceding document
e1161,0005004237,preceding document
e1161,4900005926,subsequent document
e1162,0087000380,preceding document
e1162,4900005926,subsequent document
e1163,4900005927,subsequent document
e1163,0005004209,preceding document
e1164,4900005927,subsequent document
e1164,0087000352,preceding document
e3319,0005004250,preceding document
e3319,0090040560,subsequent document
e3320,0087000393,preceding document
e3320,0090040560,subsequent document
e1362,4900005928,subsequent document
e1362,0005004233,preceding document
e1363,4900005928,subsequent document
e1363,0087000376,preceding document
e1551,4900005929,subsequent document
e1551,0005004293,preceding document
e1552,4900005929,subsequent document
e1552,0087000436,preceding document
e3321,0005004242,preceding document
e3321,0090040561,subsequent document
e3322,0087000385,preceding document
e3322,0090040561,subsequent document
e3672,0005004213,preceding document
e3672,4900005930,subsequent document
e3673,0087000356,preceding document
e3673,4900005930,subsequent document
e3323,0090040562,subsequent document
e3323,0005004213,preceding document
e3324,0090040562,subsequent document
e3324,0087000356,preceding document
e3325,0005004240,preceding document
e3325,0090040563,subsequent document
e3326,0087000383,preceding document
e3326,0090040563,subsequent document
e3327,0005004279,preceding document
e3327,0090040564,subsequent document
e3328,0090040564,subsequent document
e3328,0087000422,preceding document
e3329,0090040565,subsequent document
e3329,0005004209,preceding document
e3330,0087000352,preceding document
e3330,0090040565,subsequent document
e3331,0090040566,subsequent document
e3331,0005004237,preceding document
e3332,0090040566,subsequent document
e3332,0087000380,preceding document
e1553,0005004253,preceding document
e1553,4900005931,subsequent document
e1554,0087000396,preceding document
e1554,4900005931,subsequent document
e785,0090040567,subsequent document
e785,0005004293,preceding document
e786,0090040567,subsequent document
e786,0087000436,preceding document
e1013,4900005932,subsequent document
e1013,0005004247,preceding document
e1014,0087000390,preceding document
e1014,4900005932,subsequent document
e787,0005004233,preceding document
e787,0090040568,subsequent document
e788,0090040568,subsequent document
e788,0087000376,preceding document
e789,0090040569,subsequent document
e789,0005004253,preceding document
e790,0090040569,subsequent document
e790,0087000396,preceding document
e3674,0005004229,preceding document
e3674,4900005933,subsequent document
e3675,0087000372,preceding document
e3675,4900005933,subsequent document
e247,0005004281,preceding document
e247,4900005934,subsequent document
e248,0087000424,preceding document
e248,4900005934,subsequent document
e3676,4900005935,subsequent document
e3676,0005004304,preceding document
e3677,4900005935,subsequent document
e3677,0087000447,preceding document
e1015,4900005936,subsequent document
e1015,0005004271,preceding document
e1016,4900005936,subsequent document
e1016,0087000414,preceding document
e1017,4900005937,subsequent document
e1017,0005004248,preceding document
e1018,0087000391,preceding document
e1018,4900005937,subsequent document
e3333,0090040570,subsequent document
e3333,0005004248,preceding document
e3334,0087000391,preceding document
e3334,0090040570,subsequent document
e3335,0090040571,subsequent document
e3335,0005004229,preceding document
e3336,0090040571,subsequent document
e3336,0087000372,preceding document
e1364,4900005938,subsequent document
e1364,0005004232,preceding document
e1365,4900005938,subsequent document
e1365,0087000375,preceding document
e3337,0090040572,subsequent document
e3337,0005004232,preceding document
e3338,0090040572,subsequent document
e3338,0087000375,preceding document
e3678,0005004206,preceding document
e3678,4900005939,subsequent document
e3679,4900005939,subsequent document
e3679,0087000349,preceding document
e1366,4900005940,subsequent document
e1366,0005004228,preceding document
e1367,4900005940,subsequent document
e1367,0087000371,preceding document
e791,0090040573,subsequent document
e791,0005004247,preceding document
e792,0087000390,preceding document
e792,0090040573,subsequent document
e793,0005004271,preceding document
e793,0090040574,subsequent document
e794,0087000414,preceding document
e794,0090040574,subsequent document
e795,0005004228,preceding document
e795,0090040575,subsequent document
e796,0087000371,preceding document
e796,0090040575,subsequent document
e797,0090040576,subsequent document
e797,0005004304,preceding document
e798,0090040576,subsequent document
e798,0087000447,preceding document
e3339,0005004281,preceding document
e3339,0090040577,subsequent document
e3340,0087000424,preceding document
e3340,0090040577,subsequent document
e249,4900005941,subsequent document
e249,0005004208,preceding document
e250,4900005941,subsequent document
e250,0087000351,preceding document
e3680,4900005942,subsequent document
e3680,0005004257,preceding document
e3681,0087000400,preceding document
e3681,4900005942,subsequent document
e1555,0005004222,preceding document
e1555,4900005943,subsequent document
e1556,0087000365,preceding document
e1556,4900005943,subsequent document
e1019,0005004226,preceding document
e1019,4900005944,subsequent document
e1020,4900005944,subsequent document
e1020,0087000369,preceding document
e3341,0090040578,subsequent document
e3341,0005004206,preceding document
e3342,0090040578,subsequent document
e3342,0087000349,preceding document
e1021,4900005945,subsequent document
e1021,0005004234,preceding document
e1022,4900005945,subsequent document
e1022,0087000377,preceding document
e3343,0005004226,preceding document
e3343,0090040579,subsequent document
e3344,0090040579,subsequent document
e3344,0087000369,preceding document
e3345,0005004257,preceding document
e3345,0090040580,subsequent document
e3346,0087000400,preceding document
e3346,0090040580,subsequent document
e3347,0005004222,preceding document
e3347,0090040581,subsequent document
e3348,0087000365,preceding document
e3348,0090040581,subsequent document
e1165,4900005946,subsequent document
e1165,0005004243,preceding document
e1270,4900005946,subsequent document
e1270,0087000386,preceding document
e251,4900005947,subsequent document
e251,0005004260,preceding document
e252,0087000403,preceding document
e252,4900005947,subsequent document
e1410,4900005948,subsequent document
e1410,0005004252,preceding document
e1411,4900005948,subsequent document
e1411,0087000395,preceding document
e3364,0005004285,preceding document
e3364,4900005949,subsequent document
e3365,0087000428,preceding document
e3365,4900005949,subsequent document
e3349,0090040582,subsequent document
e3349,0005004208,preceding document
e3350,0090040582,subsequent document
e3350,0087000351,preceding document
e3366,0005004294,preceding document
e3366,4900005950,subsequent document
e3367,0087000437,preceding document
e3367,4900005950,subsequent document
e3351,0005004243,preceding document
e3351,0090040583,subsequent document
e3352,0087000386,preceding document
e3352,0090040583,subsequent document
e3368,4900005951,subsequent document
e3368,0005004254,preceding document
e3369,4900005951,subsequent document
e3369,0087000397,preceding document
e3353,0005004252,preceding document
e3353,0090040584,subsequent document
e3354,0087000395,preceding document
e3354,0090040584,subsequent document
e3355,0005004294,preceding document
e3355,0090040585,subsequent document
e3531,0087000437,preceding document
e3531,0090040585,subsequent document
e3682,0005004249,preceding document
e3682,4900005952,subsequent document
e3683,4900005952,subsequent document
e3683,0087000392,preceding document
e3532,0090040586,subsequent document
e3532,0005004249,preceding document
e3533,0090040586,subsequent document
e3533,0087000392,preceding document
e3534,0090040587,subsequent document
e3534,0005004254,preceding document
e3535,0087000397,preceding document
e3535,0090040587,subsequent document
e3536,0090040588,subsequent document
e3536,0005004260,preceding document
e3537,0087000403,preceding document
e3537,0090040588,subsequent document
e3538,0090040589,subsequent document
e3538,0005004285,preceding document
e3539,0090040589,subsequent document
e3539,0087000428,preceding document
e3540,0005004234,preceding document
e3540,0090040590,subsequent document
e3541,0087000377,preceding document
e3541,0090040590,subsequent document
e253,0005004308,subsequent document
e253,0005001106,preceding document
e254,0005001108,preceding document
e254,0005004311,subsequent document
e255,0005004313,subsequent document
e255,0005001110,preceding document
e256,0005001111,preceding document
e256,0005004314,subsequent document
e257,0005001112,preceding document
e257,0005004315,subsequent document
e1570,0005001113,preceding document
e1570,0005004316,subsequent document
e1571,0005004318,subsequent document
e1571,0005001114,preceding document
e1572,0005001115,preceding document
e1572,0005004319,subsequent document
e3542,0020000280,subsequent document
e3542,0015000002,preceding document
e3543,0005001004,preceding document
e3543,0005004321,subsequent document
e3544,0015000006,preceding document
e3544,0020000281,subsequent document
e1573,0015000005,preceding document
e1573,0020000282,subsequent document
e1574,0020000283,subsequent document
e1574,0015000007,preceding document
e3545,0015000006,preceding document
e3545,0020000284,subsequent document
e3546,0020000286,subsequent document
e3546,0015000006,preceding document
e1575,0015000005,preceding document
e1575,0020000287,subsequent document
e1576,0020000288,subsequent document
e1576,0015000007,preceding document
e3547,0015000006,preceding document
e3547,0020000289,subsequent document
e1577,0015000006,preceding document
e1577,0020000290,subsequent document
e3548,0015000006,preceding document
e3548,0005001116,subsequent document
e3549,0005004322,subsequent document
e3549,0005001116,preceding document
e3550,0015000007,preceding document
e3550,0005001118,subsequent document
e3455,0005004324,subsequent document
e3455,0005001118,preceding document
e3551,0005001120,subsequent document
e3551,0015000009,preceding document
e3552,0005001121,subsequent document
e3552,0015000011,preceding document
e3553,0005001121,preceding document
e3553,0005004326,subsequent document
e3554,0005001123,subsequent document
e3554,0015000010,preceding document
e3555,0005001124,subsequent document
e3555,0015000013,preceding document
e1492,0005001126,subsequent document
e1492,0015000014,preceding document
e1493,0015000016,preceding document
e1493,0005001127,subsequent document
e1494,0005004329,subsequent document
e1494,0005001127,preceding document
e1495,0005001128,subsequent document
e1495,0015000017,preceding document
e411,0015000018,preceding document
e411,0005001129,subsequent document
e412,0005004330,subsequent document
e412,0005001129,preceding document
e3560,0005004324,preceding document
e3560,4900000000,subsequent document
e3561,0087000463,preceding document
e3561,4900000000,subsequent document
e413,0090040591,subsequent document
e413,0005004324,preceding document
e414,0087000463,preceding document
e414,0090040591,subsequent document
e415,0015000023,preceding document
e415,0005001130,subsequent document
e416,0015000020,preceding document
e416,0005001131,subsequent document
e417,0005004331,subsequent document
e417,0005001130,preceding document
e3556,0005001132,subsequent document
e3556,0015000022,preceding document
e3557,0015000024,preceding document
e3557,0005001133,subsequent document
e3558,0005001132,preceding document
e3558,0005004332,subsequent document
e3761,4900000001,subsequent document
e3761,0005004326,preceding document
e3762,4900000001,subsequent document
e3762,0087000464,preceding document
e3582,0090040592,subsequent document
e3582,0005004326,preceding document
e3583,0087000464,preceding document
e3583,0090040592,subsequent document
e3584,0005001134,subsequent document
e3584,0015000026,preceding document
e3585,0005001135,subsequent document
e3585,0015000025,preceding document
e3586,0005001136,subsequent document
e3586,0015000019,preceding document
e3587,0015000027,preceding document
e3587,0005001137,subsequent document
e3588,0015000021,preceding document
e3588,0005001138,subsequent document
e3589,0005001136,preceding document
e3589,0005004333,subsequent document
e3590,0005001139,subsequent document
e3590,0015000028,preceding document
e3591,0005004334,subsequent document
e3591,0005001133,preceding document
e3592,0005001140,subsequent document
e3592,0015000029,preceding document
e3593,0005001134,preceding document
e3593,0005004335,subsequent document
e3594,0005001137,preceding document
e3594,0005004336,subsequent document
e799,0005004329,preceding document
e799,4900000002,subsequent document
e800,0087000467,preceding document
e800,4900000002,subsequent document
e3595,0005001139,preceding document
e3595,0005004337,subsequent document
e3596,0015000031,preceding document
e3596,0005001142,subsequent document
e3597,0090040593,subsequent document
e3597,0005004329,preceding document
e3598,0090040593,subsequent document
e3598,0087000467,preceding document
e3684,0005004322,preceding document
e3684,4900000003,subsequent document
e3685,0087000465,preceding document
e3685,4900000003,subsequent document
e1724,0015000033,preceding document
e1724,0005001143,subsequent document
e1725,0005001144,subsequent document
e1725,0015000032,preceding document
e1726,0090040594,subsequent document
e1726,0005004322,preceding document
e1727,0090040594,subsequent document
e1727,0087000465,preceding document
e258,4900000004,subsequent document
e258,0005004332,preceding document
e259,4900000004,subsequent document
e259,0087000471,preceding document
e1728,0015000034,preceding document
e1728,0005001145,subsequent document
e3599,0005001146,subsequent document
e3599,0015000036,preceding document
e1729,0015000038,preceding document
e1729,0005001147,subsequent document
e1730,0005001148,subsequent document
e1730,0015000037,preceding document
e1731,0005001148,preceding document
e1731,0005004338,subsequent document
e260,0005004330,preceding document
e260,4900000005,subsequent document
e261,0087000468,preceding document
e261,4900000005,subsequent document
e1732,0090040595,subsequent document
e1732,0005004332,preceding document
e1733,0090040595,subsequent document
e1733,0087000471,preceding document
e1734,0005004330,preceding document
e1734,0090040596,subsequent document
e1735,0090040596,subsequent document
e1735,0087000468,preceding document
e1736,0005001149,subsequent document
e1736,0015000035,preceding document
e1737,0005001149,preceding document
e1737,0005004339,subsequent document
e1738,0015000040,preceding document
e1738,0005001150,subsequent document
e1023,0005004333,preceding document
e1023,4900000006,subsequent document
e1024,0087000473,preceding document
e1024,4900000006,subsequent document
e1739,0005004333,preceding document
e1739,0090040597,subsequent document
e1740,0087000473,preceding document
e1740,0090040597,subsequent document
e3600,0005001151,subsequent document
e3600,0015000043,preceding document
e1741,0015000042,preceding document
e1741,0005001152,subsequent document
e3601,0005001151,preceding document
e3601,0005004341,subsequent document
e1742,0005001154,subsequent document
e1742,0015000041,preceding document
e1743,0005001155,subsequent document
e1743,0015000046,preceding document
e1744,0015000044,preceding document
e1744,0005001156,subsequent document
e3602,0015000049,preceding document
e3602,0005001157,subsequent document
e3603,0015000050,preceding document
e3603,0005001158,subsequent document
e1745,0005004342,subsequent document
e1745,0005001158,preceding document
e3456,0005004334,preceding document
e3456,4900000007,subsequent document
e3457,0087000474,preceding document
e3457,4900000007,subsequent document
e3604,0015000048,preceding document
e3604,0005001159,subsequent document
e3605,0005001160,subsequent document
e3605,0015000047,preceding document
e3606,0090040598,subsequent document
e3606,0005004334,preceding document
e3607,0087000474,preceding document
e3607,0090040598,subsequent document
e3608,0005004343,subsequent document
e3608,0005001159,preceding document
e3609,0005001161,subsequent document
e3609,0015000054,preceding document
e3610,0005004344,subsequent document
e3610,0005001161,preceding document
e3611,0005001162,subsequent document
e3611,0015000051,preceding document
e801,4900000008,subsequent document
e801,0005004337,preceding document
e802,4900000008,subsequent document
e802,0087000476,preceding document
e3612,0090040599,subsequent document
e3612,0005004337,preceding document
e3613,0090040599,subsequent document
e3613,0087000476,preceding document
e3458,0005001163,subsequent document
e3458,0015000039,preceding document
e3459,0015000055,preceding document
e3459,0005001164,subsequent document
e3686,0005004331,preceding document
e3686,0090478000,subsequent document
e3687,0087000478,preceding document
e3687,0090478000,subsequent document
e3614,0005004331,preceding document
e3614,0090040600,subsequent document
e3615,0090040600,subsequent document
e3615,0087000478,preceding document
e3460,0005001165,subsequent document
e3460,0015000056,preceding document
e3616,0015000053,preceding document
e3616,0005001166,subsequent document
e3461,0015000057,preceding document
e3461,0005001167,subsequent document
e3462,0005004345,subsequent document
e3462,0005001167,preceding document
e3617,0005001168,subsequent document
e3617,0015000052,preceding document
e262,0005004342,preceding document
e262,0090482000,subsequent document
e263,0090482000,subsequent document
e263,0087000482,preceding document
e3688,0005004342,preceding document
e3688,0090040601,subsequent document
e3689,0090040601,subsequent document
e3689,0087000482,preceding document
e3690,0005001169,subsequent document
e3690,0015000058,preceding document
e3691,0005001169,preceding document
e3691,0005004346,subsequent document
e3370,4900000009,subsequent document
e3370,0005004339,preceding document
e3371,4900000009,subsequent document
e3371,0087000483,preceding document
e3463,0015000059,preceding document
e3463,0005001170,subsequent document
e3464,0090040602,subsequent document
e3464,0005004339,preceding document
e3465,0090040602,subsequent document
e3465,0087000483,preceding document
e3466,0015000062,preceding document
e3466,0005001171,subsequent document
e3727,0005004347,subsequent document
e3727,0005001170,preceding document
e3728,0005001172,subsequent document
e3728,0015000063,preceding document
e3562,0005004336,preceding document
e3562,4900000010,subsequent document
e3563,0087000481,preceding document
e3563,4900000010,subsequent document
e3729,0090040603,subsequent document
e3729,0005004336,preceding document
e3730,0090040603,subsequent document
e3730,0087000481,preceding document
e3731,0015000061,preceding document
e3731,0005001173,subsequent document
e3732,0015000060,preceding document
e3732,0005001174,subsequent document
e3733,0005004348,subsequent document
e3733,0005001173,preceding document
e3734,0005001176,subsequent document
e3734,0015000064,preceding document
e850,0005004344,preceding document
e850,0090485000,subsequent document
e851,0087000485,preceding document
e851,0090485000,subsequent document
e3735,0005004344,preceding document
e3735,0090040604,subsequent document
e3736,0090040604,subsequent document
e3736,0087000485,preceding document
e3467,0005004343,preceding document
e3467,0090484000,subsequent document
e3468,0090484000,subsequent document
e3468,0087000484,preceding document
e3737,0005001177,subsequent document
e3737,0015000067,preceding document
e3738,0090040605,subsequent document
e3738,0005004343,preceding document
e3739,0090040605,subsequent document
e3739,0087000484,preceding document
e3740,0005001177,preceding document
e3740,0005004349,subsequent document
e3469,4900000011,subsequent document
e3469,0005004346,preceding document
e3470,4900000011,subsequent document
e3470,0087000487,preceding document
e852,0005004341,preceding document
e852,4900000012,subsequent document
e853,0087000479,preceding document
e853,4900000012,subsequent document
e3741,0005001178,subsequent document
e3741,0015000066,preceding document
e277,0005001178,preceding document
e277,0005004350,subsequent document
e3471,0005004345,preceding document
e3471,4900000013,subsequent document
e3472,0087000486,preceding document
e3472,4900000013,subsequent document
e3742,0090040606,subsequent document
e3742,0005004341,preceding document
e3743,0087000479,preceding document
e3743,0090040606,subsequent document
e1025,0005004347,preceding document
e1025,4900000014,subsequent document
e1026,0087000488,preceding document
e1026,4900000014,subsequent document
e3744,0005004345,preceding document
e3744,0090040607,subsequent document
e3745,0090040607,subsequent document
e3745,0087000486,preceding document
e3746,0005004346,preceding document
e3746,0090040608,subsequent document
e3747,0087000487,preceding document
e3747,0090040608,subsequent document
e3748,0015000071,preceding document
e3748,0005001179,subsequent document
e3749,0005004347,preceding document
e3749,0090040609,subsequent document
e3750,0087000488,preceding document
e3750,0090040609,subsequent document
e3751,0015000072,preceding document
e3751,0005001180,subsequent document
e3752,0005004351,subsequent document
e3752,0005001179,preceding document
e3753,0015000068,preceding document
e3753,0005001181,subsequent document
e3372,4900000015,subsequent document
e3372,0005004348,preceding document
e3373,4900000015,subsequent document
e3373,0087000489,preceding document
e3754,0005004352,subsequent document
e3754,0005001181,preceding document
e278,0015000074,preceding document
e278,0005001184,subsequent document
e279,0005004348,preceding document
e279,0090040610,subsequent document
e280,0087000489,preceding document
e280,0090040610,subsequent document
e281,0005001185,subsequent document
e281,0015000070,preceding document
e282,0005001186,subsequent document
e282,0015000076,preceding document
e283,0005001186,preceding document
e283,0005004354,subsequent document
e284,0015000078,preceding document
e284,0005001187,subsequent document
e285,0005004355,subsequent document
e285,0005001187,preceding document
e3755,0005001188,subsequent document
e3755,0015000077,preceding document
e2888,0005001189,subsequent document
e2888,0015000079,preceding document
e2889,0005001190,subsequent document
e2889,0015000081,preceding document
e2890,0005004356,subsequent document
e2890,0005001190,preceding document
e2891,0005001189,preceding document
e2891,0005004357,subsequent document
e3756,0015000075,preceding document
e3756,0005001192,subsequent document
e3757,0015000084,preceding document
e3757,0005001193,subsequent document
e803,0090490000,subsequent document
e803,0005004349,preceding document
e804,0090490000,subsequent document
e804,0087000490,preceding document
e2892,0005001194,subsequent document
e2892,0015000085,preceding document
e2893,0005004349,preceding document
e2893,0090040611,subsequent document
e2894,0090040611,subsequent document
e2894,0087000490,preceding document
e2895,0005001195,subsequent document
e2895,0015000083,preceding document
e3758,0005001194,preceding document
e3758,0005004359,subsequent document
e3759,0015000080,preceding document
e3759,0005001196,subsequent document
e3760,0005001197,subsequent document
e3760,0015000086,preceding document
e2896,0015000087,preceding document
e2896,0005001198,subsequent document
e3190,0090491000,subsequent document
e3190,0005004352,preceding document
e3191,0090491000,subsequent document
e3191,0087000491,preceding document
e2897,0005004352,preceding document
e2897,0090040612,subsequent document
e2898,0087000491,preceding document
e2898,0090040612,subsequent document
e3763,0005004351,preceding document
e3763,0090492000,subsequent document
e3764,0087000492,preceding document
e3764,0090492000,subsequent document
e2899,0015000088,preceding document
e2899,0005001199,subsequent document
e2900,0015000089,preceding document
e2900,0005001200,subsequent document
e2901,0005004351,preceding document
e2901,0090040613,subsequent document
e2902,0087000492,preceding document
e2902,0090040613,subsequent document
e2903,0015000091,preceding document
e2903,0005001201,subsequent document
e2904,0005004360,subsequent document
e2904,0005001199,preceding document
e3473,0005004355,preceding document
e3473,4900000016,subsequent document
e3474,0087000493,preceding document
e3474,4900000016,subsequent document
e2905,0005004355,preceding document
e2905,0090040614,subsequent document
e2906,0087000493,preceding document
e2906,0090040614,subsequent document
e2907,0015000090,preceding document
e2907,0005001202,subsequent document
e3475,0005004357,preceding document
e3475,0090494000,subsequent document
e3476,0090494000,subsequent document
e3476,0087000494,preceding document
e2908,0005004361,subsequent document
e2908,0005001201,preceding document
e2909,0005001202,preceding document
e2909,0005004362,subsequent document
e2910,0005004363,subsequent document
e2910,0005001200,preceding document
e2911,0090040615,subsequent document
e2911,0005004357,preceding document
e2912,0090040615,subsequent document
e2912,0087000494,preceding document
e2913,0015000092,preceding document
e2913,0005001203,subsequent document
e3192,0005001203,preceding document
e3192,0005004364,subsequent document
e3193,0005001204,subsequent document
e3193,0015000093,preceding document
e3194,0005004356,preceding document
e3194,0090496000,subsequent document
e3195,0087000496,preceding document
e3195,0090496000,subsequent document
e3196,0005004356,preceding document
e3196,0090040616,subsequent document
e3197,0087000496,preceding document
e3197,0090040616,subsequent document
e3198,0005004365,subsequent document
e3198,0005001198,preceding document
e3199,0015000094,preceding document
e3199,0005001205,subsequent document
e3200,0015000108,preceding document
e3200,0005001216,subsequent document
e3201,0005001217,subsequent document
e3201,0015000109,preceding document
e3202,0005004423,subsequent document
e3202,0005001217,preceding document
e3203,0005001218,subsequent document
e3203,0015000110,preceding document
e3204,0005001218,preceding document
e3204,0005004424,subsequent document
e3765,0090565000,subsequent document
e3765,0005004424,preceding document
e3766,4900000017,subsequent document
e3766,0005004424,preceding document
e3767,0090565000,subsequent document
e3767,0087000565,preceding document
e3768,4900000017,subsequent document
e3768,0087000565,preceding document
e3205,0090040617,subsequent document
e3205,0005004424,preceding document
e3206,0090040617,subsequent document
e3206,0005004424,preceding document
e3207,0087000565,preceding document
e3207,0090040617,subsequent document
e3208,0087000565,preceding document
e3208,0090040617,subsequent document
e3209,0015000111,preceding document
e3209,0005001219,subsequent document
e3210,0005004425,subsequent document
e3210,0005001219,preceding document
e3769,0090566000,subsequent document
e3769,0005004425,preceding document
e3770,4900000018,subsequent document
e3770,0005004425,preceding document
e3771,0087000566,preceding document
e3771,0090566000,subsequent document
e3772,0087000566,preceding document
e3772,4900000018,subsequent document
e3211,0090040618,subsequent document
e3211,0005004425,preceding document
e3212,0090040618,subsequent document
e3212,0005004425,preceding document
e3213,0090040618,subsequent document
e3213,0087000566,preceding document
e3214,0090040618,subsequent document
e3214,0087000566,preceding document
e3215,0015000112,preceding document
e3215,0005001220,subsequent document
e3216,0015000113,preceding document
e3216,0005001221,subsequent document
e3217,0005004426,subsequent document
e3217,0005001221,preceding document
e3564,0005004426,preceding document
e3564,0090567000,subsequent document
e3565,0005004426,preceding document
e3565,4900000019,subsequent document
e3566,0087000567,preceding document
e3566,0090567000,subsequent document
e3567,4900000019,subsequent document
e3567,0087000567,preceding document
e3218,0005004426,preceding document
e3218,0090040619,subsequent document
e3219,0005004426,preceding document
e3219,0090040619,subsequent document
e3220,0087000567,preceding document
e3220,0090040619,subsequent document
e3221,0087000567,preceding document
e3221,0090040619,subsequent document
e3222,0015000114,preceding document
e3222,0005001222,subsequent document
e3223,0005001222,preceding document
e3223,0005004427,subsequent document
e3224,0090568000,subsequent document
e3224,0005004427,preceding document
e3225,4900000020,subsequent document
e3225,0005004427,preceding document
e3226,0087000568,preceding document
e3226,0090568000,subsequent document
e3243,4900000020,subsequent document
e3243,0087000568,preceding document
e3244,0090040620,subsequent document
e3244,0005004427,preceding document
e3245,0090040620,subsequent document
e3245,0005004427,preceding document
e3246,0090040620,subsequent document
e3246,0087000568,preceding document
e3247,0090040620,subsequent document
e3247,0087000568,preceding document
e3248,0015000115,preceding document
e3248,0005001223,subsequent document
e3249,0005004428,subsequent document
e3249,0005001223,preceding document
e3250,0005001224,subsequent document
e3250,0015000116,preceding document
e3251,0015000118,preceding document
e3251,0005001226,subsequent document
e3252,0005004430,subsequent document
e3252,0005001226,preceding document
e3253,0015000119,preceding document
e3253,0005001227,subsequent document
e3254,0005004431,subsequent document
e3254,0005001227,preceding document
e805,0005004431,preceding document
e805,0090572000,subsequent document
e806,0005004431,preceding document
e806,4900000021,subsequent document
e854,0087000572,preceding document
e854,0090572000,subsequent document
e855,0087000572,preceding document
e855,4900000021,subsequent document
e3255,0005004431,preceding document
e3255,0090040621,subsequent document
e3256,0005004431,preceding document
e3256,0090040621,subsequent document
e3257,0087000572,preceding document
e3257,0090040621,subsequent document
e3258,0087000572,preceding document
e3258,0090040621,subsequent document
e3259,0005001228,subsequent document
e3259,0015000120,preceding document
e3260,0005001229,subsequent document
e3260,0015000121,preceding document
e3261,0005001229,preceding document
e3261,0005004432,subsequent document
e264,0090573000,subsequent document
e264,0005004432,preceding document
e265,4900000022,subsequent document
e265,0005004432,preceding document
e266,0087000573,preceding document
e266,0090573000,subsequent document
e267,4900000022,subsequent document
e267,0087000573,preceding document
e3262,0005004432,preceding document
e3262,0090040622,subsequent document
e3263,0005004432,preceding document
e3263,0090040622,subsequent document
e3264,0087000573,preceding document
e3264,0090040622,subsequent document
e3265,0087000573,preceding document
e3265,0090040622,subsequent document
e3266,0015000122,preceding document
e3266,0005001230,subsequent document
e3267,0005004433,subsequent document
e3267,0005001230,preceding document
e1027,0090574000,subsequent document
e1027,0005004433,preceding document
e1028,0005004433,preceding document
e1028,4900000023,subsequent document
e1029,0090574000,subsequent document
e1029,0087000574,preceding document
e1030,0087000574,preceding document
e1030,4900000023,subsequent document
e3268,0090040623,subsequent document
e3268,0005004433,preceding document
e3269,0090040623,subsequent document
e3269,0005004433,preceding document
e3270,0090040623,subsequent document
e3270,0087000574,preceding document
e3271,0090040623,subsequent document
e3271,0087000574,preceding document
e3272,0005001231,subsequent document
e3272,0015000123,preceding document
e3273,0005001231,preceding document
e3273,0005004434,subsequent document
e3477,0090575000,subsequent document
e3477,0005004434,preceding document
e3478,4900000024,subsequent document
e3478,0005004434,preceding document
e3503,0090575000,subsequent document
e3503,0087000575,preceding document
e3504,4900000024,subsequent document
e3504,0087000575,preceding document
e3274,0090040624,subsequent document
e3274,0005004434,preceding document
e3275,0090040624,subsequent document
e3275,0005004434,preceding document
e3276,0090040624,subsequent document
e3276,0087000575,preceding document
e3277,0090040624,subsequent document
e3277,0087000575,preceding document
e3278,0005001232,subsequent document
e3278,0015000124,preceding document
e3279,0015000125,preceding document
e3279,0005001233,subsequent document
e3280,0005004435,subsequent document
e3280,0005001233,preceding document
e3374,0005001234,subsequent document
e3374,0015000126,preceding document
e3375,0005001234,preceding document
e3375,0005004436,subsequent document
e3376,0015000127,preceding document
e3376,0005001235,subsequent document
e3377,0005001235,preceding document
e3377,0005004437,subsequent document
e3394,0015000128,preceding document
e3394,0005001236,subsequent document
e3395,0005001237,subsequent document
e3395,0015000129,preceding document
e3396,0005001237,preceding document
e3396,0005004438,subsequent document
e3397,0015000130,preceding document
e3397,0005001238,subsequent document
e3398,0005004439,subsequent document
e3398,0005001238,preceding document
e3505,0005001239,subsequent document
e3505,0015000131,preceding document
e3506,0005001239,preceding document
e3506,0005004440,subsequent document
e3507,0015000132,preceding document
e3507,0005001240,subsequent document
e3508,0015000133,preceding document
e3508,0005001241,subsequent document
e3509,0005001241,preceding document
e3509,0005004441,subsequent document
e3510,0015000134,preceding document
e3510,0005001242,subsequent document
e3511,0005004442,subsequent document
e3511,0005001242,preceding document
e3512,0015000135,preceding document
e3512,0005001243,subsequent document
e3513,0005001243,preceding document
e3513,0005004443,subsequent document
e3514,0015000136,preceding document
e3514,0005001244,subsequent document
e3399,0015000137,preceding document
e3399,0005001245,subsequent document
e3400,0005001245,preceding document
e3400,0005004444,subsequent document
e3401,0015000138,preceding document
e3401,0005001246,subsequent document
e3402,0005001246,preceding document
e3402,0005004445,subsequent document
e3403,0015000139,preceding document
e3403,0005001247,subsequent document
e3404,0005004446,subsequent document
e3404,0005001247,preceding document
e3405,0015000140,preceding document
e3405,0005001248,subsequent document
e3406,0005001249,subsequent document
e3406,0015000141,preceding document
e3407,0005001249,preceding document
e3407,0005004447,subsequent document
e3408,0015000142,preceding document
e3408,0005001250,subsequent document
e3409,0005004448,subsequent document
e3409,0005001250,preceding document
e3410,0015000143,preceding document
e3410,0005001251,subsequent document
e3411,0005001251,preceding document
e3411,0005004449,subsequent document
e3412,0015000144,preceding document
e3412,0005001252,subsequent document
e3413,0005001254,subsequent document
e3413,0015000146,preceding document
e3414,0005001254,preceding document
e3414,0005004451,subsequent document
e3415,0005001255,subsequent document
e3415,0015000147,preceding document
e3416,0005001255,preceding document
e3416,0005004452,subsequent document
e1496,0005001256,subsequent document
e1496,0015000148,preceding document
e1497,0015000149,preceding document
e1497,0005001257,subsequent document
e3417,0005004453,subsequent document
e3417,0005001257,preceding document
e3418,0015000150,preceding document
e3418,0005001258,subsequent document
e3419,0015000151,preceding document
e3419,0005001259,subsequent document
e3420,0005004454,subsequent document
e3420,0005001259,preceding document
e3421,0015000152,preceding document
e3421,0005001260,subsequent document
e3422,0005001260,preceding document
e3422,0005004455,subsequent document
e3515,0005001261,subsequent document
e3515,0015000153,preceding document
e3516,0005001261,preceding document
e3516,0005004456,subsequent document
e3517,0015000155,preceding document
e3517,0005001263,subsequent document
e3518,0005004457,subsequent document
e3518,0005001263,preceding document
e3519,0015000156,preceding document
e3519,0005001264,subsequent document
e3520,0005004458,subsequent document
e3520,0005001264,preceding document
e3521,0005001265,subsequent document
e3521,0015000157,preceding document
e3522,0005004459,subsequent document
e3522,0005001265,preceding document
e3523,0015000158,preceding document
e3523,0005001266,subsequent document
e1746,0015000159,preceding document
e1746,0005001267,subsequent document
e3524,0005001268,subsequent document
e3524,0015000160,preceding document
e1498,0005001268,preceding document
e1498,0005004460,subsequent document
e3525,0015000163,preceding document
e3525,0005001271,subsequent document
e2914,0005001272,subsequent document
e2914,0015000164,preceding document
e2915,0005001272,preceding document
e2915,0005004463,subsequent document
e3568,0005004463,preceding document
e3568,4900000029,subsequent document
e3569,0087000604,preceding document
e3569,4900000029,subsequent document
e2916,0090040625,subsequent document
e2916,0005004463,preceding document
e2917,0087000604,preceding document
e2917,0090040625,subsequent document
e2918,0005001273,subsequent document
e2918,0015000165,preceding document
e2919,0005001273,preceding document
e2919,0005004464,subsequent document
e856,0005004464,preceding document
e856,4900000030,subsequent document
e857,4900000030,subsequent document
e857,0087000605,preceding document
e2920,0090040626,subsequent document
e2920,0005004464,preceding document
e2921,0090040626,subsequent document
e2921,0087000605,preceding document
e2922,0015000166,preceding document
e2922,0005001274,subsequent document
e2923,0005004465,subsequent document
e2923,0005001274,preceding document
e858,0005004465,preceding document
e858,4900000031,subsequent document
e859,0087000606,preceding document
e859,4900000031,subsequent document
e3024,0005004465,preceding document
e3024,0090040627,subsequent document
e3025,0087000606,preceding document
e3025,0090040627,subsequent document
e3026,0005001275,subsequent document
e3026,0015000167,preceding document
e3027,0005001276,subsequent document
e3027,0015000168,preceding document
e3028,0005004466,subsequent document
e3028,0005001276,preceding document
e3526,0005001277,subsequent document
e3526,0015000169,preceding document
e3029,0005004467,subsequent document
e3029,0005001277,preceding document
e3527,0005004467,preceding document
e3527,4900000032,subsequent document
e3528,4900000032,subsequent document
e3528,0087000608,preceding document
e3529,0005004467,preceding document
e3529,0090040628,subsequent document
e3570,0090040628,subsequent document
e3570,0087000608,preceding document
e3571,0015000170,preceding document
e3571,0005001278,subsequent document
e3572,0005001278,preceding document
e3572,0005004468,subsequent document
e3156,4900000033,subsequent document
e3156,0087000609,preceding document
e3773,4900000033,subsequent document
e3773,0005004468,preceding document
e3573,0090040629,subsequent document
e3573,0005004468,preceding document
e3574,0090040629,subsequent document
e3574,0087000609,preceding document
e3575,0015000172,preceding document
e3575,0005001280,subsequent document
e3576,0015000177,preceding document
e3576,0005001285,subsequent document
e3030,0005004473,subsequent document
e3030,0005001285,preceding document
e3577,4900000035,subsequent document
e3577,0005004473,preceding document
e3578,4900000035,subsequent document
e3578,0087000614,preceding document
e3579,0005004473,preceding document
e3579,0090040630,subsequent document
e3580,0090040630,subsequent document
e3580,0087000614,preceding document
e3581,0005001286,subsequent document
e3581,0015000178,preceding document
e3618,0005001286,preceding document
e3618,0005004474,subsequent document
e268,4900000036,subsequent document
e268,0005004474,preceding document
e269,4900000036,subsequent document
e269,0087000615,preceding document
e3619,0005004474,preceding document
e3619,0090040631,subsequent document
e3620,0087000615,preceding document
e3620,0090040631,subsequent document
e3621,0015000179,preceding document
e3621,0005001287,subsequent document
e3622,0015000180,preceding document
e3622,0005001288,subsequent document
e3623,0005001288,preceding document
e3623,0005004475,subsequent document
e3624,0015000181,preceding document
e3624,0005001289,subsequent document
e3625,0005004476,subsequent document
e3625,0005001289,preceding document
e860,0005004476,preceding document
e860,4900000037,subsequent document
e861,0087000617,preceding document
e861,4900000037,subsequent document
e3626,0005004476,preceding document
e3626,0090040632,subsequent document
e3627,0090040632,subsequent document
e3627,0087000617,preceding document
e3628,0005001290,subsequent document
e3628,0015000182,preceding document
e3629,0005004477,subsequent document
e3629,0005001290,preceding document
e1031,0005004477,preceding document
e1031,4900000038,subsequent document
e1032,0087000618,preceding document
e1032,4900000038,subsequent document
e3630,0005004477,preceding document
e3630,0090040633,subsequent document
e3631,0087000618,preceding document
e3631,0090040633,subsequent document
e3632,0005001291,subsequent document
e3632,0015000183,preceding document
e3633,0015000184,preceding document
e3633,0005001292,subsequent document
e3031,0005004478,subsequent document
e3031,0005001292,preceding document
e270,0005004478,preceding document
e270,4900000039,subsequent document
e271,0087000619,preceding document
e271,4900000039,subsequent document
e3032,0090040634,subsequent document
e3032,0005004478,preceding document
e3033,0090040634,subsequent document
e3033,0087000619,preceding document
e3034,0015000185,preceding document
e3034,0005001293,subsequent document
e3035,0005004479,subsequent document
e3035,0005001293,preceding document
e3157,0005004479,preceding document
e3157,4900000040,subsequent document
e3158,4900000040,subsequent document
e3158,0087000620,preceding document
e3036,0005004479,preceding document
e3036,0090040635,subsequent document
e3037,0090040635,subsequent document
e3037,0087000620,preceding document
e3038,0005001294,subsequent document
e3038,0015000186,preceding document
e3039,0005004480,subsequent document
e3039,0005001294,preceding document
e3159,0005004480,preceding document
e3159,4900000041,subsequent document
e3160,0087000621,preceding document
e3160,4900000041,subsequent document
e3040,0090040636,subsequent document
e3040,0005004480,preceding document
e3041,0090040636,subsequent document
e3041,0087000621,preceding document
e3042,0015000187,preceding document
e3042,0005001295,subsequent document
e3043,0005001296,subsequent document
e3043,0015000188,preceding document
e3044,0005001296,preceding document
e3044,0005004481,subsequent document
e1033,0005004481,preceding document
e1033,4900000042,subsequent document
e1034,0087000622,preceding document
e1034,4900000042,subsequent document
e3045,0005004481,preceding document
e3045,0090040637,subsequent document
e3046,0087000622,preceding document
e3046,0090040637,subsequent document
e3047,0005001297,subsequent document
e3047,0015000189,preceding document
e3048,0005001297,preceding document
e3048,0005004482,subsequent document
e582,4900000043,subsequent document
e582,0005004482,preceding document
e583,0087000623,preceding document
e583,4900000043,subsequent document
e3049,0005004482,preceding document
e3049,0090040638,subsequent document
e3050,0087000623,preceding document
e3050,0090040638,subsequent document
e3051,0005001298,subsequent document
e3051,0015000190,preceding document
e3052,0005004483,subsequent document
e3052,0005001298,preceding document
e3634,4900000044,subsequent document
e3634,0005004483,preceding document
e3635,4900000044,subsequent document
e3635,0087000624,preceding document
e3053,0005004483,preceding document
e3053,0090040639,subsequent document
e3054,0087000624,preceding document
e3054,0090040639,subsequent document
e3055,0015000191,preceding document
e3055,0005001299,subsequent document
e3056,0005001300,subsequent document
e3056,0015000192,preceding document
e3057,0005001300,preceding document
e3057,0005004484,subsequent document
e3058,0005001301,subsequent document
e3058,0015000193,preceding document
e3059,0005001301,preceding document
e3059,0005004485,subsequent document
e882,4900000045,subsequent document
e882,0005004485,preceding document
e883,0087000626,preceding document
e883,4900000045,subsequent document
e3060,0090040640,subsequent document
e3060,0005004485,preceding document
e3061,0087000626,preceding document
e3061,0090040640,subsequent document
e1166,0005001302,subsequent document
e1166,0015000194,preceding document
e1167,0005001302,preceding document
e1167,0005004486,subsequent document
e584,0005004486,preceding document
e584,4900000046,subsequent document
e585,0087000627,preceding document
e585,4900000046,subsequent document
e1168,0005004486,preceding document
e1168,0090040641,subsequent document
e1169,0087000627,preceding document
e1169,0090040641,subsequent document
e1170,0005001303,subsequent document
e1170,0015000195,preceding document
e3636,0015000196,preceding document
e3636,0005001304,subsequent document
e3637,0005004487,subsequent document
e3637,0005001304,preceding document
e3638,4900000047,subsequent document
e3638,0005004487,preceding document
e3639,4900000047,subsequent document
e3639,0087000628,preceding document
e1171,0090040642,subsequent document
e1171,0005004487,preceding document
e1172,0090040642,subsequent document
e1172,0087000628,preceding document
e1173,0005001305,subsequent document
e1173,0015000197,preceding document
e1174,0005001305,preceding document
e1174,0005004488,subsequent document
e3640,4900000048,subsequent document
e3640,0005004488,preceding document
e3641,4900000048,subsequent document
e3641,0087000629,preceding document
e1175,0005004488,preceding document
e1175,0090040643,subsequent document
e1176,0087000629,preceding document
e1176,0090040643,subsequent document
e1177,0015000198,preceding document
e1177,0005001306,subsequent document
e1178,0005004489,subsequent document
e1178,0005001306,preceding document
e3642,0005004489,preceding document
e3642,4900000049,subsequent document
e3643,0087000630,preceding document
e3643,4900000049,subsequent document
e1179,0090040644,subsequent document
e1179,0005004489,preceding document
e1180,0087000630,preceding document
e1180,0090040644,subsequent document
e1181,0005001307,subsequent document
e1181,0015000199,preceding document
e1182,0005001308,subsequent document
e1182,0015000200,preceding document
e1183,0005004490,subsequent document
e1183,0005001308,preceding document
e3161,4900000050,subsequent document
e3161,0005004490,preceding document
e3162,4900000050,subsequent document
e3162,0087000631,preceding document
e1184,0005004490,preceding document
e1184,0090040645,subsequent document
e1185,0087000631,preceding document
e1185,0090040645,subsequent document
e1186,0015000201,preceding document
e1186,0005001309,subsequent document
e1187,0005001309,preceding document
e1187,0005004491,subsequent document
e3163,4900000051,subsequent document
e3163,0005004491,preceding document
e3164,4900000051,subsequent document
e3164,0087000632,preceding document
e3644,0005004491,preceding document
e3644,0090040646,subsequent document
e3645,0087000632,preceding document
e3645,0090040646,subsequent document
e1188,0015000202,preceding document
e1188,0005001310,subsequent document
e1189,0005004492,subsequent document
e1189,0005001310,preceding document
e586,4900000052,subsequent document
e586,0005004492,preceding document
e587,4900000052,subsequent document
e587,0087000633,preceding document
e1190,0005004492,preceding document
e1190,0090040647,subsequent document
e1191,0087000633,preceding document
e1191,0090040647,subsequent document
e1192,0015000203,preceding document
e1192,0005001311,subsequent document
e1193,0015000204,preceding document
e1193,0005001312,subsequent document
e1194,0005004493,subsequent document
e1194,0005001312,preceding document
e1195,0005001313,subsequent document
e1195,0015000205,preceding document
e1196,0005004494,subsequent document
e1196,0005001313,preceding document
e678,4900000053,subsequent document
e678,0005004494,preceding document
e679,4900000053,subsequent document
e679,0087000635,preceding document
e1197,0005004494,preceding document
e1197,0090040648,subsequent document
e1198,0087000635,preceding document
e1198,0090040648,subsequent document
e1199,0005001314,subsequent document
e1199,0015000206,preceding document
e1200,0005004495,subsequent document
e1200,0005001314,preceding document
e3646,0005004495,preceding document
e3646,4900000054,subsequent document
e3647,0087000636,preceding document
e3647,4900000054,subsequent document
e1201,0005004495,preceding document
e1201,0090040649,subsequent document
e1202,0087000636,preceding document
e1202,0090040649,subsequent document
e2924,0015000207,preceding document
e2924,0005001315,subsequent document
e3648,0005001316,subsequent document
e3648,0015000208,preceding document
e3649,0005004496,subsequent document
e3649,0005001316,preceding document
e3650,0005004496,preceding document
e3650,4900000055,subsequent document
e3651,0087000637,preceding document
e3651,4900000055,subsequent document
e2925,0090040650,subsequent document
e2925,0005004496,preceding document
e2926,0087000637,preceding document
e2926,0090040650,subsequent document
e2927,0005001317,subsequent document
e2927,0015000209,preceding document
e2928,0005004497,subsequent document
e2928,0005001317,preceding document
e588,4900000056,subsequent document
e588,0005004497,preceding document
e589,4900000056,subsequent document
e589,0087000638,preceding document
e2929,0090040651,subsequent document
e2929,0005004497,preceding document
e2930,0090040651,subsequent document
e2930,0087000638,preceding document
e2931,0005001318,subsequent document
e2931,0015000210,preceding document
e2932,0005004498,subsequent document
e2932,0005001318,preceding document
e590,0005004498,preceding document
e590,4900000057,subsequent document
e591,0087000639,preceding document
e591,4900000057,subsequent document
e3652,0005004498,preceding document
e3652,0090040652,subsequent document
e3653,0090040652,subsequent document
e3653,0087000639,preceding document
e3692,0015000211,preceding document
e3692,0005001319,subsequent document
e3693,0005001320,subsequent document
e3693,0015000212,preceding document
e3694,0005001320,preceding document
e3694,0005004499,subsequent document
e592,4900000058,subsequent document
e592,0005004499,preceding document
e593,4900000058,subsequent document
e593,0087000640,preceding document
e3695,0005004499,preceding document
e3695,0090040653,subsequent document
e3696,0090040653,subsequent document
e3696,0087000640,preceding document
e2933,0005001321,subsequent document
e2933,0015000213,preceding document
e2934,0005001321,preceding document
e2934,0005004500,subsequent document
e1086,0005004500,preceding document
e1086,4900000059,subsequent document
e1087,0087000641,preceding document
e1087,4900000059,subsequent document
e3697,0005004500,preceding document
e3697,0090040654,subsequent document
e3698,0087000641,preceding document
e3698,0090040654,subsequent document
e3699,0015000214,preceding document
e3699,0005001322,subsequent document
e3700,0005004501,subsequent document
e3700,0005001322,preceding document
e3701,0005004501,preceding document
e3701,4900000060,subsequent document
e3702,0087000642,preceding document
e3702,4900000060,subsequent document
e3703,0005004501,preceding document
e3703,0090040655,subsequent document
e3704,0087000642,preceding document
e3704,0090040655,subsequent document
e3705,0015000215,preceding document
e3705,0005001323,subsequent document
e3706,0015000216,preceding document
e3706,0005001324,subsequent document
e3707,0005001324,preceding document
e3707,0005004502,subsequent document
e1882,0005001325,subsequent document
e1882,0015000217,preceding document
e1883,0005001325,preceding document
e1883,0005004503,subsequent document
e594,4900000061,subsequent document
e594,0005004503,preceding document
e595,4900000061,subsequent document
e595,0087000644,preceding document
e1884,0005004503,preceding document
e1884,0090040656,subsequent document
e1885,0087000644,preceding document
e1885,0090040656,subsequent document
e1886,0005001326,subsequent document
e1886,0015000218,preceding document
e1887,0005001326,preceding document
e1887,0005004504,subsequent document
e596,4900000062,subsequent document
e596,0005004504,preceding document
e597,4900000062,subsequent document
e597,0087000645,preceding document
e3708,0090040657,subsequent document
e3708,0005004504,preceding document
e3709,0090040657,subsequent document
e3709,0087000645,preceding document
e3710,0005001327,subsequent document
e3710,0015000219,preceding document
e1888,0005001328,subsequent document
e1888,0015000220,preceding document
e1889,0005001328,preceding document
e1889,0005004505,subsequent document
e1088,4900000063,subsequent document
e1088,0005004505,preceding document
e1089,4900000063,subsequent document
e1089,0087000646,preceding document
e1890,0005004505,preceding document
e1890,0090040658,subsequent document
e1891,0087000646,preceding document
e1891,0090040658,subsequent document
e1892,0005001329,subsequent document
e1892,0015000221,preceding document
e1893,0005004506,subsequent document
e1893,0005001329,preceding document
e3165,4900000064,subsequent document
e3165,0005004506,preceding document
e3166,4900000064,subsequent document
e3166,0087000647,preceding document
e1894,0090040659,subsequent document
e1894,0005004506,preceding document
e1895,0090040659,subsequent document
e1895,0087000647,preceding document
e1896,0015000222,preceding document
e1896,0005001330,subsequent document
e1897,0005001330,preceding document
e1897,0005004507,subsequent document
e3711,4900000065,subsequent document
e3711,0005004507,preceding document
e3712,4900000065,subsequent document
e3712,0087000648,preceding document
e3713,0090040660,subsequent document
e3713,0005004507,preceding document
e3714,0090040660,subsequent document
e3714,0087000648,preceding document
e3715,0005001332,subsequent document
e3715,0015000224,preceding document
e3716,0005001332,preceding document
e3716,0005004508,subsequent document
e884,4900000066,subsequent document
e884,0005004508,preceding document
e885,4900000066,subsequent document
e885,0087000649,preceding document
e1898,0090040661,subsequent document
e1898,0005004508,preceding document
e1899,0090040661,subsequent document
e1899,0087000649,preceding document
e1900,0005001333,subsequent document
e1900,0015000225,preceding document
e1901,0005004509,subsequent document
e1901,0005001333,preceding document
e3717,0005004509,preceding document
e3717,4900000067,subsequent document
e3718,0087000650,preceding document
e3718,4900000067,subsequent document
e3719,0005004509,preceding document
e3719,0090040662,subsequent document
e3720,0087000650,preceding document
e3720,0090040662,subsequent document
e3721,0015000226,preceding document
e3721,0005001334,subsequent document
e3722,0005004510,subsequent document
e3722,0005001334,preceding document
e3723,0005004510,preceding document
e3723,4900000068,subsequent document
e3724,4900000068,subsequent document
e3724,0087000651,preceding document
e3725,0090040663,subsequent document
e3725,0005004510,preceding document
e3726,0090040663,subsequent document
e3726,0087000651,preceding document
e3167,0005001335,subsequent document
e3167,0015000227,preceding document
e3168,0015000228,preceding document
e3168,0005001336,subsequent document
e3169,0005004511,subsequent document
e3169,0005001336,preceding document
e3170,0015000229,preceding document
e3170,0005001337,subsequent document
e3171,0005004512,subsequent document
e3171,0005001337,preceding document
e3172,0005004512,preceding document
e3172,4900000069,subsequent document
e3173,0087000653,preceding document
e3173,4900000069,subsequent document
e3174,0005004512,preceding document
e3174,0090040664,subsequent document
e3175,0087000653,preceding document
e3175,0090040664,subsequent document
e3176,0015000230,preceding document
e3176,0005001338,subsequent document
e3177,0005004513,subsequent document
e3177,0005001338,preceding document
e680,0005004513,preceding document
e680,4900000070,subsequent document
e681,4900000070,subsequent document
e681,0087000654,preceding document
e3178,0005004513,preceding document
e3178,0090040665,subsequent document
e3179,0087000654,preceding document
e3179,0090040665,subsequent document
e1902,0015000231,preceding document
e1902,0005001339,subsequent document
e3180,0015000232,preceding document
e3180,0005001340,subsequent document
e3181,0005001340,preceding document
e3181,0005004514,subsequent document
e886,4900000071,subsequent document
e886,0005004514,preceding document
e887,4900000071,subsequent document
e887,0087000655,preceding document
e3182,0090040666,subsequent document
e3182,0005004514,preceding document
e3183,0090040666,subsequent document
e3183,0087000655,preceding document
e3184,0015000234,preceding document
e3184,0005001342,subsequent document
e3185,0005001342,preceding document
e3185,0005004516,subsequent document
e3186,4900000072,subsequent document
e3186,0005004516,preceding document
e3187,4900000072,subsequent document
e3187,0087000657,preceding document
e3188,0090040667,subsequent document
e3188,0005004516,preceding document
e3189,0090040667,subsequent document
e3189,0087000657,preceding document
e641,0005001343,subsequent document
e641,0015000235,preceding document
e642,0005001344,subsequent document
e642,0015000236,preceding document
e643,0005001344,preceding document
e643,0005004517,subsequent document
e2858,4900000073,subsequent document
e2858,0005004517,preceding document
e2859,4900000073,subsequent document
e2859,0087000658,preceding document
e644,0090040668,subsequent document
e644,0005004517,preceding document
e645,0087000658,preceding document
e645,0090040668,subsequent document
e646,0005001345,subsequent document
e646,0015000237,preceding document
e647,0005001345,preceding document
e647,0005004518,subsequent document
e2407,0005004518,preceding document
e2407,4900000074,subsequent document
e2408,0087000659,preceding document
e2408,4900000074,subsequent document
e1903,0090040669,subsequent document
e1903,0005004518,preceding document
e1904,0087000659,preceding document
e1904,0090040669,subsequent document
e1905,0015000238,preceding document
e1905,0005001346,subsequent document
e1906,0005001346,preceding document
e1906,0005004519,subsequent document
e3072,0005004519,preceding document
e3072,4900000075,subsequent document
e3073,0087000660,preceding document
e3073,4900000075,subsequent document
e1907,0005004519,preceding document
e1907,0090040670,subsequent document
e1908,0087000660,preceding document
e1908,0090040670,subsequent document
e1909,0005001347,subsequent document
e1909,0015000239,preceding document
e1910,0005001348,subsequent document
e1910,0015000240,preceding document
e1911,0005001348,preceding document
e1911,0005004520,subsequent document
e1912,0005001349,subsequent document
e1912,0015000241,preceding document
e1913,0005004521,subsequent document
e1913,0005001349,preceding document
e1303,0005004521,preceding document
e1303,4900000076,subsequent document
e1304,0087000662,preceding document
e1304,4900000076,subsequent document
e1914,0005004521,preceding document
e1914,0090040671,subsequent document
e1915,0087000662,preceding document
e1915,0090040671,subsequent document
e1916,0015000242,preceding document
e1916,0005001350,subsequent document
e1917,0005004522,subsequent document
e1917,0005001350,preceding document
e3074,4900000077,subsequent document
e3074,0005004522,preceding document
e3075,0087000663,preceding document
e3075,4900000077,subsequent document
e1918,0005004522,preceding document
e1918,0090040672,subsequent document
e2018,0087000663,preceding document
e2018,0090040672,subsequent document
e2019,0005001351,subsequent document
e2019,0015000243,preceding document
e648,0015000244,preceding document
e648,0005001352,subsequent document
e2020,0005001352,preceding document
e2020,0005004523,subsequent document
e2021,0090040673,subsequent document
e2021,0005004523,preceding document
e2022,0087000664,preceding document
e2022,0090040673,subsequent document
e2282,4900000078,subsequent document
e2282,0005004523,preceding document
e2283,0087000664,preceding document
e2283,4900000078,subsequent document
e2023,0015000245,preceding document
e2023,0005001353,subsequent document
e2024,0005004524,subsequent document
e2024,0005001353,preceding document
e2025,0090040674,subsequent document
e2025,0005004524,preceding document
e2026,0090040674,subsequent document
e2026,0087000665,preceding document
e2860,4900000079,subsequent document
e2860,0005004524,preceding document
e2861,4900000079,subsequent document
e2861,0087000665,preceding document
e2027,0005001354,subsequent document
e2027,0015000246,preceding document
e2028,0005004525,subsequent document
e2028,0005001354,preceding document
e2991,0005004525,preceding document
e2991,4900000080,subsequent document
e2992,4900000080,subsequent document
e2992,0087000666,preceding document
e2029,0005004525,preceding document
e2029,0090040675,subsequent document
e2030,0090040675,subsequent document
e2030,0087000666,preceding document
e2031,0005001355,subsequent document
e2031,0015000247,preceding document
e2032,0015000248,preceding document
e2032,0005001356,subsequent document
e2033,0005001356,preceding document
e2033,0005004526,subsequent document
e2862,4900000081,subsequent document
e2862,0005004526,preceding document
e2863,0087000667,preceding document
e2863,4900000081,subsequent document
e2034,0090040676,subsequent document
e2034,0005004526,preceding document
e2035,0087000667,preceding document
e2035,0090040676,subsequent document
e2036,0015000249,preceding document
e2036,0005001357,subsequent document
e2037,0005004527,subsequent document
e2037,0005001357,preceding document
e649,0090040677,subsequent document
e649,0005004527,preceding document
e650,0090040677,subsequent document
e650,0087000668,preceding document
e2993,4900000082,subsequent document
e2993,0005004527,preceding document
e2994,4900000082,subsequent document
e2994,0087000668,preceding document
e2038,0005001358,subsequent document
e2038,0015000250,preceding document
e2039,0005001358,preceding document
e2039,0005004528,subsequent document
e2864,0005004528,preceding document
e2864,4900000083,subsequent document
e2865,0087000669,preceding document
e2865,4900000083,subsequent document
e2040,0090040678,subsequent document
e2040,0005004528,preceding document
e2041,0090040678,subsequent document
e2041,0087000669,preceding document
e2042,0015000251,preceding document
e2042,0005001359,subsequent document
e2043,0005001360,subsequent document
e2043,0015000252,preceding document
e2044,0005001360,preceding document
e2044,0005004529,subsequent document
e2045,0015000255,preceding document
e2045,0005001363,subsequent document
e651,0005001364,subsequent document
e651,0015000256,preceding document
e2088,0005001364,preceding document
e2088,0005004532,subsequent document
e2409,4900000084,subsequent document
e2409,0005004532,preceding document
e2410,0087000673,preceding document
e2410,4900000084,subsequent document
e2089,0090040679,subsequent document
e2089,0005004532,preceding document
e2090,0087000673,preceding document
e2090,0090040679,subsequent document
e2091,0005001365,subsequent document
e2091,0015000257,preceding document
e2092,0005001365,preceding document
e2092,0005004533,subsequent document
e2284,0005004533,preceding document
e2284,4900000085,subsequent document
e2285,0087000674,preceding document
e2285,4900000085,subsequent document
e2093,0090040680,subsequent document
e2093,0005004533,preceding document
e2094,0087000674,preceding document
e2094,0090040680,subsequent document
e2095,0005001366,subsequent document
e2095,0015000258,preceding document
e2096,0005004534,subsequent document
e2096,0005001366,preceding document
e3076,4900000086,subsequent document
e3076,0005004534,preceding document
e3077,4900000086,subsequent document
e3077,0087000675,preceding document
e2097,0005004534,preceding document
e2097,0090040681,subsequent document
e2098,0087000675,preceding document
e2098,0090040681,subsequent document
e652,0005001367,subsequent document
e652,0015000259,preceding document
e286,0015000260,preceding document
e286,0005001368,subsequent document
e287,0005004535,subsequent document
e287,0005001368,preceding document
e2866,4900000087,subsequent document
e2866,0005004535,preceding document
e2867,4900000087,subsequent document
e2867,0087000676,preceding document
e288,0090040682,subsequent document
e288,0005004535,preceding document
e289,0090040682,subsequent document
e289,0087000676,preceding document
e290,0005001369,subsequent document
e290,0015000261,preceding document
e291,0005001369,preceding document
e291,0005004536,subsequent document
e2411,0005004536,preceding document
e2411,4900000088,subsequent document
e2412,0087000677,preceding document
e2412,4900000088,subsequent document
e292,0005004536,preceding document
e292,0090040683,subsequent document
e293,0087000677,preceding document
e293,0090040683,subsequent document
e294,0005001370,subsequent document
e294,0015000262,preceding document
e295,0005001370,preceding document
e295,0005004537,subsequent document
e3078,0005004537,preceding document
e3078,4900000089,subsequent document
e3079,0087000678,preceding document
e3079,4900000089,subsequent document
e296,0090040684,subsequent document
e296,0005004537,preceding document
e297,0090040684,subsequent document
e297,0087000678,preceding document
e298,0005001371,subsequent document
e298,0015000263,preceding document
e389,0015000264,preceding document
e389,0005001372,subsequent document
e653,0005001372,preceding document
e653,0005004538,subsequent document
e1499,4900000090,subsequent document
e1499,0005004538,preceding document
e1500,4900000090,subsequent document
e1500,0087000679,preceding document
e862,0090040685,subsequent document
e862,0005004538,preceding document
e863,0090040685,subsequent document
e863,0087000679,preceding document
e864,0015000265,preceding document
e864,0005001373,subsequent document
e865,0005004539,subsequent document
e865,0005001373,preceding document
e2868,4900000091,subsequent document
e2868,0005004539,preceding document
e2869,4900000091,subsequent document
e2869,0087000680,preceding document
e866,0090040686,subsequent document
e866,0005004539,preceding document
e867,0090040686,subsequent document
e867,0087000680,preceding document
e868,0005001374,subsequent document
e868,0015000266,preceding document
e869,0005001374,preceding document
e869,0005004540,subsequent document
e2286,0005004540,preceding document
e2286,4900000092,subsequent document
e2287,0087000681,preceding document
e2287,4900000092,subsequent document
e913,0090040687,subsequent document
e913,0005004540,preceding document
e914,0087000681,preceding document
e914,0090040687,subsequent document
e915,0005001375,subsequent document
e915,0015000267,preceding document
e654,0015000268,preceding document
e654,0005001376,subsequent document
e655,0005004541,subsequent document
e655,0005001376,preceding document
e1501,4900000093,subsequent document
e1501,0005004541,preceding document
e1502,4900000093,subsequent document
e1502,0087000682,preceding document
e656,0005004541,preceding document
e656,0090040688,subsequent document
e657,0090040688,subsequent document
e657,0087000682,preceding document
e658,0015000269,preceding document
e658,0005001377,subsequent document
e659,0005004542,subsequent document
e659,0005001377,preceding document
e300,4900000094,subsequent document
e300,0005004542,preceding document
e301,4900000094,subsequent document
e301,0087000683,preceding document
e660,0090040689,subsequent document
e660,0005004542,preceding document
e661,0090040689,subsequent document
e661,0087000683,preceding document
e662,0015000270,preceding document
e662,0005001378,subsequent document
e663,0005004543,subsequent document
e663,0005001378,preceding document
e2870,4900000095,subsequent document
e2870,0005004543,preceding document
e2871,4900000095,subsequent document
e2871,0087000684,preceding document
e664,0090040690,subsequent document
e664,0005004543,preceding document
e665,0087000684,preceding document
e665,0090040690,subsequent document
e916,0015000271,preceding document
e916,0005001379,subsequent document
e917,0005001380,subsequent document
e917,0015000272,preceding document
e918,0005004544,subsequent document
e918,0005001380,preceding document
e919,0015000273,preceding document
e919,0005001381,subsequent document
e920,0005004545,subsequent document
e920,0005001381,preceding document
e302,4900000096,subsequent document
e302,0005004545,preceding document
e303,0087000686,preceding document
e303,4900000096,subsequent document
e921,0090040691,subsequent document
e921,0005004545,preceding document
e922,0090040691,subsequent document
e922,0087000686,preceding document
e923,0015000274,preceding document
e923,0005001382,subsequent document
e924,0005004546,subsequent document
e924,0005001382,preceding document
e1503,4900000097,subsequent document
e1503,0005004546,preceding document
e1504,4900000097,subsequent document
e1504,0087000687,preceding document
e925,0005004546,preceding document
e925,0090040692,subsequent document
e926,0087000687,preceding document
e926,0090040692,subsequent document
e927,0015000275,preceding document
e927,0005001383,subsequent document
e928,0005001384,subsequent document
e928,0015000276,preceding document
e929,0005004547,subsequent document
e929,0005001384,preceding document
e2872,0005004547,preceding document
e2872,4900000098,subsequent document
e2873,0087000688,preceding document
e2873,4900000098,subsequent document
e666,0005004547,preceding document
e666,0090040693,subsequent document
e667,0087000688,preceding document
e667,0090040693,subsequent document
e668,0005001385,subsequent document
e668,0015000277,preceding document
e930,0005001385,preceding document
e930,0005004548,subsequent document
e1305,0005004548,preceding document
e1305,4900000099,subsequent document
e1306,0087000689,preceding document
e1306,4900000099,subsequent document
e931,0090040694,subsequent document
e931,0005004548,preceding document
e932,0090040694,subsequent document
e932,0087000689,preceding document
e933,0005001386,subsequent document
e933,0015000278,preceding document
e934,0005001386,preceding document
e934,0005004549,subsequent document
e2995,4900000100,subsequent document
e2995,0005004549,preceding document
e2996,0087000690,preceding document
e2996,4900000100,subsequent document
e669,0090040695,subsequent document
e669,0005004549,preceding document
e670,0087000690,preceding document
e670,0090040695,subsequent document
e671,0015000279,preceding document
e671,0005001387,subsequent document
e672,0005001388,subsequent document
e672,0015000280,preceding document
e673,0005001388,preceding document
e673,0005004550,subsequent document
e2288,4900000101,subsequent document
e2288,0005004550,preceding document
e2289,4900000101,subsequent document
e2289,0087000691,preceding document
e674,0005004550,preceding document
e674,0090040696,subsequent document
e675,0087000691,preceding document
e675,0090040696,subsequent document
e676,0015000281,preceding document
e676,0005001389,subsequent document
e677,0005004551,subsequent document
e677,0005001389,preceding document
e2413,4900000102,subsequent document
e2413,0005004551,preceding document
e2414,4900000102,subsequent document
e2414,0087000692,preceding document
e753,0090040697,subsequent document
e753,0005004551,preceding document
e754,0090040697,subsequent document
e754,0087000692,preceding document
e755,0015000282,preceding document
e755,0005001390,subsequent document
e935,0005004552,subsequent document
e935,0005001390,preceding document
e756,0090040698,subsequent document
e756,0005004552,preceding document
e757,0087000693,preceding document
e757,0090040698,subsequent document
e1035,0005004552,preceding document
e1035,4900000103,subsequent document
e1036,0087000693,preceding document
e1036,4900000103,subsequent document
e758,0015000286,preceding document
e758,0005001394,subsequent document
e759,0005004555,subsequent document
e759,0005001394,preceding document
e598,0005001395,subsequent document
e598,0015000287,preceding document
e599,0005001396,subsequent document
e599,0015000288,preceding document
e600,0005004556,subsequent document
e600,0005001396,preceding document
e1037,0005004556,preceding document
e1037,4900000104,subsequent document
e1038,0087000697,preceding document
e1038,4900000104,subsequent document
e601,0090040699,subsequent document
e601,0005004556,preceding document
e602,0090040699,subsequent document
e602,0087000697,preceding document
e603,0005001397,subsequent document
e603,0015000289,preceding document
e604,0005001397,preceding document
e604,0005004557,subsequent document
e760,0090040700,subsequent document
e760,0005004557,preceding document
e761,0090040700,subsequent document
e761,0087000698,preceding document
e2874,0005004557,preceding document
e2874,4900000105,subsequent document
e2875,0087000698,preceding document
e2875,4900000105,subsequent document
e762,0015000290,preceding document
e762,0005001398,subsequent document
e763,0005004558,subsequent document
e763,0005001398,preceding document
e2876,4900000106,subsequent document
e2876,0005004558,preceding document
e2877,4900000106,subsequent document
e2877,0087000699,preceding document
e764,0090040701,subsequent document
e764,0005004558,preceding document
e765,0090040701,subsequent document
e765,0087000699,preceding document
e766,0015000291,preceding document
e766,0005001399,subsequent document
e767,0015000292,preceding document
e767,0005001400,subsequent document
e768,0005004559,subsequent document
e768,0005001400,preceding document
e2290,0005004559,preceding document
e2290,4900000107,subsequent document
e2291,4900000107,subsequent document
e2291,0087000700,preceding document
e769,0005004559,preceding document
e769,0090040702,subsequent document
e770,0090040702,subsequent document
e770,0087000700,preceding document
e605,0005001401,subsequent document
e605,0015000293,preceding document
e606,0005004560,subsequent document
e606,0005001401,preceding document
e2997,0005004560,preceding document
e2997,4900000108,subsequent document
e2998,0087000701,preceding document
e2998,4900000108,subsequent document
e607,0090040703,subsequent document
e607,0005004560,preceding document
e608,0090040703,subsequent document
e608,0087000701,preceding document
e609,0005001402,subsequent document
e609,0015000294,preceding document
e610,0005001402,preceding document
e610,0005004561,subsequent document
e1090,0005004561,preceding document
e1090,4900000109,subsequent document
e1091,0087000702,preceding document
e1091,4900000109,subsequent document
e611,0005004561,preceding document
e611,0090040704,subsequent document
e612,0087000702,preceding document
e612,0090040704,subsequent document
e613,0005001403,subsequent document
e613,0015000295,preceding document
e771,0005001404,subsequent document
e771,0015000296,preceding document
e772,0005001404,preceding document
e772,0005004562,subsequent document
e325,4900000110,subsequent document
e325,0005004562,preceding document
e326,4900000110,subsequent document
e326,0087000703,preceding document
e773,0090040705,subsequent document
e773,0005004562,preceding document
e774,0087000703,preceding document
e774,0090040705,subsequent document
e775,0015000297,preceding document
e775,0005001405,subsequent document
e776,0005001405,preceding document
e776,0005004563,subsequent document
e811,0005001406,subsequent document
e811,0015000298,preceding document
e812,0005001406,preceding document
e812,0005004564,subsequent document
e2415,0005004564,preceding document
e2415,4900000111,subsequent document
e2416,0087000705,preceding document
e2416,4900000111,subsequent document
e813,0005004564,preceding document
e813,0090040706,subsequent document
e814,0087000705,preceding document
e814,0090040706,subsequent document
e815,0005001407,subsequent document
e815,0015000299,preceding document
e816,0005001408,subsequent document
e816,0015000300,preceding document
e614,0005001408,preceding document
e614,0005004565,subsequent document
e2878,4900000112,subsequent document
e2878,0005004565,preceding document
e2879,4900000112,subsequent document
e2879,0087000706,preceding document
e682,0090040707,subsequent document
e682,0005004565,preceding document
e683,0090040707,subsequent document
e683,0087000706,preceding document
e684,0005001409,subsequent document
e684,0015000301,preceding document
e817,0005004566,subsequent document
e817,0005001409,preceding document
e2292,0005004566,preceding document
e2292,4900000113,subsequent document
e2293,4900000113,subsequent document
e2293,0087000707,preceding document
e818,0005004566,preceding document
e818,0090040708,subsequent document
e819,0090040708,subsequent document
e819,0087000707,preceding document
e820,0005001410,subsequent document
e820,0015000302,preceding document
e821,0005001410,preceding document
e821,0005004567,subsequent document
e2294,4900000114,subsequent document
e2294,0005004567,preceding document
e2295,0087000708,preceding document
e2295,4900000114,subsequent document
e822,0090040709,subsequent document
e822,0005004567,preceding document
e823,0090040709,subsequent document
e823,0087000708,preceding document
e824,0015000303,preceding document
e824,0005001411,subsequent document
e825,0005001412,subsequent document
e825,0015000304,preceding document
e826,0005001412,preceding document
e826,0005004568,subsequent document
e327,4900000115,subsequent document
e327,0005004568,preceding document
e328,0087000709,preceding document
e328,4900000115,subsequent document
e827,0090040710,subsequent document
e827,0005004568,preceding document
e828,0087000709,preceding document
e828,0090040710,subsequent document
e829,0005001413,subsequent document
e829,0015000305,preceding document
e830,0005004569,subsequent document
e830,0005001413,preceding document
e329,0005004569,preceding document
e329,4900000116,subsequent document
e330,4900000116,subsequent document
e330,0087000710,preceding document
e831,0005004569,preceding document
e831,0090040711,subsequent document
e832,0087000710,preceding document
e832,0090040711,subsequent document
e685,0015000306,preceding document
e685,0005001414,subsequent document
e686,0005004570,subsequent document
e686,0005001414,preceding document
e1307,0005004570,preceding document
e1307,4900000117,subsequent document
e1308,0087000711,preceding document
e1308,4900000117,subsequent document
e687,0090040712,subsequent document
e687,0005004570,preceding document
e688,0087000711,preceding document
e688,0090040712,subsequent document
e689,0015000307,preceding document
e689,0005001415,subsequent document
e690,0005001416,subsequent document
e690,0015000308,preceding document
e691,0005004571,subsequent document
e691,0005001416,preceding document
e2417,4900000118,subsequent document
e2417,0005004571,preceding document
e2418,4900000118,subsequent document
e2418,0087000712,preceding document
e692,0005004571,preceding document
e692,0090040713,subsequent document
e693,0087000712,preceding document
e693,0090040713,subsequent document
e694,0015000309,preceding document
e694,0005001417,subsequent document
e695,0005004572,subsequent document
e695,0005001417,preceding document
e696,0015000310,preceding document
e696,0005001418,subsequent document
e697,0005004573,subsequent document
e697,0005001418,preceding document
e2296,4900000119,subsequent document
e2296,0005004573,preceding document
e2297,4900000119,subsequent document
e2297,0087000714,preceding document
e698,0090040714,subsequent document
e698,0005004573,preceding document
e699,0087000714,preceding document
e699,0090040714,subsequent document
e700,0015000311,preceding document
e700,0005001419,subsequent document
e833,0005001420,subsequent document
e833,0015000312,preceding document
e701,0005001420,preceding document
e701,0005004574,subsequent document
e1505,0005004574,preceding document
e1505,4900000120,subsequent document
e1506,0087000715,preceding document
e1506,4900000120,subsequent document
e702,0090040715,subsequent document
e702,0005004574,preceding document
e703,0090040715,subsequent document
e703,0087000715,preceding document
e704,0015000314,preceding document
e704,0005001422,subsequent document
e705,0005004576,subsequent document
e705,0005001422,preceding document
e3080,0005004576,preceding document
e3080,4900000121,subsequent document
e3081,0087000717,preceding document
e3081,4900000121,subsequent document
e706,0005004576,preceding document
e706,0090040716,subsequent document
e707,0087000717,preceding document
e707,0090040716,subsequent document
e708,0005001423,subsequent document
e708,0015000315,preceding document
e709,0005001424,subsequent document
e709,0015000316,preceding document
e710,0005001424,preceding document
e710,0005004577,subsequent document
e1092,4900000122,subsequent document
e1092,0005004577,preceding document
e1093,4900000122,subsequent document
e1093,0087000718,preceding document
e834,0090040717,subsequent document
e834,0005004577,preceding document
e835,0087000718,preceding document
e835,0090040717,subsequent document
e836,0005001425,subsequent document
e836,0015000317,preceding document
e837,0005001425,preceding document
e837,0005004578,subsequent document
e304,4900000123,subsequent document
e304,0005004578,preceding document
e305,4900000123,subsequent document
e305,0087000719,preceding document
e1605,0090040718,subsequent document
e1605,0005004578,preceding document
e1606,0090040718,subsequent document
e1606,0087000719,preceding document
e1607,0005001426,subsequent document
e1607,0015000318,preceding document
e1608,0005004579,subsequent document
e1608,0005001426,preceding document
e1507,0005004579,preceding document
e1507,4900000124,subsequent document
e1508,4900000124,subsequent document
e1508,0087000720,preceding document
e1609,0005004579,preceding document
e1609,0090040719,subsequent document
e1610,0090040719,subsequent document
e1610,0087000720,preceding document
e1611,0005001427,subsequent document
e1611,0015000319,preceding document
e1612,0015000320,preceding document
e1612,0005001428,subsequent document
e1613,0005004580,subsequent document
e1613,0005001428,preceding document
e1614,0005001429,subsequent document
e1614,0015000321,preceding document
e1615,0005001429,preceding document
e1615,0005004581,subsequent document
e2880,4900000125,subsequent document
e2880,0005004581,preceding document
e2881,4900000125,subsequent document
e2881,0087000722,preceding document
e1616,0090040720,subsequent document
e1616,0005004581,preceding document
e1617,0090040720,subsequent document
e1617,0087000722,preceding document
e1618,0015000322,preceding document
e1618,0005001430,subsequent document
e1619,0005004582,subsequent document
e1619,0005001430,preceding document
e306,0005004582,preceding document
e306,4900000126,subsequent document
e307,4900000126,subsequent document
e307,0087000723,preceding document
e838,0090040721,subsequent document
e838,0005004582,preceding document
e839,0090040721,subsequent document
e839,0087000723,preceding document
e840,0015000323,preceding document
e840,0005001431,subsequent document
e841,0005001432,subsequent document
e841,0015000324,preceding document
e1620,0005001432,preceding document
e1620,0005004583,subsequent document
e1116,4900000127,subsequent document
e1116,0005004583,preceding document
e1117,4900000127,subsequent document
e1117,0087000724,preceding document
e1621,0090040722,subsequent document
e1621,0005004583,preceding document
e1622,0090040722,subsequent document
e1622,0087000724,preceding document
e1623,0005001433,subsequent document
e1623,0015000325,preceding document
e1624,0005001433,preceding document
e1624,0005004584,subsequent document
e2999,4900000128,subsequent document
e2999,0005004584,preceding document
e3000,0087000725,preceding document
e3000,4900000128,subsequent document
e1625,0005004584,preceding document
e1625,0090040723,subsequent document
e1626,0087000725,preceding document
e1626,0090040723,subsequent document
e1627,0005001434,subsequent document
e1627,0015000326,preceding document
e1628,0005001434,preceding document
e1628,0005004585,subsequent document
e1118,4900000129,subsequent document
e1118,0005004585,preceding document
e1119,0087000726,preceding document
e1119,4900000129,subsequent document
e1629,0005004585,preceding document
e1629,0090040724,subsequent document
e1686,0087000726,preceding document
e1686,0090040724,subsequent document
e1687,0015000327,preceding document
e1687,0005001435,subsequent document
e1688,0005001436,subsequent document
e1688,0015000328,preceding document
e1689,0005001436,preceding document
e1689,0005004586,subsequent document
e2419,4900000130,subsequent document
e2419,0005004586,preceding document
e2420,0087000727,preceding document
e2420,4900000130,subsequent document
e842,0090040725,subsequent document
e842,0005004586,preceding document
e843,0087000727,preceding document
e843,0090040725,subsequent document
e844,0015000329,preceding document
e844,0005001437,subsequent document
e845,0005004587,subsequent document
e845,0005001437,preceding document
e1120,0005004587,preceding document
e1120,4900000131,subsequent document
e1121,4900000131,subsequent document
e1121,0087000728,preceding document
e846,0005004587,preceding document
e846,0090040726,subsequent document
e847,0090040726,subsequent document
e847,0087000728,preceding document
e848,0015000330,preceding document
e848,0005001438,subsequent document
e849,0005004588,subsequent document
e849,0005001438,preceding document
e2882,0005004588,preceding document
e2882,4900000132,subsequent document
e2883,0087000729,preceding document
e2883,4900000132,subsequent document
e1690,0090040727,subsequent document
e1690,0005004588,preceding document
e1691,0087000729,preceding document
e1691,0090040727,subsequent document
e1692,0005001439,subsequent document
e1692,0015000331,preceding document
e1693,0005001440,subsequent document
e1693,0015000332,preceding document
e1694,0005004589,subsequent document
e1694,0005001440,preceding document
e1695,0005001441,subsequent document
e1695,0015000333,preceding document
e1696,0005001441,preceding document
e1696,0005004590,subsequent document
e331,4900000133,subsequent document
e331,0005004590,preceding document
e332,4900000133,subsequent document
e332,0087000731,preceding document
e1697,0090040728,subsequent document
e1697,0005004590,preceding document
e1698,0090040728,subsequent document
e1698,0087000731,preceding document
e1699,0005001442,subsequent document
e1699,0015000334,preceding document
e1700,0005001442,preceding document
e1700,0005004591,subsequent document
e1309,0005004591,preceding document
e1309,4900000134,subsequent document
e1310,0087000732,preceding document
e1310,4900000134,subsequent document
e1701,0005004591,preceding document
e1701,0090040729,subsequent document
e1702,0087000732,preceding document
e1702,0090040729,subsequent document
e1703,0015000335,preceding document
e1703,0005001443,subsequent document
e888,0015000336,preceding document
e888,0005001444,subsequent document
e889,0005004592,subsequent document
e889,0005001444,preceding document
e1122,0005004592,preceding document
e1122,4900000135,subsequent document
e1123,0087000733,preceding document
e1123,4900000135,subsequent document
e1704,0090040730,subsequent document
e1704,0005004592,preceding document
e1705,0090040730,subsequent document
e1705,0087000733,preceding document
e1706,0015000337,preceding document
e1706,0005001445,subsequent document
e1707,0005004593,subsequent document
e1707,0005001445,preceding document
e1509,0005004593,preceding document
e1509,4900000136,subsequent document
e1510,4900000136,subsequent document
e1510,0087000734,preceding document
e1708,0005004593,preceding document
e1708,0090040731,subsequent document
e1709,0087000734,preceding document
e1709,0090040731,subsequent document
e1710,0015000338,preceding document
e1710,0005001446,subsequent document
e1711,0005004594,subsequent document
e1711,0005001446,preceding document
e2298,4900000137,subsequent document
e2298,0005004594,preceding document
e2299,0087000735,preceding document
e2299,4900000137,subsequent document
e1712,0090040732,subsequent document
e1712,0005004594,preceding document
e1713,0087000735,preceding document
e1713,0090040732,subsequent document
e1714,0015000339,preceding document
e1714,0005001447,subsequent document
e890,0015000340,preceding document
e890,0005001448,subsequent document
e891,0005004595,subsequent document
e891,0005001448,preceding document
e1511,0005004595,preceding document
e1511,4900000138,subsequent document
e1512,4900000138,subsequent document
e1512,0087000736,preceding document
e892,0005004595,preceding document
e892,0090040733,subsequent document
e893,0090040733,subsequent document
e893,0087000736,preceding document
e894,0005001449,subsequent document
e894,0015000341,preceding document
e895,0005001449,preceding document
e895,0005004596,subsequent document
e3001,4900000139,subsequent document
e3001,0005004596,preceding document
e3002,4900000139,subsequent document
e3002,0087000737,preceding document
e896,0005004596,preceding document
e896,0090040734,subsequent document
e897,0087000737,preceding document
e897,0090040734,subsequent document
e898,0015000342,preceding document
e898,0005001450,subsequent document
e1715,0005004597,subsequent document
e1715,0005001450,preceding document
e333,4900000140,subsequent document
e333,0005004597,preceding document
e334,4900000140,subsequent document
e334,0087000738,preceding document
e1716,0090040735,subsequent document
e1716,0005004597,preceding document
e1717,0090040735,subsequent document
e1717,0087000738,preceding document
e1718,0015000343,preceding document
e1718,0005001451,subsequent document
e1719,0015000344,preceding document
e1719,0005001452,subsequent document
e1720,0005004598,subsequent document
e1720,0005001452,preceding document
e899,0015000345,preceding document
e899,0005001453,subsequent document
e900,0005004599,subsequent document
e900,0005001453,preceding document
e2300,4900000141,subsequent document
e2300,0005004599,preceding document
e2301,4900000141,subsequent document
e2301,0087000740,preceding document
e901,0005004599,preceding document
e901,0090040736,subsequent document
e902,0090040736,subsequent document
e902,0087000740,preceding document
e903,0005001454,subsequent document
e903,0015000346,preceding document
e904,0005001454,preceding document
e904,0005004600,subsequent document
e1124,0005004600,preceding document
e1124,4900000142,subsequent document
e1125,0087000741,preceding document
e1125,4900000142,subsequent document
e905,0090040737,subsequent document
e905,0005004600,preceding document
e906,0090040737,subsequent document
e906,0087000741,preceding document
e907,0015000347,preceding document
e907,0005001455,subsequent document
e908,0015000348,preceding document
e908,0005001456,subsequent document
e909,0005001456,preceding document
e909,0005004601,subsequent document
e3082,4900000143,subsequent document
e3082,0005004601,preceding document
e3083,4900000143,subsequent document
e3083,0087000742,preceding document
e1721,0090040738,subsequent document
e1721,0005004601,preceding document
e1722,0087000742,preceding document
e1722,0090040738,subsequent document
e1723,0005001457,subsequent document
e1723,0015000349,preceding document
e1822,0005001457,preceding document
e1822,0005004602,subsequent document
e2884,4900000144,subsequent document
e2884,0005004602,preceding document
e2885,4900000144,subsequent document
e2885,0087000743,preceding document
e1823,0090040739,subsequent document
e1823,0005004602,preceding document
e1824,0090040739,subsequent document
e1824,0087000743,preceding document
e1825,0005001458,subsequent document
e1825,0015000350,preceding document
e1826,0005001458,preceding document
e1826,0005004603,subsequent document
e1311,4900000145,subsequent document
e1311,0005004603,preceding document
e1312,4900000145,subsequent document
e1312,0087000744,preceding document
e1827,0090040740,subsequent document
e1827,0005004603,preceding document
e1828,0090040740,subsequent document
e1828,0087000744,preceding document
e1829,0015000351,preceding document
e1829,0005001459,subsequent document
e1830,0015000352,preceding document
e1830,0005001460,subsequent document
e1831,0005004604,subsequent document
e1831,0005001460,preceding document
e1313,0005004604,preceding document
e1313,4900000146,subsequent document
e1314,4900000146,subsequent document
e1314,0087000745,preceding document
e1832,0090040741,subsequent document
e1832,0005004604,preceding document
e1833,0090040741,subsequent document
e1833,0087000745,preceding document
e1834,0015000353,preceding document
e1834,0005001461,subsequent document
e1835,0005001461,preceding document
e1835,0005004605,subsequent document
e2886,4900000147,subsequent document
e2886,0005004605,preceding document
e2887,4900000147,subsequent document
e2887,0087000746,preceding document
e910,0005004605,preceding document
e910,0090040742,subsequent document
e911,0087000746,preceding document
e911,0090040742,subsequent document
e1836,0005001462,subsequent document
e1836,0015000354,preceding document
e1837,0005001462,preceding document
e1837,0005004606,subsequent document
e335,4900000148,subsequent document
e335,0005004606,preceding document
e336,0087000747,preceding document
e336,4900000148,subsequent document
e1838,0090040743,subsequent document
e1838,0005004606,preceding document
e1839,0090040743,subsequent document
e1839,0087000747,preceding document
e1840,0015000355,preceding document
e1840,0005001463,subsequent document
e1841,0015000356,preceding document
e1841,0005001464,subsequent document
e1842,0005004607,subsequent document
e1842,0005001464,preceding document
e1843,0005001465,subsequent document
e1843,0015000357,preceding document
e1844,0005004608,subsequent document
e1844,0005001465,preceding document
e3084,4900000149,subsequent document
e3084,0005004608,preceding document
e3085,0087000749,preceding document
e3085,4900000149,subsequent document
e1845,0005004608,preceding document
e1845,0090040744,subsequent document
e1846,0087000749,preceding document
e1846,0090040744,subsequent document
e1847,0005001466,subsequent document
e1847,0015000358,preceding document
e1848,0005001466,preceding document
e1848,0005004609,subsequent document
e337,0005004609,preceding document
e337,4900000150,subsequent document
e338,4900000150,subsequent document
e338,0087000750,preceding document
e1849,0090040745,subsequent document
e1849,0005004609,preceding document
e1850,0090040745,subsequent document
e1850,0087000750,preceding document
e1126,0005004610,preceding document
e1126,4900000151,subsequent document
e1127,0100751000,subsequent document
e1127,0005004610,preceding document
e1128,4900000151,subsequent document
e1128,0087000751,preceding document
e1129,0100751000,subsequent document
e1129,0087000751,preceding document
e912,0090040746,subsequent document
e912,0005004610,preceding document
e978,0090040746,subsequent document
e978,0005004610,preceding document
e979,0090040746,subsequent document
e979,0087000751,preceding document
e980,0090040746,subsequent document
e980,0087000751,preceding document
e1315,4900000152,subsequent document
e1315,0005004611,preceding document
e1316,0100752000,subsequent document
e1316,0005004611,preceding document
e1317,4900000152,subsequent document
e1317,0087000752,preceding document
e1318,0100752000,subsequent document
e1318,0087000752,preceding document
e981,0005004611,preceding document
e981,0090040747,subsequent document
e982,0005004611,preceding document
e982,0090040747,subsequent document
e983,0087000752,preceding document
e983,0090040747,subsequent document
e984,0087000752,preceding document
e984,0090040747,subsequent document
e308,0005004612,preceding document
e308,4900000153,subsequent document
e309,0100753000,subsequent document
e309,0005004612,preceding document
e310,0087000753,preceding document
e310,4900000153,subsequent document
e311,0087000753,preceding document
e311,0100753000,subsequent document
e985,0005004612,preceding document
e985,0090040748,subsequent document
e986,0005004612,preceding document
e986,0090040748,subsequent document
e987,0087000753,preceding document
e987,0090040748,subsequent document
e988,0087000753,preceding document
e988,0090040748,subsequent document
e1513,4900000154,subsequent document
e1513,0005004613,preceding document
e1514,0100754000,subsequent document
e1514,0005004613,preceding document
e1515,0087000754,preceding document
e1515,4900000154,subsequent document
e1516,0087000754,preceding document
e1516,0100754000,subsequent document
e1851,0090040749,subsequent document
e1851,0005004613,preceding document
e1852,0090040749,subsequent document
e1852,0005004613,preceding document
e1853,0087000754,preceding document
e1853,0090040749,subsequent document
e1854,0087000754,preceding document
e1854,0090040749,subsequent document
e1517,0005004614,preceding document
e1517,4900000155,subsequent document
e1518,0100755000,subsequent document
e1518,0005004614,preceding document
e1519,0087000755,preceding document
e1519,4900000155,subsequent document
e1520,0087000755,preceding document
e1520,0100755000,subsequent document
e1855,0005004614,preceding document
e1855,0090040750,subsequent document
e1856,0005004614,preceding document
e1856,0090040750,subsequent document
e1857,0087000755,preceding document
e1857,0090040750,subsequent document
e1952,0087000755,preceding document
e1952,0090040750,subsequent document
e1130,0005004615,preceding document
e1130,4900000156,subsequent document
e1131,0005004615,preceding document
e1131,0100756000,subsequent document
e1132,4900000156,subsequent document
e1132,0087000756,preceding document
e1133,0100756000,subsequent document
e1133,0087000756,preceding document
e1953,0005004615,preceding document
e1953,0090040751,subsequent document
e1954,0005004615,preceding document
e1954,0090040751,subsequent document
e1955,0090040751,subsequent document
e1955,0087000756,preceding document
e1956,0090040751,subsequent document
e1956,0087000756,preceding document
e1319,4900000157,subsequent document
e1319,0005004616,preceding document
e1320,0100757000,subsequent document
e1320,0005004616,preceding document
e1321,0087000757,preceding document
e1321,4900000157,subsequent document
e1322,0087000757,preceding document
e1322,0100757000,subsequent document
e1957,0005004616,preceding document
e1957,0090040752,subsequent document
e1958,0005004616,preceding document
e1958,0090040752,subsequent document
e1959,0087000757,preceding document
e1959,0090040752,subsequent document
e1960,0087000757,preceding document
e1960,0090040752,subsequent document
e2421,4900000158,subsequent document
e2421,0005004617,preceding document
e2422,0100758000,subsequent document
e2422,0005004617,preceding document
e2423,0087000758,preceding document
e2423,4900000158,subsequent document
e2424,0087000758,preceding document
e2424,0100758000,subsequent document
e989,0090040753,subsequent document
e989,0005004617,preceding document
e990,0090040753,subsequent document
e990,0005004617,preceding document
e991,0087000758,preceding document
e991,0090040753,subsequent document
e992,0087000758,preceding document
e992,0090040753,subsequent document
e1134,4900000159,subsequent document
e1134,0005004618,preceding document
e1135,0005004618,preceding document
e1135,0100759000,subsequent document
e1136,4900000159,subsequent document
e1136,0087000759,preceding document
e1137,0087000759,preceding document
e1137,0100759000,subsequent document
e993,0090040754,subsequent document
e993,0005004618,preceding document
e994,0090040754,subsequent document
e994,0005004618,preceding document
e995,0090040754,subsequent document
e995,0087000759,preceding document
e996,0090040754,subsequent document
e996,0087000759,preceding document
e1203,0100760000,subsequent document
e1203,0087000760,preceding document
e1961,0090040755,subsequent document
e1961,0005004619,preceding document
e1962,0090040755,subsequent document
e1962,0005004619,preceding document
e1963,0090040755,subsequent document
e1963,0087000760,preceding document
e1964,0090040755,subsequent document
e1964,0087000760,preceding document
e3086,4900000160,subsequent document
e3086,0005004619,preceding document
e3087,0005004619,preceding document
e3087,0100760000,subsequent document
e3088,4900000160,subsequent document
e3088,0087000760,preceding document
e3003,0005004620,preceding document
e3003,4900000161,subsequent document
e3004,0005004620,preceding document
e3004,0100761000,subsequent document
e3005,0087000761,preceding document
e3005,4900000161,subsequent document
e3006,0087000761,preceding document
e3006,0100761000,subsequent document
e1965,0005004620,preceding document
e1965,0090040756,subsequent document
e1966,0005004620,preceding document
e1966,0090040756,subsequent document
e1967,0087000761,preceding document
e1967,0090040756,subsequent document
e1968,0087000761,preceding document
e1968,0090040756,subsequent document
e1204,0005004621,preceding document
e1204,4900000162,subsequent document
e1205,0005004621,preceding document
e1205,0100762000,subsequent document
e1206,0087000762,preceding document
e1206,4900000162,subsequent document
e1207,0087000762,preceding document
e1207,0100762000,subsequent document
e997,0090040757,subsequent document
e997,0005004621,preceding document
e998,0090040757,subsequent document
e998,0005004621,preceding document
e999,0090040757,subsequent document
e999,0087000762,preceding document
e1000,0090040757,subsequent document
e1000,0087000762,preceding document
e312,0087000763,preceding document
e312,0100763000,subsequent document
e1001,0090040758,subsequent document
e1001,0005004622,preceding document
e1002,0090040758,subsequent document
e1002,0005004622,preceding document
e1003,0087000763,preceding document
e1003,0090040758,subsequent document
e1004,0087000763,preceding document
e1004,0090040758,subsequent document
e1138,4900000163,subsequent document
e1138,0005004622,preceding document
e1139,0100763000,subsequent document
e1139,0005004622,preceding document
e1140,4900000163,subsequent document
e1140,0087000763,preceding document
e2425,4900000164,subsequent document
e2425,0005004623,preceding document
e2426,0100764000,subsequent document
e2426,0005004623,preceding document
e2427,4900000164,subsequent document
e2427,0087000764,preceding document
e2428,0100764000,subsequent document
e2428,0087000764,preceding document
e1005,0090040759,subsequent document
e1005,0005004623,preceding document
e1006,0090040759,subsequent document
e1006,0005004623,preceding document
e1007,0090040759,subsequent document
e1007,0087000764,preceding document
e1008,0090040759,subsequent document
e1008,0087000764,preceding document
e3007,4900000165,subsequent document
e3007,0005004624,preceding document
e3008,0100765000,subsequent document
e3008,0005004624,preceding document
e3009,4900000165,subsequent document
e3009,0087000765,preceding document
e3010,0100765000,subsequent document
e3010,0087000765,preceding document
e313,0090040760,subsequent document
e313,0005004624,preceding document
e314,0090040760,subsequent document
e314,0005004624,preceding document
e315,0087000765,preceding document
e315,0090040760,subsequent document
e316,0087000765,preceding document
e316,0090040760,subsequent document
e1521,0005004625,preceding document
e1521,4900000166,subsequent document
e1522,0005004625,preceding document
e1522,0100766000,subsequent document
e1523,4900000166,subsequent document
e1523,0087000766,preceding document
e1524,0100766000,subsequent document
e1524,0087000766,preceding document
e711,0090040761,subsequent document
e711,0005004625,preceding document
e712,0090040761,subsequent document
e712,0005004625,preceding document
e713,0090040761,subsequent document
e713,0087000766,preceding document
e714,0090040761,subsequent document
e714,0087000766,preceding document
e317,4900000167,subsequent document
e317,0005004626,preceding document
e318,0005004626,preceding document
e318,0100767000,subsequent document
e319,4900000167,subsequent document
e319,0087000767,preceding document
e320,0087000767,preceding document
e320,0100767000,subsequent document
e321,0090040762,subsequent document
e321,0005004626,preceding document
e322,0090040762,subsequent document
e322,0005004626,preceding document
e323,0090040762,subsequent document
e323,0087000767,preceding document
e324,0090040762,subsequent document
e324,0087000767,preceding document
e3011,0005004627,preceding document
e3011,4900000168,subsequent document
e3012,0005004627,preceding document
e3012,0100768000,subsequent document
e3013,0087000768,preceding document
e3013,4900000168,subsequent document
e3014,0087000768,preceding document
e3014,0100768000,subsequent document
e715,0005004627,preceding document
e715,0090040763,subsequent document
e716,0005004627,preceding document
e716,0090040763,subsequent document
e717,0087000768,preceding document
e717,0090040763,subsequent document
e718,0087000768,preceding document
e718,0090040763,subsequent document
e2429,0005004628,preceding document
e2429,4900000169,subsequent document
e2430,0100769000,subsequent document
e2430,0005004628,preceding document
e2431,4900000169,subsequent document
e2431,0087000769,preceding document
e2432,0100769000,subsequent document
e2432,0087000769,preceding document
e719,0090040764,subsequent document
e719,0005004628,preceding document
e720,0090040764,subsequent document
e720,0005004628,preceding document
e721,0090040764,subsequent document
e721,0087000769,preceding document
e722,0090040764,subsequent document
e722,0087000769,preceding document
e1323,0005004629,preceding document
e1323,4900000170,subsequent document
e1324,0005004629,preceding document
e1324,0100770000,subsequent document
e1325,0087000770,preceding document
e1325,4900000170,subsequent document
e1326,0087000770,preceding document
e1326,0100770000,subsequent document
e355,0005004629,preceding document
e355,0090040765,subsequent document
e356,0005004629,preceding document
e356,0090040765,subsequent document
e357,0087000770,preceding document
e357,0090040765,subsequent document
e358,0087000770,preceding document
e358,0090040765,subsequent document
e359,4900000171,subsequent document
e359,0005004630,preceding document
e360,0005004630,preceding document
e360,0100771000,subsequent document
e361,4900000171,subsequent document
e361,0087000771,preceding document
e362,0087000771,preceding document
e362,0100771000,subsequent document
e723,0090040766,subsequent document
e723,0005004630,preceding document
e724,0090040766,subsequent document
e724,0005004630,preceding document
e725,0090040766,subsequent document
e725,0087000771,preceding document
e726,0090040766,subsequent document
e726,0087000771,preceding document
e363,4900000172,subsequent document
e363,0005004631,preceding document
e364,0100772000,subsequent document
e364,0005004631,preceding document
e365,4900000172,subsequent document
e365,0087000772,preceding document
e366,0100772000,subsequent document
e366,0087000772,preceding document
e727,0005004631,preceding document
e727,0090040767,subsequent document
e728,0005004631,preceding document
e728,0090040767,subsequent document
e729,0087000772,preceding document
e729,0090040767,subsequent document
e730,0087000772,preceding document
e730,0090040767,subsequent document
e367,4900000173,subsequent document
e367,0005004632,preceding document
e368,0100773000,subsequent document
e368,0005004632,preceding document
e369,4900000173,subsequent document
e369,0087000773,preceding document
e370,0100773000,subsequent document
e370,0087000773,preceding document
e731,0005004632,preceding document
e731,0090040768,subsequent document
e732,0005004632,preceding document
e732,0090040768,subsequent document
e733,0087000773,preceding document
e733,0090040768,subsequent document
e734,0087000773,preceding document
e734,0090040768,subsequent document
e2302,4900000174,subsequent document
e2302,0005004633,preceding document
e2303,0005004633,preceding document
e2303,0100774000,subsequent document
e2304,4900000174,subsequent document
e2304,0087000774,preceding document
e2305,0087000774,preceding document
e2305,0100774000,subsequent document
e735,0090040769,subsequent document
e735,0005004633,preceding document
e736,0090040769,subsequent document
e736,0005004633,preceding document
e737,0090040769,subsequent document
e737,0087000774,preceding document
e738,0090040769,subsequent document
e738,0087000774,preceding document
e371,4900000175,subsequent document
e371,0005004634,preceding document
e372,0100775000,subsequent document
e372,0005004634,preceding document
e373,4900000175,subsequent document
e373,0087000775,preceding document
e374,0100775000,subsequent document
e374,0087000775,preceding document
e375,0090040770,subsequent document
e375,0087000775,preceding document
e376,0090040770,subsequent document
e376,0087000775,preceding document
e739,0090040770,subsequent document
e739,0005004634,preceding document
e740,0090040770,subsequent document
e740,0005004634,preceding document
e2433,0005004635,preceding document
e2433,4900000176,subsequent document
e2434,0100776000,subsequent document
e2434,0005004635,preceding document
e2533,0087000776,preceding document
e2533,4900000176,subsequent document
e2534,0100776000,subsequent document
e2534,0087000776,preceding document
e377,0005004635,preceding document
e377,0090040771,subsequent document
e378,0005004635,preceding document
e378,0090040771,subsequent document
e379,0087000776,preceding document
e379,0090040771,subsequent document
e380,0087000776,preceding document
e380,0090040771,subsequent document
e2535,0005004636,preceding document
e2535,4900000177,subsequent document
e2536,0005004636,preceding document
e2536,0100777000,subsequent document
e2537,0087000777,preceding document
e2537,4900000177,subsequent document
e2538,0100777000,subsequent document
e2538,0087000777,preceding document
e381,0005004636,preceding document
e381,0090040772,subsequent document
e382,0005004636,preceding document
e382,0090040772,subsequent document
e383,0090040772,subsequent document
e383,0087000777,preceding document
e384,0090040772,subsequent document
e384,0087000777,preceding document
e1969,0005004637,preceding document
e1969,4900000178,subsequent document
e1970,0005004637,preceding document
e1970,0100778000,subsequent document
e1971,0087000778,preceding document
e1971,4900000178,subsequent document
e1972,0087000778,preceding document
e1972,0100778000,subsequent document
e385,0090040773,subsequent document
e385,0005004637,preceding document
e386,0090040773,subsequent document
e386,0005004637,preceding document
e387,0090040773,subsequent document
e387,0087000778,preceding document
e388,0090040773,subsequent document
e388,0087000778,preceding document
e1208,0005004638,preceding document
e1208,4900000179,subsequent document
e1209,0005004638,preceding document
e1209,0100779000,subsequent document
e1210,0087000779,preceding document
e1210,4900000179,subsequent document
e1211,0087000779,preceding document
e1211,0100779000,subsequent document
e418,0005004638,preceding document
e418,0090040774,subsequent document
e419,0005004638,preceding document
e419,0090040774,subsequent document
e420,0087000779,preceding document
e420,0090040774,subsequent document
e421,0087000779,preceding document
e421,0090040774,subsequent document
e3015,0005004639,preceding document
e3015,4900000180,subsequent document
e3016,0005004639,preceding document
e3016,0100780000,subsequent document
e3017,0087000780,preceding document
e3017,4900000180,subsequent document
e3018,0100780000,subsequent document
e3018,0087000780,preceding document
e422,0005004639,preceding document
e422,0090040775,subsequent document
e423,0005004639,preceding document
e423,0090040775,subsequent document
e424,0087000780,preceding document
e424,0090040775,subsequent document
e425,0087000780,preceding document
e425,0090040775,subsequent document
e426,0005004640,preceding document
e426,4900000181,subsequent document
e427,0005004640,preceding document
e427,0100781000,subsequent document
e428,0087000781,preceding document
e428,4900000181,subsequent document
e429,0087000781,preceding document
e429,0100781000,subsequent document
e430,0005004640,preceding document
e430,0090040776,subsequent document
e431,0005004640,preceding document
e431,0090040776,subsequent document
e432,0087000781,preceding document
e432,0090040776,subsequent document
e433,0087000781,preceding document
e433,0090040776,subsequent document
e1212,4900000182,subsequent document
e1212,0005004641,preceding document
e1213,0100782000,subsequent document
e1213,0005004641,preceding document
e1214,0087000782,preceding document
e1214,4900000182,subsequent document
e1215,0100782000,subsequent document
e1215,0087000782,preceding document
e434,0090040777,subsequent document
e434,0005004641,preceding document
e435,0090040777,subsequent document
e435,0005004641,preceding document
e436,0087000782,preceding document
e436,0090040777,subsequent document
e437,0087000782,preceding document
e437,0090040777,subsequent document
e1973,0005004642,preceding document
e1973,4900000183,subsequent document
e1974,0005004642,preceding document
e1974,0100783000,subsequent document
e1975,0087000783,preceding document
e1975,4900000183,subsequent document
e1976,0100783000,subsequent document
e1976,0087000783,preceding document
e438,0090040778,subsequent document
e438,0005004642,preceding document
e439,0090040778,subsequent document
e439,0005004642,preceding document
e440,0090040778,subsequent document
e440,0087000783,preceding document
e441,0090040778,subsequent document
e441,0087000783,preceding document
e1977,0005004643,preceding document
e1977,4900000184,subsequent document
e1978,0005004643,preceding document
e1978,0100784000,subsequent document
e1979,4900000184,subsequent document
e1979,0087000784,preceding document
e1980,0087000784,preceding document
e1980,0100784000,subsequent document
e472,0005004643,preceding document
e472,0090040779,subsequent document
e473,0005004643,preceding document
e473,0090040779,subsequent document
e474,0087000784,preceding document
e474,0090040779,subsequent document
e475,0087000784,preceding document
e475,0090040779,subsequent document
e476,4900000185,subsequent document
e476,0005004644,preceding document
e477,0100785000,subsequent document
e477,0005004644,preceding document
e478,0087000785,preceding document
e478,4900000185,subsequent document
e479,0087000785,preceding document
e479,0100785000,subsequent document
e480,0090040780,subsequent document
e480,0005004644,preceding document
e481,0090040780,subsequent document
e481,0005004644,preceding document
e482,0087000785,preceding document
e482,0090040780,subsequent document
e483,0087000785,preceding document
e483,0090040780,subsequent document
e484,4900000186,subsequent document
e484,0005004645,preceding document
e485,0005004645,preceding document
e485,0100786000,subsequent document
e486,4900000186,subsequent document
e486,0087000786,preceding document
e487,0087000786,preceding document
e487,0100786000,subsequent document
e488,0090040781,subsequent document
e488,0005004645,preceding document
e489,0090040781,subsequent document
e489,0005004645,preceding document
e490,0090040781,subsequent document
e490,0087000786,preceding document
e491,0090040781,subsequent document
e491,0087000786,preceding document
e1327,0005004646,preceding document
e1327,4900000187,subsequent document
e1328,0100787000,subsequent document
e1328,0005004646,preceding document
e1329,0087000787,preceding document
e1329,4900000187,subsequent document
e1330,0100787000,subsequent document
e1330,0087000787,preceding document
e492,0005004646,preceding document
e492,0090040782,subsequent document
e493,0005004646,preceding document
e493,0090040782,subsequent document
e494,0087000787,preceding document
e494,0090040782,subsequent document
e495,0087000787,preceding document
e495,0090040782,subsequent document
e1216,4900000188,subsequent document
e1216,0005004647,preceding document
e1217,0100788000,subsequent document
e1217,0005004647,preceding document
e1218,0087000788,preceding document
e1218,4900000188,subsequent document
e1219,0087000788,preceding document
e1219,0100788000,subsequent document
e496,0090040783,subsequent document
e496,0005004647,preceding document
e497,0090040783,subsequent document
e497,0005004647,preceding document
e498,0087000788,preceding document
e498,0090040783,subsequent document
e499,0087000788,preceding document
e499,0090040783,subsequent document
e500,0090040784,subsequent document
e500,0005004648,preceding document
e936,0090040784,subsequent document
e936,0005004648,preceding document
e937,0090040784,subsequent document
e937,0087000789,preceding document
e938,0090040784,subsequent document
e938,0087000789,preceding document
e1220,4900000189,subsequent document
e1220,0005004648,preceding document
e1221,0100789000,subsequent document
e1221,0005004648,preceding document
e1222,4900000189,subsequent document
e1222,0087000789,preceding document
e1223,0100789000,subsequent document
e1223,0087000789,preceding document
e939,0005004649,preceding document
e939,0090040785,subsequent document
e940,0005004649,preceding document
e940,0090040785,subsequent document
e941,0087000790,preceding document
e941,0090040785,subsequent document
e942,0087000790,preceding document
e942,0090040785,subsequent document
e1224,0005004649,preceding document
e1224,4900000190,subsequent document
e1225,0005004649,preceding document
e1225,0100790000,subsequent document
e1226,0087000790,preceding document
e1226,4900000190,subsequent document
e1227,0087000790,preceding document
e1227,0100790000,subsequent document
e1981,0005004650,preceding document
e1981,4900000191,subsequent document
e1982,0005004650,preceding document
e1982,0100791000,subsequent document
e1983,0087000791,preceding document
e1983,4900000191,subsequent document
e1984,0100791000,subsequent document
e1984,0087000791,preceding document
e943,0090040786,subsequent document
e943,0005004650,preceding document
e944,0090040786,subsequent document
e944,0005004650,preceding document
e945,0090040786,subsequent document
e945,0087000791,preceding document
e946,0090040786,subsequent document
e946,0087000791,preceding document
e1228,0005004651,preceding document
e1228,4900000192,subsequent document
e1229,0005004651,preceding document
e1229,0100792000,subsequent document
e1230,0087000792,preceding document
e1230,4900000192,subsequent document
e1231,0100792000,subsequent document
e1231,0087000792,preceding document
e339,0090040787,subsequent document
e339,0005004651,preceding document
e340,0090040787,subsequent document
e340,0005004651,preceding document
e341,0090040787,subsequent document
e341,0087000792,preceding document
e342,0090040787,subsequent document
e342,0087000792,preceding document
e1985,0005004652,preceding document
e1985,4900000193,subsequent document
e1986,0005004652,preceding document
e1986,0100793000,subsequent document
e1987,0087000793,preceding document
e1987,4900000193,subsequent document
e2099,0087000793,preceding document
e2099,0100793000,subsequent document
e343,0005004652,preceding document
e343,0090040788,subsequent document
e344,0005004652,preceding document
e344,0090040788,subsequent document
e345,0087000793,preceding document
e345,0090040788,subsequent document
e346,0087000793,preceding document
e346,0090040788,subsequent document
e3019,4900000194,subsequent document
e3019,0005004653,preceding document
e3020,0100794000,subsequent document
e3020,0005004653,preceding document
e3021,0087000794,preceding document
e3021,4900000194,subsequent document
e3022,0087000794,preceding document
e3022,0100794000,subsequent document
e347,0090040789,subsequent document
e347,0005004653,preceding document
e348,0090040789,subsequent document
e348,0005004653,preceding document
e349,0087000794,preceding document
e349,0090040789,subsequent document
e350,0087000794,preceding document
e350,0090040789,subsequent document
e2539,0005004654,preceding document
e2539,4900000195,subsequent document
e2540,0100795000,subsequent document
e2540,0005004654,preceding document
e2541,0087000795,preceding document
e2541,4900000195,subsequent document
e2542,0087000795,preceding document
e2542,0100795000,subsequent document
e351,0090040790,subsequent document
e351,0005004654,preceding document
e352,0090040790,subsequent document
e352,0005004654,preceding document
e353,0087000795,preceding document
e353,0090040790,subsequent document
e354,0087000795,preceding document
e354,0090040790,subsequent document
e442,0005004655,preceding document
e442,4900000196,subsequent document
e443,0005004655,preceding document
e443,0100796000,subsequent document
e444,4900000196,subsequent document
e444,0087000796,preceding document
e445,0100796000,subsequent document
e445,0087000796,preceding document
e446,0005004655,preceding document
e446,0090040791,subsequent document
e447,0005004655,preceding document
e447,0090040791,subsequent document
e448,0090040791,subsequent document
e448,0087000796,preceding document
e449,0090040791,subsequent document
e449,0087000796,preceding document
e450,0005004656,preceding document
e450,4900000197,subsequent document
e451,0005004656,preceding document
e451,0100797000,subsequent document
e452,0087000797,preceding document
e452,4900000197,subsequent document
e453,0087000797,preceding document
e453,0100797000,subsequent document
e454,0090040792,subsequent document
e454,0005004656,preceding document
e455,0090040792,subsequent document
e455,0005004656,preceding document
e456,0087000797,preceding document
e456,0090040792,subsequent document
e457,0087000797,preceding document
e457,0090040792,subsequent document
e2100,0005004657,preceding document
e2100,4900000198,subsequent document
e2101,0005004657,preceding document
e2101,0100798000,subsequent document
e2102,4900000198,subsequent document
e2102,0087000798,preceding document
e2103,0100798000,subsequent document
e2103,0087000798,preceding document
e458,0005004657,preceding document
e458,0090040793,subsequent document
e459,0005004657,preceding document
e459,0090040793,subsequent document
e460,0090040793,subsequent document
e460,0087000798,preceding document
e461,0090040793,subsequent document
e461,0087000798,preceding document
e462,0005004658,preceding document
e462,4900000199,subsequent document
e463,0005004658,preceding document
e463,0100799000,subsequent document
e464,0087000799,preceding document
e464,4900000199,subsequent document
e465,0087000799,preceding document
e465,0100799000,subsequent document
e466,0005004658,preceding document
e466,0090040794,subsequent document
e467,0005004658,preceding document
e467,0090040794,subsequent document
e468,0087000799,preceding document
e468,0090040794,subsequent document
e469,0087000799,preceding document
e469,0090040794,subsequent document
e470,4900000200,subsequent document
e470,0005004659,preceding document
e471,0100800000,subsequent document
e471,0005004659,preceding document
e565,4900000200,subsequent document
e565,0087000800,preceding document
e566,0087000800,preceding document
e566,0100800000,subsequent document
e567,0090040795,subsequent document
e567,0005004659,preceding document
e568,0090040795,subsequent document
e568,0005004659,preceding document
e569,0090040795,subsequent document
e569,0087000800,preceding document
e570,0090040795,subsequent document
e570,0087000800,preceding document
e571,4900000201,subsequent document
e571,0005004660,preceding document
e572,0005004660,preceding document
e572,0100801000,subsequent document
e573,0087000801,preceding document
e573,4900000201,subsequent document
e574,0087000801,preceding document
e574,0100801000,subsequent document
e575,0005004660,preceding document
e575,0090040796,subsequent document
e576,0005004660,preceding document
e576,0090040796,subsequent document
e577,0087000801,preceding document
e577,0090040796,subsequent document
e578,0087000801,preceding document
e578,0090040796,subsequent document
e390,0100802000,subsequent document
e390,0087000802,preceding document
e579,4900000202,subsequent document
e579,0005004661,preceding document
e580,0100802000,subsequent document
e580,0005004661,preceding document
e581,4900000202,subsequent document
e581,0087000802,preceding document
e391,0005004661,preceding document
e391,0090040797,subsequent document
e392,0005004661,preceding document
e392,0090040797,subsequent document
e393,0087000802,preceding document
e393,0090040797,subsequent document
e394,0087000802,preceding document
e394,0090040797,subsequent document
e395,4900000203,subsequent document
e395,0005004662,preceding document
e396,0100803000,subsequent document
e396,0005004662,preceding document
e397,0087000803,preceding document
e397,4900000203,subsequent document
e398,0087000803,preceding document
e398,0100803000,subsequent document
e399,0090040798,subsequent document
e399,0005004662,preceding document
e400,0090040798,subsequent document
e400,0005004662,preceding document
e401,0087000803,preceding document
e401,0090040798,subsequent document
e402,0087000803,preceding document
e402,0090040798,subsequent document
e3023,0005004663,preceding document
e3023,4900000204,subsequent document
e3121,0100804000,subsequent document
e3121,0005004663,preceding document
e3122,0087000804,preceding document
e3122,4900000204,subsequent document
e3123,0100804000,subsequent document
e3123,0087000804,preceding document
e403,0005004663,preceding document
e403,0090040799,subsequent document
e404,0005004663,preceding document
e404,0090040799,subsequent document
e405,0087000804,preceding document
e405,0090040799,subsequent document
e406,0087000804,preceding document
e406,0090040799,subsequent document
e2543,4900000205,subsequent document
e2543,0005004664,preceding document
e2544,0005004664,preceding document
e2544,0100805000,subsequent document
e2545,4900000205,subsequent document
e2545,0087000805,preceding document
e2546,0087000805,preceding document
e2546,0100805000,subsequent document
e407,0090040800,subsequent document
e407,0005004664,preceding document
e408,0090040800,subsequent document
e408,0005004664,preceding document
e409,0087000805,preceding document
e409,0090040800,subsequent document
e410,0087000805,preceding document
e410,0090040800,subsequent document
e2104,0005004665,preceding document
e2104,4900000206,subsequent document
e2105,0005004665,preceding document
e2105,0100806000,subsequent document
e2106,4900000206,subsequent document
e2106,0087000806,preceding document
e2107,0087000806,preceding document
e2107,0100806000,subsequent document
e2961,0005004665,preceding document
e2961,0090040801,subsequent document
e2962,0005004665,preceding document
e2962,0090040801,subsequent document
e2963,0090040801,subsequent document
e2963,0087000806,preceding document
e2964,0090040801,subsequent document
e2964,0087000806,preceding document
e1412,0005004666,preceding document
e1412,4900000207,subsequent document
e1413,0100807000,subsequent document
e1413,0005004666,preceding document
e1414,0087000807,preceding document
e1414,4900000207,subsequent document
e1415,0087000807,preceding document
e1415,0100807000,subsequent document
e2965,0090040802,subsequent document
e2965,0005004666,preceding document
e2966,0090040802,subsequent document
e2966,0005004666,preceding document
e2967,0087000807,preceding document
e2967,0090040802,subsequent document
e2968,0087000807,preceding document
e2968,0090040802,subsequent document
e1232,0005004667,preceding document
e1232,4900000208,subsequent document
e1233,0005004667,preceding document
e1233,0100808000,subsequent document
e1234,0087000808,preceding document
e1234,4900000208,subsequent document
e1235,0087000808,preceding document
e1235,0100808000,subsequent document
e2969,0005004667,preceding document
e2969,0090040803,subsequent document
e2970,0005004667,preceding document
e2970,0090040803,subsequent document
e2971,0090040803,subsequent document
e2971,0087000808,preceding document
e2972,0090040803,subsequent document
e2972,0087000808,preceding document
e1630,4900000209,subsequent document
e1630,0005004668,preceding document
e1631,0005004668,preceding document
e1631,0100809000,subsequent document
e1632,4900000209,subsequent document
e1632,0087000809,preceding document
e1747,0087000809,preceding document
e1747,0100809000,subsequent document
e2973,0005004668,preceding document
e2973,0090040804,subsequent document
e2974,0005004668,preceding document
e2974,0090040804,subsequent document
e2975,0090040804,subsequent document
e2975,0087000809,preceding document
e2976,0090040804,subsequent document
e2976,0087000809,preceding document
e2547,0005004669,preceding document
e2547,4900000210,subsequent document
e2548,0005004669,preceding document
e2548,0100810000,subsequent document
e2549,4900000210,subsequent document
e2549,0087000810,preceding document
e2550,0100810000,subsequent document
e2550,0087000810,preceding document
e2977,0005004669,preceding document
e2977,0090040805,subsequent document
e2978,0005004669,preceding document
e2978,0090040805,subsequent document
e2979,0090040805,subsequent document
e2979,0087000810,preceding document
e2980,0090040805,subsequent document
e2980,0087000810,preceding document
e3124,0005004670,preceding document
e3124,4900000211,subsequent document
e3125,0005004670,preceding document
e3125,0100811000,subsequent document
e3126,4900000211,subsequent document
e3126,0087000811,preceding document
e3127,0100811000,subsequent document
e3127,0087000811,preceding document
e2981,0005004670,preceding document
e2981,0090040806,subsequent document
e2982,0005004670,preceding document
e2982,0090040806,subsequent document
e2983,0090040806,subsequent document
e2983,0087000811,preceding document
e2984,0090040806,subsequent document
e2984,0087000811,preceding document
e2985,0005004671,preceding document
e2985,0090040807,subsequent document
e2986,0005004671,preceding document
e2986,0090040807,subsequent document
e2987,0090040807,subsequent document
e2987,0087000812,preceding document
e2988,0090040807,subsequent document
e2988,0087000812,preceding document
e3128,0005004671,preceding document
e3128,4900000212,subsequent document
e3129,0100812000,subsequent document
e3129,0005004671,preceding document
e3130,0087000812,preceding document
e3130,4900000212,subsequent document
e3131,0100812000,subsequent document
e3131,0087000812,preceding document
e2306,0005004672,preceding document
e2306,4900000213,subsequent document
e2307,0005004672,preceding document
e2307,0100813000,subsequent document
e2308,0087000813,preceding document
e2308,4900000213,subsequent document
e2309,0100813000,subsequent document
e2309,0087000813,preceding document
e2989,0005004672,preceding document
e2989,0090040808,subsequent document
e2990,0005004672,preceding document
e2990,0090040808,subsequent document
e3089,0090040808,subsequent document
e3089,0087000813,preceding document
e3090,0090040808,subsequent document
e3090,0087000813,preceding document
e1331,4900000214,subsequent document
e1331,0005004673,preceding document
e1332,0005004673,preceding document
e1332,0100814000,subsequent document
e1333,0087000814,preceding document
e1333,4900000214,subsequent document
e1334,0087000814,preceding document
e1334,0100814000,subsequent document
e3091,0090040809,subsequent document
e3091,0005004673,preceding document
e3092,0090040809,subsequent document
e3092,0005004673,preceding document
e3093,0087000814,preceding document
e3093,0090040809,subsequent document
e3094,0087000814,preceding document
e3094,0090040809,subsequent document
e3132,4900000215,subsequent document
e3132,0005004674,preceding document
e3133,0100815000,subsequent document
e3133,0005004674,preceding document
e3134,4900000215,subsequent document
e3134,0087000815,preceding document
e3135,0100815000,subsequent document
e3135,0087000815,preceding document
e3095,0005004674,preceding document
e3095,0090040810,subsequent document
e3096,0005004674,preceding document
e3096,0090040810,subsequent document
e3097,0087000815,preceding document
e3097,0090040810,subsequent document
e3098,0087000815,preceding document
e3098,0090040810,subsequent document
e2551,0005004675,preceding document
e2551,4900000216,subsequent document
e2552,0100816000,subsequent document
e2552,0005004675,preceding document
e2553,0087000816,preceding document
e2553,4900000216,subsequent document
e2554,0100816000,subsequent document
e2554,0087000816,preceding document
e3099,0090040811,subsequent document
e3099,0005004675,preceding document
e3100,0090040811,subsequent document
e3100,0005004675,preceding document
e3101,0090040811,subsequent document
e3101,0087000816,preceding document
e3102,0090040811,subsequent document
e3102,0087000816,preceding document
e1236,4900000217,subsequent document
e1236,0005004676,preceding document
e1237,0100817000,subsequent document
e1237,0005004676,preceding document
e1238,4900000217,subsequent document
e1238,0087000817,preceding document
e1239,0100817000,subsequent document
e1239,0087000817,preceding document
e3103,0090040812,subsequent document
e3103,0005004676,preceding document
e3104,0090040812,subsequent document
e3104,0005004676,preceding document
e3105,0090040812,subsequent document
e3105,0087000817,preceding document
e3106,0090040812,subsequent document
e3106,0087000817,preceding document
e1416,4900000218,subsequent document
e1416,0005004677,preceding document
e1417,0005004677,preceding document
e1417,0100818000,subsequent document
e1418,0087000818,preceding document
e1418,4900000218,subsequent document
e1419,0087000818,preceding document
e1419,0100818000,subsequent document
e3107,0005004677,preceding document
e3107,0090040813,subsequent document
e3108,0005004677,preceding document
e3108,0090040813,subsequent document
e3109,0087000818,preceding document
e3109,0090040813,subsequent document
e3110,0087000818,preceding document
e3110,0090040813,subsequent document
e2108,0005004678,preceding document
e2108,4900000219,subsequent document
e2109,0005004678,preceding document
e2109,0100819000,subsequent document
e2110,0087000819,preceding document
e2110,4900000219,subsequent document
e2111,0087000819,preceding document
e2111,0100819000,subsequent document
e3111,0005004678,preceding document
e3111,0090040814,subsequent document
e3112,0005004678,preceding document
e3112,0090040814,subsequent document
e3113,0087000819,preceding document
e3113,0090040814,subsequent document
e3114,0087000819,preceding document
e3114,0090040814,subsequent document
e2555,4900000220,subsequent document
e2555,0005004679,preceding document
e2556,0005004679,preceding document
e2556,0100820000,subsequent document
e2557,4900000220,subsequent document
e2557,0087000820,preceding document
e2558,0087000820,preceding document
e2558,0100820000,subsequent document
e1988,0005004679,preceding document
e1988,0090040815,subsequent document
e1989,0005004679,preceding document
e1989,0090040815,subsequent document
e1990,0087000820,preceding document
e1990,0090040815,subsequent document
e1991,0087000820,preceding document
e1991,0090040815,subsequent document
e1368,4900000221,subsequent document
e1368,0005004680,preceding document
e1369,0100821000,subsequent document
e1369,0005004680,preceding document
e1370,4900000221,subsequent document
e1370,0087000821,preceding document
e1371,0100821000,subsequent document
e1371,0087000821,preceding document
e1992,0090040816,subsequent document
e1992,0005004680,preceding document
e1993,0090040816,subsequent document
e1993,0005004680,preceding document
e1994,0090040816,subsequent document
e1994,0087000821,preceding document
e1995,0090040816,subsequent document
e1995,0087000821,preceding document
e3136,4900000222,subsequent document
e3136,0005004681,preceding document
e3137,0100822000,subsequent document
e3137,0005004681,preceding document
e3138,4900000222,subsequent document
e3138,0087000822,preceding document
e3139,0100822000,subsequent document
e3139,0087000822,preceding document
e1996,0090040817,subsequent document
e1996,0005004681,preceding document
e1997,0090040817,subsequent document
e1997,0005004681,preceding document
e1998,0090040817,subsequent document
e1998,0087000822,preceding document
e1999,0090040817,subsequent document
e1999,0087000822,preceding document
e2559,0005004682,preceding document
e2559,4900000223,subsequent document
e2560,0100823000,subsequent document
e2560,0005004682,preceding document
e2561,0087000823,preceding document
e2561,4900000223,subsequent document
e2562,0087000823,preceding document
e2562,0100823000,subsequent document
e2000,0005004682,preceding document
e2000,0090040818,subsequent document
e2001,0005004682,preceding document
e2001,0090040818,subsequent document
e2002,0087000823,preceding document
e2002,0090040818,subsequent document
e2003,0087000823,preceding document
e2003,0090040818,subsequent document
e1748,0005004683,preceding document
e1748,4900000224,subsequent document
e1749,0005004683,preceding document
e1749,0100824000,subsequent document
e1750,4900000224,subsequent document
e1750,0087000824,preceding document
e1751,0087000824,preceding document
e1751,0100824000,subsequent document
e2004,0090040819,subsequent document
e2004,0005004683,preceding document
e2005,0090040819,subsequent document
e2005,0005004683,preceding document
e2006,0090040819,subsequent document
e2006,0087000824,preceding document
e2007,0090040819,subsequent document
e2007,0087000824,preceding document
e3140,4900000225,subsequent document
e3140,0005004684,preceding document
e3141,0005004684,preceding document
e3141,0100825000,subsequent document
e3142,4900000225,subsequent document
e3142,0087000825,preceding document
e3143,0100825000,subsequent document
e3143,0087000825,preceding document
e2008,0005004684,preceding document
e2008,0090040820,subsequent document
e2009,0005004684,preceding document
e2009,0090040820,subsequent document
e2010,0087000825,preceding document
e2010,0090040820,subsequent document
e2011,0087000825,preceding document
e2011,0090040820,subsequent document
e3144,4900000226,subsequent document
e3144,0005004685,preceding document
e3145,0100826000,subsequent document
e3145,0005004685,preceding document
e3146,0087000826,preceding document
e3146,4900000226,subsequent document
e3147,0087000826,preceding document
e3147,0100826000,subsequent document
e2012,0005004685,preceding document
e2012,0090040821,subsequent document
e2013,0005004685,preceding document
e2013,0090040821,subsequent document
e2014,0087000826,preceding document
e2014,0090040821,subsequent document
e2015,0087000826,preceding document
e2015,0090040821,subsequent document
e1372,0005004686,preceding document
e1372,4900000227,subsequent document
e1373,0100827000,subsequent document
e1373,0005004686,preceding document
e3115,0087000827,preceding document
e3115,4900000227,subsequent document
e3116,0100827000,subsequent document
e3116,0087000827,preceding document
e2016,0090040822,subsequent document
e2016,0005004686,preceding document
e2017,0090040822,subsequent document
e2017,0005004686,preceding document
e2055,0090040822,subsequent document
e2055,0087000827,preceding document
e2056,0090040822,subsequent document
e2056,0087000827,preceding document
e3117,0005004687,preceding document
e3117,4900000228,subsequent document
e3118,0100828000,subsequent document
e3118,0005004687,preceding document
e3119,0087000828,preceding document
e3119,4900000228,subsequent document
e3120,0100828000,subsequent document
e3120,0087000828,preceding document
e2057,0090040823,subsequent document
e2057,0005004687,preceding document
e2058,0090040823,subsequent document
e2058,0005004687,preceding document
e2059,0090040823,subsequent document
e2059,0087000828,preceding document
e2060,0090040823,subsequent document
e2060,0087000828,preceding document
e2435,0005004688,preceding document
e2435,4900000229,subsequent document
e2436,0100829000,subsequent document
e2436,0005004688,preceding document
e2437,0087000829,preceding document
e2437,4900000229,subsequent document
e2438,0087000829,preceding document
e2438,0100829000,subsequent document
e2061,0090040824,subsequent document
e2061,0005004688,preceding document
e2062,0090040824,subsequent document
e2062,0005004688,preceding document
e2063,0087000829,preceding document
e2063,0090040824,subsequent document
e2064,0087000829,preceding document
e2064,0090040824,subsequent document
e1456,0005004689,preceding document
e1456,4900000230,subsequent document
e1457,0005004689,preceding document
e1457,0100830000,subsequent document
e1458,0087000830,preceding document
e1458,4900000230,subsequent document
e1459,0087000830,preceding document
e1459,0100830000,subsequent document
e2065,0005004689,preceding document
e2065,0090040825,subsequent document
e2066,0005004689,preceding document
e2066,0090040825,subsequent document
e2067,0087000830,preceding document
e2067,0090040825,subsequent document
e2068,0087000830,preceding document
e2068,0090040825,subsequent document
e2310,0005004690,preceding document
e2310,4900000231,subsequent document
e2311,0005004690,preceding document
e2311,0100831000,subsequent document
e2312,0087000831,preceding document
e2312,4900000231,subsequent document
e2313,0087000831,preceding document
e2313,0100831000,subsequent document
e2069,0005004690,preceding document
e2069,0090040826,subsequent document
e2070,0005004690,preceding document
e2070,0090040826,subsequent document
e2071,0087000831,preceding document
e2071,0090040826,subsequent document
e2072,0087000831,preceding document
e2072,0090040826,subsequent document
e1557,4900000232,subsequent document
e1557,0005004691,preceding document
e1558,0100832000,subsequent document
e1558,0005004691,preceding document
e1559,4900000232,subsequent document
e1559,0087000832,preceding document
e1560,0087000832,preceding document
e1560,0100832000,subsequent document
e3148,0090040827,subsequent document
e3148,0005004691,preceding document
e3149,0090040827,subsequent document
e3149,0005004691,preceding document
e3150,0087000832,preceding document
e3150,0090040827,subsequent document
e3151,0087000832,preceding document
e3151,0090040827,subsequent document
e1335,0005004692,preceding document
e1335,4900000233,subsequent document
e1336,0005004692,preceding document
e1336,0100833000,subsequent document
e1337,0087000833,preceding document
e1337,4900000233,subsequent document
e1338,0087000833,preceding document
e1338,0100833000,subsequent document
e3152,0005004692,preceding document
e3152,0090040828,subsequent document
e3153,0005004692,preceding document
e3153,0090040828,subsequent document
e3154,0087000833,preceding document
e3154,0090040828,subsequent document
e3155,0087000833,preceding document
e3155,0090040828,subsequent document
e1374,4900000234,subsequent document
e1374,0005004693,preceding document
e1375,0100834000,subsequent document
e1375,0005004693,preceding document
e1376,4900000234,subsequent document
e1376,0087000834,preceding document
e1377,0100834000,subsequent document
e1377,0087000834,preceding document
e1271,0005004693,preceding document
e1271,0090040829,subsequent document
e1272,0005004693,preceding document
e1272,0090040829,subsequent document
e1273,0087000834,preceding document
e1273,0090040829,subsequent document
e1274,0087000834,preceding document
e1274,0090040829,subsequent document
e2314,0005004694,preceding document
e2314,4900000235,subsequent document
e2315,0005004694,preceding document
e2315,0100835000,subsequent document
e2316,0087000835,preceding document
e2316,4900000235,subsequent document
e2317,0087000835,preceding document
e2317,0100835000,subsequent document
e1275,0005004694,preceding document
e1275,0090040830,subsequent document
e1276,0005004694,preceding document
e1276,0090040830,subsequent document
e1277,0087000835,preceding document
e1277,0090040830,subsequent document
e1278,0087000835,preceding document
e1278,0090040830,subsequent document
e1339,0005004695,preceding document
e1339,4900000236,subsequent document
e1340,0005004695,preceding document
e1340,0100836000,subsequent document
e1341,4900000236,subsequent document
e1341,0087000836,preceding document
e1561,0100836000,subsequent document
e1561,0087000836,preceding document
e1279,0005004695,preceding document
e1279,0090040831,subsequent document
e1280,0005004695,preceding document
e1280,0090040831,subsequent document
e1281,0090040831,subsequent document
e1281,0087000836,preceding document
e1282,0090040831,subsequent document
e1282,0087000836,preceding document
e1283,0005004696,preceding document
e1283,0090040832,subsequent document
e1284,0005004696,preceding document
e1284,0090040832,subsequent document
e1285,0087000837,preceding document
e1285,0090040832,subsequent document
e1286,0087000837,preceding document
e1286,0090040832,subsequent document
e1578,0005004696,preceding document
e1578,4900000237,subsequent document
e1579,0005004696,preceding document
e1579,0100837000,subsequent document
e1580,0087000837,preceding document
e1580,4900000237,subsequent document
e1581,0087000837,preceding document
e1581,0100837000,subsequent document
e1420,4900000238,subsequent document
e1420,0005004697,preceding document
e1421,0005004697,preceding document
e1421,0100838000,subsequent document
e1422,0087000838,preceding document
e1422,4900000238,subsequent document
e1423,0087000838,preceding document
e1423,0100838000,subsequent document
e1287,0090040833,subsequent document
e1287,0005004697,preceding document
e1288,0090040833,subsequent document
e1288,0005004697,preceding document
e1289,0090040833,subsequent document
e1289,0087000838,preceding document
e1290,0090040833,subsequent document
e1290,0087000838,preceding document
e1460,0005004698,preceding document
e1460,4900000239,subsequent document
e1461,0100839000,subsequent document
e1461,0005004698,preceding document
e1462,0087000839,preceding document
e1462,4900000239,subsequent document
e1463,0100839000,subsequent document
e1463,0087000839,preceding document
e1291,0005004698,preceding document
e1291,0090040834,subsequent document
e1292,0005004698,preceding document
e1292,0090040834,subsequent document
e1293,0090040834,subsequent document
e1293,0087000839,preceding document
e1294,0090040834,subsequent document
e1294,0087000839,preceding document
e1562,4900000240,subsequent document
e1562,0005004699,preceding document
e1563,0005004699,preceding document
e1563,0100840000,subsequent document
e1564,0087000840,preceding document
e1564,4900000240,subsequent document
e1565,0087000840,preceding document
e1565,0100840000,subsequent document
e2123,0090040835,subsequent document
e2123,0005004699,preceding document
e2124,0090040835,subsequent document
e2124,0005004699,preceding document
e2125,0087000840,preceding document
e2125,0090040835,subsequent document
e2126,0087000840,preceding document
e2126,0090040835,subsequent document
e1464,0005004700,preceding document
e1464,4900000241,subsequent document
e1465,0005004700,preceding document
e1465,0100841000,subsequent document
e1466,0087000841,preceding document
e1466,4900000241,subsequent document
e1467,0087000841,preceding document
e1467,0100841000,subsequent document
e2127,0005004700,preceding document
e2127,0090040836,subsequent document
e2128,0005004700,preceding document
e2128,0090040836,subsequent document
e2129,0087000841,preceding document
e2129,0090040836,subsequent document
e2130,0087000841,preceding document
e2130,0090040836,subsequent document
e1566,0005004701,preceding document
e1566,4900000242,subsequent document
e1567,0005004701,preceding document
e1567,0100842000,subsequent document
e1568,0087000842,preceding document
e1568,4900000242,subsequent document
e1569,0087000842,preceding document
e1569,0100842000,subsequent document
e2131,0005004701,preceding document
e2131,0090040837,subsequent document
e2132,0005004701,preceding document
e2132,0090040837,subsequent document
e2133,0087000842,preceding document
e2133,0090040837,subsequent document
e2134,0087000842,preceding document
e2134,0090040837,subsequent document
e1424,4900000243,subsequent document
e1424,0005004702,preceding document
e1425,0100843000,subsequent document
e1425,0005004702,preceding document
e1426,0087000843,preceding document
e1426,4900000243,subsequent document
e1427,0100843000,subsequent document
e1427,0087000843,preceding document
e2135,0005004702,preceding document
e2135,0090040838,subsequent document
e2136,0005004702,preceding document
e2136,0090040838,subsequent document
e2137,0087000843,preceding document
e2137,0090040838,subsequent document
e2138,0087000843,preceding document
e2138,0090040838,subsequent document
e1254,0005004703,preceding document
e1254,4900000244,subsequent document
e1255,0005004703,preceding document
e1255,0100844000,subsequent document
e1256,4900000244,subsequent document
e1256,0087000844,preceding document
e1257,0100844000,subsequent document
e1257,0087000844,preceding document
e2139,0005004703,preceding document
e2139,0090040839,subsequent document
e2140,0005004703,preceding document
e2140,0090040839,subsequent document
e2141,0087000844,preceding document
e2141,0090040839,subsequent document
e2142,0087000844,preceding document
e2142,0090040839,subsequent document
e2439,0005004704,preceding document
e2439,4900000245,subsequent document
e2440,0100845000,subsequent document
e2440,0005004704,preceding document
e2441,0087000845,preceding document
e2441,4900000245,subsequent document
e2442,0087000845,preceding document
e2442,0100845000,subsequent document
e1295,0005004704,preceding document
e1295,0090040840,subsequent document
e1296,0005004704,preceding document
e1296,0090040840,subsequent document
e1297,0087000845,preceding document
e1297,0090040840,subsequent document
e1298,0087000845,preceding document
e1298,0090040840,subsequent document
e1378,0005004705,preceding document
e1378,4900000246,subsequent document
e1379,0005004705,preceding document
e1379,0100846000,subsequent document
e1380,4900000246,subsequent document
e1380,0087000846,preceding document
e1381,0087000846,preceding document
e1381,0100846000,subsequent document
e2143,0090040841,subsequent document
e2143,0005004705,preceding document
e2144,0090040841,subsequent document
e2144,0005004705,preceding document
e2145,0090040841,subsequent document
e2145,0087000846,preceding document
e2146,0090040841,subsequent document
e2146,0087000846,preceding document
e1258,4900000247,subsequent document
e1258,0005004706,preceding document
e1259,0005004706,preceding document
e1259,0100847000,subsequent document
e1260,4900000247,subsequent document
e1260,0087000847,preceding document
e1261,0087000847,preceding document
e1261,0100847000,subsequent document
e2147,0090040842,subsequent document
e2147,0005004706,preceding document
e2148,0090040842,subsequent document
e2148,0005004706,preceding document
e2149,0090040842,subsequent document
e2149,0087000847,preceding document
e2150,0090040842,subsequent document
e2150,0087000847,preceding document
e1299,0005004707,preceding document
e1299,0090040843,subsequent document
e1300,0005004707,preceding document
e1300,0090040843,subsequent document
e1301,0087000848,preceding document
e1301,0090040843,subsequent document
e1302,0087000848,preceding document
e1302,0090040843,subsequent document
e1633,4900000248,subsequent document
e1633,0005004707,preceding document
e1634,0100848000,subsequent document
e1634,0005004707,preceding document
e1635,0087000848,preceding document
e1635,4900000248,subsequent document
e1636,0087000848,preceding document
e1636,0100848000,subsequent document
e1637,0005004708,preceding document
e1637,4900000249,subsequent document
e1638,0100849000,subsequent document
e1638,0005004708,preceding document
e1639,0087000849,preceding document
e1639,4900000249,subsequent document
e1640,0087000849,preceding document
e1640,0100849000,subsequent document
e1428,0090040844,subsequent document
e1428,0005004708,preceding document
e1429,0090040844,subsequent document
e1429,0005004708,preceding document
e1430,0090040844,subsequent document
e1430,0087000849,preceding document
e1431,0090040844,subsequent document
e1431,0087000849,preceding document
e1641,0005004709,preceding document
e1641,4900000250,subsequent document
e1642,0005004709,preceding document
e1642,0100850000,subsequent document
e1643,0087000850,preceding document
e1643,4900000250,subsequent document
e1644,0087000850,preceding document
e1644,0100850000,subsequent document
e1432,0005004709,preceding document
e1432,0090040845,subsequent document
e1433,0005004709,preceding document
e1433,0090040845,subsequent document
e1434,0090040845,subsequent document
e1434,0087000850,preceding document
e1435,0090040845,subsequent document
e1435,0087000850,preceding document
e1582,0005004710,preceding document
e1582,4900000251,subsequent document
e1583,0005004710,preceding document
e1583,0100851000,subsequent document
e1584,4900000251,subsequent document
e1584,0087000851,preceding document
e1585,0100851000,subsequent document
e1585,0087000851,preceding document
e2250,0005004710,preceding document
e2250,0090040846,subsequent document
e2251,0005004710,preceding document
e2251,0090040846,subsequent document
e2252,0090040846,subsequent document
e2252,0087000851,preceding document
e2253,0090040846,subsequent document
e2253,0087000851,preceding document
e1382,4900000252,subsequent document
e1382,0005004711,preceding document
e1383,0100852000,subsequent document
e1383,0005004711,preceding document
e1384,4900000252,subsequent document
e1384,0087000852,preceding document
e1385,0100852000,subsequent document
e1385,0087000852,preceding document
e2254,0090040847,subsequent document
e2254,0005004711,preceding document
e2255,0090040847,subsequent document
e2255,0005004711,preceding document
e2256,0090040847,subsequent document
e2256,0087000852,preceding document
e2257,0090040847,subsequent document
e2257,0087000852,preceding document
e1645,4900000253,subsequent document
e1645,0005004712,preceding document
e1646,0100853000,subsequent document
e1646,0005004712,preceding document
e1647,4900000253,subsequent document
e1647,0087000853,preceding document
e1648,0100853000,subsequent document
e1648,0087000853,preceding document
e2258,0090040848,subsequent document
e2258,0005004712,preceding document
e2259,0090040848,subsequent document
e2259,0005004712,preceding document
e2260,0090040848,subsequent document
e2260,0087000853,preceding document
e2261,0090040848,subsequent document
e2261,0087000853,preceding document
e1586,0005004713,preceding document
e1586,4900000254,subsequent document
e1587,0005004713,preceding document
e1587,0100854000,subsequent document
e1588,0087000854,preceding document
e1588,4900000254,subsequent document
e1589,0087000854,preceding document
e1589,0100854000,subsequent document
e2262,0005004713,preceding document
e2262,0090040849,subsequent document
e2263,0005004713,preceding document
e2263,0090040849,subsequent document
e2264,0087000854,preceding document
e2264,0090040849,subsequent document
e2265,0087000854,preceding document
e2265,0090040849,subsequent document
e2318,0005004714,preceding document
e2318,4900000255,subsequent document
e2319,0005004714,preceding document
e2319,0100855000,subsequent document
e2320,0087000855,preceding document
e2320,4900000255,subsequent document
e2321,0087000855,preceding document
e2321,0100855000,subsequent document
e1792,0005004714,preceding document
e1792,0090040850,subsequent document
e1793,0005004714,preceding document
e1793,0090040850,subsequent document
e1794,0087000855,preceding document
e1794,0090040850,subsequent document
e1795,0087000855,preceding document
e1795,0090040850,subsequent document
e1590,4900000256,subsequent document
e1590,0005004715,preceding document
e1591,0005004715,preceding document
e1591,0100856000,subsequent document
e1592,4900000256,subsequent document
e1592,0087000856,preceding document
e1593,0087000856,preceding document
e1593,0100856000,subsequent document
e1796,0005004715,preceding document
e1796,0090040851,subsequent document
e1797,0005004715,preceding document
e1797,0090040851,subsequent document
e1798,0087000856,preceding document
e1798,0090040851,subsequent document
e1799,0087000856,preceding document
e1799,0090040851,subsequent document
e1649,0005004716,preceding document
e1649,4900000257,subsequent document
e1650,0100857000,subsequent document
e1650,0005004716,preceding document
e1651,0087000857,preceding document
e1651,4900000257,subsequent document
e1652,0100857000,subsequent document
e1652,0087000857,preceding document
e1800,0090040852,subsequent document
e1800,0005004716,preceding document
e1801,0090040852,subsequent document
e1801,0005004716,preceding document
e1802,0090040852,subsequent document
e1802,0087000857,preceding document
e1803,0090040852,subsequent document
e1803,0087000857,preceding document
e2443,4900000258,subsequent document
e2443,0005004717,preceding document
e2444,0005004717,preceding document
e2444,0100858000,subsequent document
e2445,4900000258,subsequent document
e2445,0087000858,preceding document
e2446,0087000858,preceding document
e2446,0100858000,subsequent document
e1804,0005004717,preceding document
e1804,0090040853,subsequent document
e1805,0005004717,preceding document
e1805,0090040853,subsequent document
e1806,0087000858,preceding document
e1806,0090040853,subsequent document
e1807,0087000858,preceding document
e1807,0090040853,subsequent document
e1653,4900000259,subsequent document
e1653,0005004718,preceding document
e1654,0100859000,subsequent document
e1654,0005004718,preceding document
e1655,4900000259,subsequent document
e1655,0087000859,preceding document
e1656,0100859000,subsequent document
e1656,0087000859,preceding document
e1808,0005004718,preceding document
e1808,0090040854,subsequent document
e1809,0005004718,preceding document
e1809,0090040854,subsequent document
e1810,0090040854,subsequent document
e1810,0087000859,preceding document
e1811,0090040854,subsequent document
e1811,0087000859,preceding document
e1657,4900000260,subsequent document
e1657,0005004719,preceding document
e1658,0005004719,preceding document
e1658,0100860000,subsequent document
e1659,4900000260,subsequent document
e1659,0087000860,preceding document
e1660,0100860000,subsequent document
e1660,0087000860,preceding document
e1812,0090040855,subsequent document
e1812,0005004719,preceding document
e1813,0090040855,subsequent document
e1813,0005004719,preceding document
e1814,0090040855,subsequent document
e1814,0087000860,preceding document
e1815,0090040855,subsequent document
e1815,0087000860,preceding document
e1262,4900000261,subsequent document
e1262,0005004720,preceding document
e1263,0100861000,subsequent document
e1263,0005004720,preceding document
e1264,4900000261,subsequent document
e1264,0087000861,preceding document
e1265,0100861000,subsequent document
e1265,0087000861,preceding document
e1816,0090040856,subsequent document
e1816,0005004720,preceding document
e1817,0090040856,subsequent document
e1817,0005004720,preceding document
e1818,0090040856,subsequent document
e1818,0087000861,preceding document
e1819,0090040856,subsequent document
e1819,0087000861,preceding document
e1661,4900000262,subsequent document
e1661,0005004721,preceding document
e1662,0100862000,subsequent document
e1662,0005004721,preceding document
e1663,4900000262,subsequent document
e1663,0087000862,preceding document
e1664,0100862000,subsequent document
e1664,0087000862,preceding document
e1820,0005004721,preceding document
e1820,0090040857,subsequent document
e1821,0005004721,preceding document
e1821,0090040857,subsequent document
e1919,0087000862,preceding document
e1919,0090040857,subsequent document
e1920,0087000862,preceding document
e1920,0090040857,subsequent document
e1386,4900000263,subsequent document
e1386,0005004722,preceding document
e1387,0005004722,preceding document
e1387,0100863000,subsequent document
e1388,4900000263,subsequent document
e1388,0087000863,preceding document
e1389,0087000863,preceding document
e1389,0100863000,subsequent document
e1436,0090040858,subsequent document
e1436,0005004722,preceding document
e1437,0090040858,subsequent document
e1437,0005004722,preceding document
e1438,0090040858,subsequent document
e1438,0087000863,preceding document
e1439,0090040858,subsequent document
e1439,0087000863,preceding document
e1390,4900000264,subsequent document
e1390,0005004723,preceding document
e1391,0100864000,subsequent document
e1391,0005004723,preceding document
e1392,4900000264,subsequent document
e1392,0087000864,preceding document
e1393,0087000864,preceding document
e1393,0100864000,subsequent document
e2266,0090040859,subsequent document
e2266,0005004723,preceding document
e2267,0090040859,subsequent document
e2267,0005004723,preceding document
e2268,0090040859,subsequent document
e2268,0087000864,preceding document
e2269,0090040859,subsequent document
e2269,0087000864,preceding document
e1665,0005004724,preceding document
e1665,4900000265,subsequent document
e1780,0005004724,preceding document
e1780,0100865000,subsequent document
e1781,4900000265,subsequent document
e1781,0087000865,preceding document
e1782,0087000865,preceding document
e1782,0100865000,subsequent document
e2270,0005004724,preceding document
e2270,0090040860,subsequent document
e2271,0005004724,preceding document
e2271,0090040860,subsequent document
e2272,0090040860,subsequent document
e2272,0087000865,preceding document
e2273,0090040860,subsequent document
e2273,0087000865,preceding document
e1468,0005004725,preceding document
e1468,4900000266,subsequent document
e1469,0005004725,preceding document
e1469,0100866000,subsequent document
e1470,0087000866,preceding document
e1470,4900000266,subsequent document
e1471,0087000866,preceding document
e1471,0100866000,subsequent document
e2274,0005004725,preceding document
e2274,0090040861,subsequent document
e2275,0005004725,preceding document
e2275,0090040861,subsequent document
e2276,0087000866,preceding document
e2276,0090040861,subsequent document
e2277,0087000866,preceding document
e2277,0090040861,subsequent document
e1783,4900000267,subsequent document
e1783,0005004726,preceding document
e1784,0100867000,subsequent document
e1784,0005004726,preceding document
e1785,4900000267,subsequent document
e1785,0087000867,preceding document
e1786,0100867000,subsequent document
e1786,0087000867,preceding document
e2278,0090040862,subsequent document
e2278,0005004726,preceding document
e2279,0090040862,subsequent document
e2279,0005004726,preceding document
e2280,0090040862,subsequent document
e2280,0087000867,preceding document
e2281,0090040862,subsequent document
e2281,0087000867,preceding document
e1787,0005004727,preceding document
e1787,4900000268,subsequent document
e1788,0005004727,preceding document
e1788,0100868000,subsequent document
e1789,4900000268,subsequent document
e1789,0087000868,preceding document
e1790,0100868000,subsequent document
e1790,0087000868,preceding document
e1752,0090040863,subsequent document
e1752,0005004727,preceding document
e1753,0090040863,subsequent document
e1753,0005004727,preceding document
e1754,0090040863,subsequent document
e1754,0087000868,preceding document
e1755,0090040863,subsequent document
e1755,0087000868,preceding document
e2447,4900000269,subsequent document
e2447,0005004728,preceding document
e2448,0005004728,preceding document
e2448,0100869000,subsequent document
e2449,4900000269,subsequent document
e2449,0087000869,preceding document
e2450,0087000869,preceding document
e2450,0100869000,subsequent document
e1756,0005004728,preceding document
e1756,0090040864,subsequent document
e1757,0005004728,preceding document
e1757,0090040864,subsequent document
e1758,0087000869,preceding document
e1758,0090040864,subsequent document
e1759,0087000869,preceding document
e1759,0090040864,subsequent document
e1858,4900000270,subsequent document
e1858,0005004729,preceding document
e1859,0005004729,preceding document
e1859,0100870000,subsequent document
e1860,4900000270,subsequent document
e1860,0087000870,preceding document
e1861,0087000870,preceding document
e1861,0100870000,subsequent document
e1862,0005004729,preceding document
e1862,0090040865,subsequent document
e1863,0005004729,preceding document
e1863,0090040865,subsequent document
e1864,0087000870,preceding document
e1864,0090040865,subsequent document
e1865,0087000870,preceding document
e1865,0090040865,subsequent document
e1791,0005004730,preceding document
e1791,4900000271,subsequent document
e1866,0090040866,subsequent document
e1866,0005004730,preceding document
e1867,0090040866,subsequent document
e1867,0005004730,preceding document
e1868,0090040866,subsequent document
e1868,0087000871,preceding document
e1869,0090040866,subsequent document
e1869,0087000871,preceding document
e2046,0100871000,subsequent document
e2046,0005004730,preceding document
e2047,0087000871,preceding document
e2047,4900000271,subsequent document
e2048,0100871000,subsequent document
e2048,0087000871,preceding document
e1594,4900000272,subsequent document
e1594,0005004731,preceding document
e1595,0100872000,subsequent document
e1595,0005004731,preceding document
e1596,0087000872,preceding document
e1596,4900000272,subsequent document
e1597,0087000872,preceding document
e1597,0100872000,subsequent document
e1870,0090040867,subsequent document
e1870,0005004731,preceding document
e1871,0090040867,subsequent document
e1871,0005004731,preceding document
e1872,0090040867,subsequent document
e1872,0087000872,preceding document
e1873,0090040867,subsequent document
e1873,0087000872,preceding document
e1472,0005004732,preceding document
e1472,4900000273,subsequent document
e1473,0100873000,subsequent document
e1473,0005004732,preceding document
e1474,0087000873,preceding document
e1474,4900000273,subsequent document
e1475,0087000873,preceding document
e1475,0100873000,subsequent document
e1874,0005004732,preceding document
e1874,0090040868,subsequent document
e1875,0005004732,preceding document
e1875,0090040868,subsequent document
e1876,0087000873,preceding document
e1876,0090040868,subsequent document
e1877,0087000873,preceding document
e1877,0090040868,subsequent document
e1476,0005004733,preceding document
e1476,4900000274,subsequent document
e1477,0005004733,preceding document
e1477,0100874000,subsequent document
e1478,0087000874,preceding document
e1478,4900000274,subsequent document
e1479,0087000874,preceding document
e1479,0100874000,subsequent document
e2378,0005004733,preceding document
e2378,0090040869,subsequent document
e2379,0005004733,preceding document
e2379,0090040869,subsequent document
e2380,0090040869,subsequent document
e2380,0087000874,preceding document
e2381,0090040869,subsequent document
e2381,0087000874,preceding document
e1598,4900000275,subsequent document
e1598,0005004734,preceding document
e1599,0100875000,subsequent document
e1599,0005004734,preceding document
e1600,0087000875,preceding document
e1600,4900000275,subsequent document
e1601,0087000875,preceding document
e1601,0100875000,subsequent document
e2382,0005004734,preceding document
e2382,0090040870,subsequent document
e2383,0005004734,preceding document
e2383,0090040870,subsequent document
e2384,0087000875,preceding document
e2384,0090040870,subsequent document
e2385,0087000875,preceding document
e2385,0090040870,subsequent document
e2322,4900000276,subsequent document
e2322,0005004735,preceding document
e2323,0005004735,preceding document
e2323,0100876000,subsequent document
e2324,4900000276,subsequent document
e2324,0087000876,preceding document
e2325,0087000876,preceding document
e2325,0100876000,subsequent document
e1878,0090040871,subsequent document
e1878,0005004735,preceding document
e1879,0090040871,subsequent document
e1879,0005004735,preceding document
e1880,0090040871,subsequent document
e1880,0087000876,preceding document
e1881,0090040871,subsequent document
e1881,0087000876,preceding document
e1394,0005004736,preceding document
e1394,4900000277,subsequent document
e1395,0100877000,subsequent document
e1395,0005004736,preceding document
e1396,0087000877,preceding document
e1396,4900000277,subsequent document
e1397,0087000877,preceding document
e1397,0100877000,subsequent document
e2386,0090040872,subsequent document
e2386,0005004736,preceding document
e2387,0090040872,subsequent document
e2387,0005004736,preceding document
e2388,0087000877,preceding document
e2388,0090040872,subsequent document
e2389,0087000877,preceding document
e2389,0090040872,subsequent document
e2326,0005004737,preceding document
e2326,4900000278,subsequent document
e2327,0005004737,preceding document
e2327,0100878000,subsequent document
e2328,0087000878,preceding document
e2328,4900000278,subsequent document
e2329,0100878000,subsequent document
e2329,0087000878,preceding document
e2390,0090040873,subsequent document
e2390,0005004737,preceding document
e2391,0090040873,subsequent document
e2391,0005004737,preceding document
e2392,0090040873,subsequent document
e2392,0087000878,preceding document
e2393,0090040873,subsequent document
e2393,0087000878,preceding document
e2330,0005004738,preceding document
e2330,4900000279,subsequent document
e2331,0005004738,preceding document
e2331,0100879000,subsequent document
e2332,0087000879,preceding document
e2332,4900000279,subsequent document
e2333,0087000879,preceding document
e2333,0100879000,subsequent document
e2394,0090040874,subsequent document
e2394,0005004738,preceding document
e2395,0090040874,subsequent document
e2395,0005004738,preceding document
e2396,0090040874,subsequent document
e2396,0087000879,preceding document
e2397,0090040874,subsequent document
e2397,0087000879,preceding document
e1266,4900000280,subsequent document
e1266,0005004739,preceding document
e1267,0100880000,subsequent document
e1267,0005004739,preceding document
e1268,0087000880,preceding document
e1268,4900000280,subsequent document
e1269,0100880000,subsequent document
e1269,0087000880,preceding document
e2398,0090040875,subsequent document
e2398,0005004739,preceding document
e2399,0090040875,subsequent document
e2399,0005004739,preceding document
e2400,0090040875,subsequent document
e2400,0087000880,preceding document
e2401,0090040875,subsequent document
e2401,0087000880,preceding document
e2049,4900000281,subsequent document
e2049,0005004740,preceding document
e2050,0100881000,subsequent document
e2050,0005004740,preceding document
e2051,4900000281,subsequent document
e2051,0087000881,preceding document
e2052,0087000881,preceding document
e2052,0100881000,subsequent document
e2402,0090040876,subsequent document
e2402,0005004740,preceding document
e2403,0090040876,subsequent document
e2403,0005004740,preceding document
e2404,0087000881,preceding document
e2404,0090040876,subsequent document
e2405,0087000881,preceding document
e2405,0090040876,subsequent document
e2334,4900000282,subsequent document
e2334,0005004741,preceding document
e2335,0100882000,subsequent document
e2335,0005004741,preceding document
e2336,4900000282,subsequent document
e2336,0087000882,preceding document
e2337,0100882000,subsequent document
e2337,0087000882,preceding document
e2406,0090040877,subsequent document
e2406,0005004741,preceding document
e2502,0090040877,subsequent document
e2502,0005004741,preceding document
e2503,0090040877,subsequent document
e2503,0087000882,preceding document
e2504,0090040877,subsequent document
e2504,0087000882,preceding document
e2053,4900000283,subsequent document
e2053,0005004742,preceding document
e2054,0100883000,subsequent document
e2054,0005004742,preceding document
e2151,0087000883,preceding document
e2151,4900000283,subsequent document
e2152,0100883000,subsequent document
e2152,0087000883,preceding document
e2505,0090040878,subsequent document
e2505,0005004742,preceding document
e2506,0090040878,subsequent document
e2506,0005004742,preceding document
e2507,0090040878,subsequent document
e2507,0087000883,preceding document
e2508,0090040878,subsequent document
e2508,0087000883,preceding document
e2153,0005004743,preceding document
e2153,4900000284,subsequent document
e2154,0100884000,subsequent document
e2154,0005004743,preceding document
e2155,4900000284,subsequent document
e2155,0087000884,preceding document
e2156,0100884000,subsequent document
e2156,0087000884,preceding document
e2509,0005004743,preceding document
e2509,0090040879,subsequent document
e2510,0005004743,preceding document
e2510,0090040879,subsequent document
e2511,0090040879,subsequent document
e2511,0087000884,preceding document
e2512,0090040879,subsequent document
e2512,0087000884,preceding document
e1480,4900000285,subsequent document
e1480,0005004744,preceding document
e1481,0100885000,subsequent document
e1481,0005004744,preceding document
e1482,4900000285,subsequent document
e1482,0087000885,preceding document
e1483,0100885000,subsequent document
e1483,0087000885,preceding document
e2513,0005004744,preceding document
e2513,0090040880,subsequent document
e2514,0005004744,preceding document
e2514,0090040880,subsequent document
e2515,0087000885,preceding document
e2515,0090040880,subsequent document
e2516,0087000885,preceding document
e2516,0090040880,subsequent document
e2157,4900000286,subsequent document
e2157,0005004745,preceding document
e2158,0100886000,subsequent document
e2158,0005004745,preceding document
e2159,4900000286,subsequent document
e2159,0087000886,preceding document
e2160,0100886000,subsequent document
e2160,0087000886,preceding document
e2517,0005004745,preceding document
e2517,0090040881,subsequent document
e2518,0005004745,preceding document
e2518,0090040881,subsequent document
e2519,0090040881,subsequent document
e2519,0087000886,preceding document
e2520,0090040881,subsequent document
e2520,0087000886,preceding document
e2338,0005004746,preceding document
e2338,4900000287,subsequent document
e2339,0100887000,subsequent document
e2339,0005004746,preceding document
e2340,0087000887,preceding document
e2340,4900000287,subsequent document
e2341,0100887000,subsequent document
e2341,0087000887,preceding document
e2521,0005004746,preceding document
e2521,0090040882,subsequent document
e2522,0005004746,preceding document
e2522,0090040882,subsequent document
e2523,0090040882,subsequent document
e2523,0087000887,preceding document
e2524,0090040882,subsequent document
e2524,0087000887,preceding document
e2161,4900000288,subsequent document
e2161,0005004747,preceding document
e2162,0100888000,subsequent document
e2162,0005004747,preceding document
e2163,4900000288,subsequent document
e2163,0087000888,preceding document
e2164,0087000888,preceding document
e2164,0100888000,subsequent document
e2525,0090040883,subsequent document
e2525,0005004747,preceding document
e2526,0090040883,subsequent document
e2526,0005004747,preceding document
e2527,0087000888,preceding document
e2527,0090040883,subsequent document
e2528,0087000888,preceding document
e2528,0090040883,subsequent document
e2165,0005004748,preceding document
e2165,4900000289,subsequent document
e2166,0005004748,preceding document
e2166,0100889000,subsequent document
e2167,0087000889,preceding document
e2167,4900000289,subsequent document
e2168,0087000889,preceding document
e2168,0100889000,subsequent document
e2529,0005004748,preceding document
e2529,0090040884,subsequent document
e2530,0005004748,preceding document
e2530,0090040884,subsequent document
e2531,0087000889,preceding document
e2531,0090040884,subsequent document
e2532,0087000889,preceding document
e2532,0090040884,subsequent document
e1398,0005004749,preceding document
e1398,4900000290,subsequent document
e1399,0100890000,subsequent document
e1399,0005004749,preceding document
e1400,0087000890,preceding document
e1400,4900000290,subsequent document
e1401,0100890000,subsequent document
e1401,0087000890,preceding document
e2639,0005004749,preceding document
e2639,0090040885,subsequent document
e2640,0005004749,preceding document
e2640,0090040885,subsequent document
e2641,0087000890,preceding document
e2641,0090040885,subsequent document
e2642,0087000890,preceding document
e2642,0090040885,subsequent document
e1602,0005004750,preceding document
e1602,4900000291,subsequent document
e1603,0005004750,preceding document
e1603,0100891000,subsequent document
e1604,0087000891,preceding document
e1604,4900000291,subsequent document
e1671,0087000891,preceding document
e1671,0100891000,subsequent document
e2643,0005004750,preceding document
e2643,0090040886,subsequent document
e2644,0005004750,preceding document
e2644,0090040886,subsequent document
e2645,0087000891,preceding document
e2645,0090040886,subsequent document
e2646,0087000891,preceding document
e2646,0090040886,subsequent document
e2451,4900000292,subsequent document
e2451,0005004751,preceding document
e2452,0100892000,subsequent document
e2452,0005004751,preceding document
e2453,4900000292,subsequent document
e2453,0087000892,preceding document
e2454,0100892000,subsequent document
e2454,0087000892,preceding document
e2647,0005004751,preceding document
e2647,0090040887,subsequent document
e2648,0005004751,preceding document
e2648,0090040887,subsequent document
e2649,0087000892,preceding document
e2649,0090040887,subsequent document
e2650,0087000892,preceding document
e2650,0090040887,subsequent document
e1402,4900000293,subsequent document
e1402,0005004752,preceding document
e1403,0100893000,subsequent document
e1403,0005004752,preceding document
e1404,0087000893,preceding document
e1404,4900000293,subsequent document
e1405,0087000893,preceding document
e1405,0100893000,subsequent document
e2651,0090040888,subsequent document
e2651,0005004752,preceding document
e2652,0090040888,subsequent document
e2652,0005004752,preceding document
e2653,0087000893,preceding document
e2653,0090040888,subsequent document
e2654,0087000893,preceding document
e2654,0090040888,subsequent document
e2112,0005004753,preceding document
e2112,4900000294,subsequent document
e2113,0100894000,subsequent document
e2113,0005004753,preceding document
e2114,0087000894,preceding document
e2114,4900000294,subsequent document
e2115,0100894000,subsequent document
e2115,0087000894,preceding document
e2655,0005004753,preceding document
e2655,0090040889,subsequent document
e2656,0005004753,preceding document
e2656,0090040889,subsequent document
e2657,0087000894,preceding document
e2657,0090040889,subsequent document
e2658,0087000894,preceding document
e2658,0090040889,subsequent document
e2169,0005004754,preceding document
e2169,4900000295,subsequent document
e2170,0005004754,preceding document
e2170,0100895000,subsequent document
e2171,0087000895,preceding document
e2171,4900000295,subsequent document
e2172,0087000895,preceding document
e2172,0100895000,subsequent document
e2659,0090040890,subsequent document
e2659,0005004754,preceding document
e2660,0090040890,subsequent document
e2660,0005004754,preceding document
e2661,0090040890,subsequent document
e2661,0087000895,preceding document
e2662,0090040890,subsequent document
e2662,0087000895,preceding document
e2563,4900000296,subsequent document
e2563,0005004755,preceding document
e2564,0005004755,preceding document
e2564,0100896000,subsequent document
e2565,4900000296,subsequent document
e2565,0087000896,preceding document
e2566,0087000896,preceding document
e2566,0100896000,subsequent document
e2663,0005004755,preceding document
e2663,0090040891,subsequent document
e2664,0005004755,preceding document
e2664,0090040891,subsequent document
e2665,0087000896,preceding document
e2665,0090040891,subsequent document
e2666,0087000896,preceding document
e2666,0090040891,subsequent document
e1406,0005004756,preceding document
e1406,4900000297,subsequent document
e1407,0005004756,preceding document
e1407,0100897000,subsequent document
e1408,0087000897,preceding document
e1408,4900000297,subsequent document
e1409,0087000897,preceding document
e1409,0100897000,subsequent document
e2187,0087000897,preceding document
e2187,0090040892,subsequent document
e2667,0005004756,preceding document
e2667,0090040892,subsequent document
e2668,0005004756,preceding document
e2668,0090040892,subsequent document
e2669,0087000897,preceding document
e2669,0090040892,subsequent document
e2567,0005004757,preceding document
e2567,4900000298,subsequent document
e2568,0100898000,subsequent document
e2568,0005004757,preceding document
e2569,0087000898,preceding document
e2569,4900000298,subsequent document
e2570,0100898000,subsequent document
e2570,0087000898,preceding document
e2116,0090040893,subsequent document
e2116,0005004757,preceding document
e2117,0090040893,subsequent document
e2117,0005004757,preceding document
e2118,0090040893,subsequent document
e2118,0087000898,preceding document
e2119,0090040893,subsequent document
e2119,0087000898,preceding document
e2120,4900000299,subsequent document
e2120,0005004758,preceding document
e2121,0100899000,subsequent document
e2121,0005004758,preceding document
e2122,4900000299,subsequent document
e2122,0087000899,preceding document
e2217,0100899000,subsequent document
e2217,0087000899,preceding document
e2218,0005004758,preceding document
e2218,0090040894,subsequent document
e2219,0005004758,preceding document
e2219,0090040894,subsequent document
e2220,0087000899,preceding document
e2220,0090040894,subsequent document
e2221,0087000899,preceding document
e2221,0090040894,subsequent document
e2222,4900000300,subsequent document
e2222,0005004759,preceding document
e2223,0005004759,preceding document
e2223,0100900000,subsequent document
e2224,4900000300,subsequent document
e2224,0087000900,preceding document
e2225,0087000900,preceding document
e2225,0100900000,subsequent document
e2226,0005004759,preceding document
e2226,0090040895,subsequent document
e2227,0005004759,preceding document
e2227,0090040895,subsequent document
e2228,0090040895,subsequent document
e2228,0087000900,preceding document
e2229,0090040895,subsequent document
e2229,0087000900,preceding document
e2173,4900000301,subsequent document
e2173,0005004760,preceding document
e2174,0005004760,preceding document
e2174,0100901000,subsequent document
e2175,4900000301,subsequent document
e2175,0087000901,preceding document
e2176,0087000901,preceding document
e2176,0100901000,subsequent document
e2230,0005004760,preceding document
e2230,0090040896,subsequent document
e2231,0005004760,preceding document
e2231,0090040896,subsequent document
e2232,0087000901,preceding document
e2232,0090040896,subsequent document
e2233,0087000901,preceding document
e2233,0090040896,subsequent document
e2177,0005004761,preceding document
e2177,4900000302,subsequent document
e2178,0100902000,subsequent document
e2178,0005004761,preceding document
e2179,0087000902,preceding document
e2179,4900000302,subsequent document
e2180,0087000902,preceding document
e2180,0100902000,subsequent document
e2234,0005004761,preceding document
e2234,0090040897,subsequent document
e2235,0005004761,preceding document
e2235,0090040897,subsequent document
e2236,0087000902,preceding document
e2236,0090040897,subsequent document
e2237,0087000902,preceding document
e2237,0090040897,subsequent document
e2238,0090040898,subsequent document
e2238,0005004762,preceding document
e2239,0090040898,subsequent document
e2239,0005004762,preceding document
e2240,0090040898,subsequent document
e2240,0087000903,preceding document
e2241,0090040898,subsequent document
e2241,0087000903,preceding document
e2757,4900000303,subsequent document
e2757,0005004762,preceding document
e2758,0100903000,subsequent document
e2758,0005004762,preceding document
e2759,0087000903,preceding document
e2759,4900000303,subsequent document
e2760,0100903000,subsequent document
e2760,0087000903,preceding document
e2761,4900000304,subsequent document
e2761,0005004763,preceding document
e2762,0100904000,subsequent document
e2762,0005004763,preceding document
e2763,4900000304,subsequent document
e2763,0087000904,preceding document
e2764,0100904000,subsequent document
e2764,0087000904,preceding document
e2188,0005004763,preceding document
e2188,0090040899,subsequent document
e2189,0005004763,preceding document
e2189,0090040899,subsequent document
e2190,0087000904,preceding document
e2190,0090040899,subsequent document
e2191,0087000904,preceding document
e2191,0090040899,subsequent document
e2571,0005004764,preceding document
e2571,4900000305,subsequent document
e2670,0100905000,subsequent document
e2670,0005004764,preceding document
e2671,0087000905,preceding document
e2671,4900000305,subsequent document
e2672,0100905000,subsequent document
e2672,0087000905,preceding document
e2192,0005004764,preceding document
e2192,0090040900,subsequent document
e2193,0005004764,preceding document
e2193,0090040900,subsequent document
e2194,0087000905,preceding document
e2194,0090040900,subsequent document
e2195,0087000905,preceding document
e2195,0090040900,subsequent document
e2765,4900000306,subsequent document
e2765,0005004765,preceding document
e2766,0005004765,preceding document
e2766,0100906000,subsequent document
e2767,4900000306,subsequent document
e2767,0087000906,preceding document
e2768,0087000906,preceding document
e2768,0100906000,subsequent document
e2196,0090040901,subsequent document
e2196,0005004765,preceding document
e2197,0090040901,subsequent document
e2197,0005004765,preceding document
e2198,0090040901,subsequent document
e2198,0087000906,preceding document
e2199,0090040901,subsequent document
e2199,0087000906,preceding document
e2769,0005004766,preceding document
e2769,4900000307,subsequent document
e2770,0005004766,preceding document
e2770,0100907000,subsequent document
e2771,0087000907,preceding document
e2771,4900000307,subsequent document
e2772,0100907000,subsequent document
e2772,0087000907,preceding document
e2200,0005004766,preceding document
e2200,0090040902,subsequent document
e2201,0005004766,preceding document
e2201,0090040902,subsequent document
e2202,0090040902,subsequent document
e2202,0087000907,preceding document
e2203,0090040902,subsequent document
e2203,0087000907,preceding document
e2242,0005004767,preceding document
e2242,0090040903,subsequent document
e2243,0005004767,preceding document
e2243,0090040903,subsequent document
e2244,0087000908,preceding document
e2244,0090040903,subsequent document
e2245,0087000908,preceding document
e2245,0090040903,subsequent document
e2773,0005004767,preceding document
e2773,4900000308,subsequent document
e2774,0100908000,subsequent document
e2774,0005004767,preceding document
e2775,0087000908,preceding document
e2775,4900000308,subsequent document
e2776,0087000908,preceding document
e2776,0100908000,subsequent document
e2777,0005004768,preceding document
e2777,4900000309,subsequent document
e2778,0005004768,preceding document
e2778,0100909000,subsequent document
e2779,4900000309,subsequent document
e2779,0087000909,preceding document
e2780,0087000909,preceding document
e2780,0100909000,subsequent document
e2246,0005004768,preceding document
e2246,0090040904,subsequent document
e2247,0005004768,preceding document
e2247,0090040904,subsequent document
e2248,0090040904,subsequent document
e2248,0087000909,preceding document
e2249,0090040904,subsequent document
e2249,0087000909,preceding document
e2673,0005004769,preceding document
e2673,4900000310,subsequent document
e2674,0100910000,subsequent document
e2674,0005004769,preceding document
e2675,0087000910,preceding document
e2675,4900000310,subsequent document
e2676,0100910000,subsequent document
e2676,0087000910,preceding document
e2204,0005004769,preceding document
e2204,0090040905,subsequent document
e2205,0005004769,preceding document
e2205,0090040905,subsequent document
e2206,0087000910,preceding document
e2206,0090040905,subsequent document
e2207,0087000910,preceding document
e2207,0090040905,subsequent document
e2781,0005004770,preceding document
e2781,4900000311,subsequent document
e2782,0005004770,preceding document
e2782,0100911000,subsequent document
e2783,0087000911,preceding document
e2783,4900000311,subsequent document
e2784,0087000911,preceding document
e2784,0100911000,subsequent document
e2208,0005004770,preceding document
e2208,0090040906,subsequent document
e2209,0005004770,preceding document
e2209,0090040906,subsequent document
e2210,0087000911,preceding document
e2210,0090040906,subsequent document
e2211,0087000911,preceding document
e2211,0090040906,subsequent document
e2212,0005004771,preceding document
e2212,0090040907,subsequent document
e2213,0005004771,preceding document
e2213,0090040907,subsequent document
e2214,0090040907,subsequent document
e2214,0087000912,preceding document
e2215,0090040907,subsequent document
e2215,0087000912,preceding document
e2677,4900000312,subsequent document
e2677,0005004771,preceding document
e2678,0005004771,preceding document
e2678,0100912000,subsequent document
e2679,4900000312,subsequent document
e2679,0087000912,preceding document
e2680,0100912000,subsequent document
e2680,0087000912,preceding document
e2785,0005004772,preceding document
e2785,4900000313,subsequent document
e2786,0005004772,preceding document
e2786,0100913000,subsequent document
e2787,0087000913,preceding document
e2787,4900000313,subsequent document
e2788,0087000913,preceding document
e2788,0100913000,subsequent document
e2216,0090040908,subsequent document
e2216,0005004772,preceding document
e2342,0090040908,subsequent document
e2342,0005004772,preceding document
e2343,0087000913,preceding document
e2343,0090040908,subsequent document
e2344,0087000913,preceding document
e2344,0090040908,subsequent document
e2789,0005004773,preceding document
e2789,4900000314,subsequent document
e2790,0005004773,preceding document
e2790,0100914000,subsequent document
e2791,4900000314,subsequent document
e2791,0087000914,preceding document
e2792,0100914000,subsequent document
e2792,0087000914,preceding document
e2455,0005004773,preceding document
e2455,0090040909,subsequent document
e2456,0005004773,preceding document
e2456,0090040909,subsequent document
e2457,0090040909,subsequent document
e2457,0087000914,preceding document
e2458,0090040909,subsequent document
e2458,0087000914,preceding document
e2181,0005004774,preceding document
e2181,4900000315,subsequent document
e2182,0005004774,preceding document
e2182,0100915000,subsequent document
e2183,0087000915,preceding document
e2183,4900000315,subsequent document
e2184,0087000915,preceding document
e2184,0100915000,subsequent document
e2459,0090040910,subsequent document
e2459,0005004774,preceding document
e2460,0090040910,subsequent document
e2460,0005004774,preceding document
e2461,0087000915,preceding document
e2461,0090040910,subsequent document
e2462,0087000915,preceding document
e2462,0090040910,subsequent document
e2345,4900000316,subsequent document
e2345,0005004775,preceding document
e2346,0100916000,subsequent document
e2346,0005004775,preceding document
e2347,0087000916,preceding document
e2347,4900000316,subsequent document
e2348,0100916000,subsequent document
e2348,0087000916,preceding document
e2463,0090040911,subsequent document
e2463,0005004775,preceding document
e2464,0090040911,subsequent document
e2464,0005004775,preceding document
e2465,0087000916,preceding document
e2465,0090040911,subsequent document
e2466,0087000916,preceding document
e2466,0090040911,subsequent document
e2185,0005004776,preceding document
e2185,4900000317,subsequent document
e2186,0005004776,preceding document
e2186,0100917000,subsequent document
e2681,0087000917,preceding document
e2681,4900000317,subsequent document
e2682,0087000917,preceding document
e2682,0100917000,subsequent document
e2349,0005004776,preceding document
e2349,0090040912,subsequent document
e2350,0005004776,preceding document
e2350,0090040912,subsequent document
e2351,0087000917,preceding document
e2351,0090040912,subsequent document
e2352,0087000917,preceding document
e2352,0090040912,subsequent document
e2683,4900000318,subsequent document
e2683,0005004777,preceding document
e2684,0100918000,subsequent document
e2684,0005004777,preceding document
e2685,0087000918,preceding document
e2685,4900000318,subsequent document
e2686,0100918000,subsequent document
e2686,0087000918,preceding document
e2353,0090040913,subsequent document
e2353,0005004777,preceding document
e2354,0090040913,subsequent document
e2354,0005004777,preceding document
e2355,0090040913,subsequent document
e2355,0087000918,preceding document
e2356,0090040913,subsequent document
e2356,0087000918,preceding document
e2687,4900000319,subsequent document
e2687,0005004778,preceding document
e2688,0100919000,subsequent document
e2688,0005004778,preceding document
e2689,4900000319,subsequent document
e2689,0087000919,preceding document
e2690,0087000919,preceding document
e2690,0100919000,subsequent document
e2467,0090040914,subsequent document
e2467,0005004778,preceding document
e2468,0090040914,subsequent document
e2468,0005004778,preceding document
e2469,0090040914,subsequent document
e2469,0087000919,preceding document
e2572,0090040914,subsequent document
e2572,0087000919,preceding document
e2357,0005004779,preceding document
e2357,4900000320,subsequent document
e2358,0005004779,preceding document
e2358,0100920000,subsequent document
e2359,4900000320,subsequent document
e2359,0087000920,preceding document
e2360,0100920000,subsequent document
e2360,0087000920,preceding document
e2573,0005004779,preceding document
e2573,0090040915,subsequent document
e2574,0005004779,preceding document
e2574,0090040915,subsequent document
e2575,0087000920,preceding document
e2575,0090040915,subsequent document
e2576,0087000920,preceding document
e2576,0090040915,subsequent document
e2361,0005004780,preceding document
e2361,4900000321,subsequent document
e2362,0005004780,preceding document
e2362,0100921000,subsequent document
e2363,0087000921,preceding document
e2363,4900000321,subsequent document
e2364,0087000921,preceding document
e2364,0100921000,subsequent document
e2577,0005004780,preceding document
e2577,0090040916,subsequent document
e2578,0005004780,preceding document
e2578,0090040916,subsequent document
e2579,0090040916,subsequent document
e2579,0087000921,preceding document
e2580,0090040916,subsequent document
e2580,0087000921,preceding document
e2365,0005004781,preceding document
e2365,4900000322,subsequent document
e2366,0005004781,preceding document
e2366,0100922000,subsequent document
e2367,4900000322,subsequent document
e2367,0087000922,preceding document
e2368,0100922000,subsequent document
e2368,0087000922,preceding document
e2369,0005004781,preceding document
e2369,0090040917,subsequent document
e2370,0005004781,preceding document
e2370,0090040917,subsequent document
e2371,0090040917,subsequent document
e2371,0087000922,preceding document
e2372,0090040917,subsequent document
e2372,0087000922,preceding document
e2373,4900000323,subsequent document
e2373,0005004782,preceding document
e2374,0005004782,preceding document
e2374,0100923000,subsequent document
e2375,4900000323,subsequent document
e2375,0087000923,preceding document
e2376,0087000923,preceding document
e2376,0100923000,subsequent document
e2377,0090040918,subsequent document
e2377,0005004782,preceding document
e2470,0090040918,subsequent document
e2470,0005004782,preceding document
e2471,0090040918,subsequent document
e2471,0087000923,preceding document
e2472,0090040918,subsequent document
e2472,0087000923,preceding document
e2473,4900000324,subsequent document
e2473,0005004783,preceding document
e2474,0100924000,subsequent document
e2474,0005004783,preceding document
e2475,0087000924,preceding document
e2475,4900000324,subsequent document
e2476,0087000924,preceding document
e2476,0100924000,subsequent document
e2477,0090040919,subsequent document
e2477,0005004783,preceding document
e2478,0090040919,subsequent document
e2478,0005004783,preceding document
e2479,0087000924,preceding document
e2479,0090040919,subsequent document
e2480,0087000924,preceding document
e2480,0090040919,subsequent document
e2793,4900000325,subsequent document
e2793,0005004784,preceding document
e2794,0100925000,subsequent document
e2794,0005004784,preceding document
e2795,0087000925,preceding document
e2795,4900000325,subsequent document
e2796,0087000925,preceding document
e2796,0100925000,subsequent document
e2481,0090040920,subsequent document
e2481,0005004784,preceding document
e2482,0090040920,subsequent document
e2482,0005004784,preceding document
e2483,0087000925,preceding document
e2483,0090040920,subsequent document
e2484,0087000925,preceding document
e2484,0090040920,subsequent document
e2797,0005004785,preceding document
e2797,4900000326,subsequent document
e2798,0005004785,preceding document
e2798,0100926000,subsequent document
e2799,0087000926,preceding document
e2799,4900000326,subsequent document
e2800,0100926000,subsequent document
e2800,0087000926,preceding document
e2485,0005004785,preceding document
e2485,0090040921,subsequent document
e2486,0005004785,preceding document
e2486,0090040921,subsequent document
e2487,0090040921,subsequent document
e2487,0087000926,preceding document
e2488,0090040921,subsequent document
e2488,0087000926,preceding document
e2801,4900000327,subsequent document
e2801,0005004786,preceding document
e2802,0100927000,subsequent document
e2802,0005004786,preceding document
e2803,4900000327,subsequent document
e2803,0087000927,preceding document
e2804,0100927000,subsequent document
e2804,0087000927,preceding document
e2805,0005004786,preceding document
e2805,0090040922,subsequent document
e2806,0005004786,preceding document
e2806,0090040922,subsequent document
e2807,0087000927,preceding document
e2807,0090040922,subsequent document
e2808,0087000927,preceding document
e2808,0090040922,subsequent document
e1672,0005004787,preceding document
e1672,4900000328,subsequent document
e1673,0005004787,preceding document
e1673,0100928000,subsequent document
e1674,0087000928,preceding document
e1674,4900000328,subsequent document
e1675,0087000928,preceding document
e1675,0100928000,subsequent document
e2489,0005004787,preceding document
e2489,0090040923,subsequent document
e2490,0005004787,preceding document
e2490,0090040923,subsequent document
e2491,0087000928,preceding document
e2491,0090040923,subsequent document
e2492,0087000928,preceding document
e2492,0090040923,subsequent document
e2809,0005004788,preceding document
e2809,4900000329,subsequent document
e2810,0100929000,subsequent document
e2810,0005004788,preceding document
e2811,0087000929,preceding document
e2811,4900000329,subsequent document
e2812,0100929000,subsequent document
e2812,0087000929,preceding document
e2813,0005004788,preceding document
e2813,0090040924,subsequent document
e2814,0005004788,preceding document
e2814,0090040924,subsequent document
e2815,0087000929,preceding document
e2815,0090040924,subsequent document
e2816,0087000929,preceding document
e2816,0090040924,subsequent document
e2817,0005004789,preceding document
e2817,4900000330,subsequent document
e2818,0005004789,preceding document
e2818,0100930000,subsequent document
e2819,4900000330,subsequent document
e2819,0087000930,preceding document
e2820,0087000930,preceding document
e2820,0100930000,subsequent document
e2821,0005004789,preceding document
e2821,0090040925,subsequent document
e2822,0005004789,preceding document
e2822,0090040925,subsequent document
e2823,0087000930,preceding document
e2823,0090040925,subsequent document
e2824,0087000930,preceding document
e2824,0090040925,subsequent document
e2825,0005004790,preceding document
e2825,4900000331,subsequent document
e2935,0100931000,subsequent document
e2935,0005004790,preceding document
e2936,0087000931,preceding document
e2936,4900000331,subsequent document
e2937,0100931000,subsequent document
e2937,0087000931,preceding document
e2938,0005004790,preceding document
e2938,0090040926,subsequent document
e2939,0005004790,preceding document
e2939,0090040926,subsequent document
e2940,0087000931,preceding document
e2940,0090040926,subsequent document
e2941,0087000931,preceding document
e2941,0090040926,subsequent document
e2493,0090040927,subsequent document
e2493,0005004791,preceding document
e2494,0090040927,subsequent document
e2494,0005004791,preceding document
e2495,0090040927,subsequent document
e2495,0087000932,preceding document
e2496,0090040927,subsequent document
e2496,0087000932,preceding document
e2942,4900000332,subsequent document
e2942,0005004791,preceding document
e2943,0005004791,preceding document
e2943,0100932000,subsequent document
e2944,4900000332,subsequent document
e2944,0087000932,preceding document
e2945,0100932000,subsequent document
e2945,0087000932,preceding document
e2946,4900000333,subsequent document
e2946,0005004792,preceding document
e2947,0005004792,preceding document
e2947,0100933000,subsequent document
e2948,4900000333,subsequent document
e2948,0087000933,preceding document
e2949,0087000933,preceding document
e2949,0100933000,subsequent document
e2950,0090040928,subsequent document
e2950,0005004792,preceding document
e2951,0090040928,subsequent document
e2951,0005004792,preceding document
e2952,0090040928,subsequent document
e2952,0087000933,preceding document
e2953,0090040928,subsequent document
e2953,0087000933,preceding document
e2954,0005004793,preceding document
e2954,4900000334,subsequent document
e2955,0100934000,subsequent document
e2955,0005004793,preceding document
e2956,0087000934,preceding document
e2956,4900000334,subsequent document
e2957,0100934000,subsequent document
e2957,0087000934,preceding document
e1484,0090040929,subsequent document
e1484,0087000934,preceding document
e2958,0090040929,subsequent document
e2958,0005004793,preceding document
e2959,0090040929,subsequent document
e2959,0005004793,preceding document
e2960,0090040929,subsequent document
e2960,0087000934,preceding document
e1485,0005004794,preceding document
e1485,4900000335,subsequent document
e1486,0005004794,preceding document
e1486,0100935000,subsequent document
e1487,0087000935,preceding document
e1487,4900000335,subsequent document
e1488,0087000935,preceding document
e1488,0100935000,subsequent document
e1489,0005004794,preceding document
e1489,0090040930,subsequent document
e1490,0005004794,preceding document
e1490,0090040930,subsequent document
e1491,0090040930,subsequent document
e1491,0087000935,preceding document
e1676,0090040930,subsequent document
e1676,0087000935,preceding document
e2497,4900000336,subsequent document
e2497,0005004795,preceding document
e2498,0100936000,subsequent document
e2498,0005004795,preceding document
e2499,0087000936,preceding document
e2499,4900000336,subsequent document
e2500,0087000936,preceding document
e2500,0100936000,subsequent document
e2501,0090040931,subsequent document
e2501,0005004795,preceding document
e2581,0090040931,subsequent document
e2581,0005004795,preceding document
e2582,0090040931,subsequent document
e2582,0087000936,preceding document
e2583,0090040931,subsequent document
e2583,0087000936,preceding document
e2584,0005004796,preceding document
e2584,4900000337,subsequent document
e2585,0100937000,subsequent document
e2585,0005004796,preceding document
e2586,0087000937,preceding document
e2586,4900000337,subsequent document
e2587,0100937000,subsequent document
e2587,0087000937,preceding document
e2588,0090040932,subsequent document
e2588,0005004796,preceding document
e2589,0090040932,subsequent document
e2589,0005004796,preceding document
e2590,0090040932,subsequent document
e2590,0087000937,preceding document
e2591,0090040932,subsequent document
e2591,0087000937,preceding document
e2592,0005004797,preceding document
e2592,4900000338,subsequent document
e2593,0005004797,preceding document
e2593,0100938000,subsequent document
e2594,0087000938,preceding document
e2594,4900000338,subsequent document
e2595,0087000938,preceding document
e2595,0100938000,subsequent document
e2596,0090040933,subsequent document
e2596,0005004797,preceding document
e2597,0090040933,subsequent document
e2597,0005004797,preceding document
e2598,0090040933,subsequent document
e2598,0087000938,preceding document
e2599,0090040933,subsequent document
e2599,0087000938,preceding document
e2600,0005004798,preceding document
e2600,4900000339,subsequent document
e2601,0005004798,preceding document
e2601,0100939000,subsequent document
e2602,4900000339,subsequent document
e2602,0087000939,preceding document
e2603,0100939000,subsequent document
e2603,0087000939,preceding document
e1921,0005004798,preceding document
e1921,0090040934,subsequent document
e1922,0090040934,subsequent document
e1922,0087000939,preceding document
e1923,0090040934,subsequent document
e1923,0087000939,preceding document
e2604,0005004798,preceding document
e2604,0090040934,subsequent document
e1924,4900000340,subsequent document
e1924,0005004799,preceding document
e1925,0005004799,preceding document
e1925,0100940000,subsequent document
e1926,4900000340,subsequent document
e1926,0087000940,preceding document
e1927,0087000940,preceding document
e1927,0100940000,subsequent document
e1928,0005004799,preceding document
e1928,0090040935,subsequent document
e1929,0005004799,preceding document
e1929,0090040935,subsequent document
e1930,0087000940,preceding document
e1930,0090040935,subsequent document
e1931,0087000940,preceding document
e1931,0090040935,subsequent document
e1677,0005004800,preceding document
e1677,4900000341,subsequent document
e1678,0005004800,preceding document
e1678,0100941000,subsequent document
e1679,4900000341,subsequent document
e1679,0087000941,preceding document
e1680,0100941000,subsequent document
e1680,0087000941,preceding document
e1932,0005004800,preceding document
e1932,0090040936,subsequent document
e1933,0005004800,preceding document
e1933,0090040936,subsequent document
e1934,0090040936,subsequent document
e1934,0087000941,preceding document
e1935,0090040936,subsequent document
e1935,0087000941,preceding document
e1936,0090040937,subsequent document
e1936,0005004801,preceding document
e1937,0090040937,subsequent document
e1937,0005004801,preceding document
e1938,0087000942,preceding document
e1938,0090040937,subsequent document
e1939,0087000942,preceding document
e1939,0090040937,subsequent document
e2605,0005004801,preceding document
e2605,4900000342,subsequent document
e2606,0100942000,subsequent document
e2606,0005004801,preceding document
e2607,0087000942,preceding document
e2607,4900000342,subsequent document
e2608,0087000942,preceding document
e2608,0100942000,subsequent document
e1940,0005004802,preceding document
e1940,4900000343,subsequent document
e1941,0005004802,preceding document
e1941,0100943000,subsequent document
e1942,0087000943,preceding document
e1942,4900000343,subsequent document
e1943,0100943000,subsequent document
e1943,0087000943,preceding document
e1681,0005004802,preceding document
e1681,0090040938,subsequent document
e1682,0005004802,preceding document
e1682,0090040938,subsequent document
e1683,0090040938,subsequent document
e1683,0087000943,preceding document
e1684,0090040938,subsequent document
e1684,0087000943,preceding document
e1944,4900000344,subsequent document
e1944,0005004803,preceding document
e1945,0100944000,subsequent document
e1945,0005004803,preceding document
e1946,0087000944,preceding document
e1946,4900000344,subsequent document
e1947,0087000944,preceding document
e1947,0100944000,subsequent document
e1948,0090040939,subsequent document
e1948,0005004803,preceding document
e1949,0090040939,subsequent document
e1949,0005004803,preceding document
e1950,0090040939,subsequent document
e1950,0087000944,preceding document
e1951,0090040939,subsequent document
e1951,0087000944,preceding document
e2609,4900000345,subsequent document
e2609,0005004804,preceding document
e2610,0100945000,subsequent document
e2610,0005004804,preceding document
e2611,4900000345,subsequent document
e2611,0087000945,preceding document
e2612,0100945000,subsequent document
e2612,0087000945,preceding document
e2613,0090040940,subsequent document
e2613,0005004804,preceding document
e2614,0090040940,subsequent document
e2614,0005004804,preceding document
e2615,0090040940,subsequent document
e2615,0087000945,preceding document
e2616,0090040940,subsequent document
e2616,0087000945,preceding document
e2617,4900000346,subsequent document
e2617,0005004805,preceding document
e2618,0100946000,subsequent document
e2618,0005004805,preceding document
e2619,4900000346,subsequent document
e2619,0087000946,preceding document
e2620,0100946000,subsequent document
e2620,0087000946,preceding document
e2621,0090040941,subsequent document
e2621,0005004805,preceding document
e2622,0090040941,subsequent document
e2622,0005004805,preceding document
e2623,0087000946,preceding document
e2623,0090040941,subsequent document
e2624,0087000946,preceding document
e2624,0090040941,subsequent document
e2625,0005004806,preceding document
e2625,4900000347,subsequent document
e2626,0005004806,preceding document
e2626,0100947000,subsequent document
e2627,4900000347,subsequent document
e2627,0087000947,preceding document
e2628,0100947000,subsequent document
e2628,0087000947,preceding document
e2629,0005004806,preceding document
e2629,0090040942,subsequent document
e2630,0005004806,preceding document
e2630,0090040942,subsequent document
e2631,0090040942,subsequent document
e2631,0087000947,preceding document
e2632,0090040942,subsequent document
e2632,0087000947,preceding document
e2633,4900000348,subsequent document
e2633,0005004807,preceding document
e2634,0005004807,preceding document
e2634,0100948000,subsequent document
e2635,4900000348,subsequent document
e2635,0087000948,preceding document
e2636,0087000948,preceding document
e2636,0100948000,subsequent document
e2637,0090040943,subsequent document
e2637,0005004807,preceding document
e2638,0090040943,subsequent document
e2638,0005004807,preceding document
e2691,0090040943,subsequent document
e2691,0087000948,preceding document
e2692,0090040943,subsequent document
e2692,0087000948,preceding document
e2693,0005004808,preceding document
e2693,4900000349,subsequent document
e2694,0100949000,subsequent document
e2694,0005004808,preceding document
e2695,0087000949,preceding document
e2695,4900000349,subsequent document
e2696,0100949000,subsequent document
e2696,0087000949,preceding document
e1685,0005004808,preceding document
e1685,0090040944,subsequent document
e2073,0005004808,preceding document
e2073,0090040944,subsequent document
e2074,0087000949,preceding document
e2074,0090040944,subsequent document
e2075,0087000949,preceding document
e2075,0090040944,subsequent document
e2076,0005004809,preceding document
e2076,4900000350,subsequent document
e2077,0005004809,preceding document
e2077,0100950000,subsequent document
e2078,0087000950,preceding document
e2078,4900000350,subsequent document
e2079,0087000950,preceding document
e2079,0100950000,subsequent document
e2080,0005004809,preceding document
e2080,0090040945,subsequent document
e2081,0005004809,preceding document
e2081,0090040945,subsequent document
e2082,0090040945,subsequent document
e2082,0087000950,preceding document
e2083,0090040945,subsequent document
e2083,0087000950,preceding document
e2084,0005004810,preceding document
e2084,4900000351,subsequent document
e2085,0100951000,subsequent document
e2085,0005004810,preceding document
e2086,4900000351,subsequent document
e2086,0087000951,preceding document
e2087,0100951000,subsequent document
e2087,0087000951,preceding document
e2697,0005004810,preceding document
e2697,0090040946,subsequent document
e2698,0005004810,preceding document
e2698,0090040946,subsequent document
e2699,0087000951,preceding document
e2699,0090040946,subsequent document
e2700,0087000951,preceding document
e2700,0090040946,subsequent document
e2701,0005004811,preceding document
e2701,4900000352,subsequent document
e2702,0100952000,subsequent document
e2702,0005004811,preceding document
e2703,0087000952,preceding document
e2703,4900000352,subsequent document
e2704,0087000952,preceding document
e2704,0100952000,subsequent document
e2705,0090040947,subsequent document
e2705,0005004811,preceding document
e2706,0090040947,subsequent document
e2706,0005004811,preceding document
e2707,0087000952,preceding document
e2707,0090040947,subsequent document
e2708,0087000952,preceding document
e2708,0090040947,subsequent document
e2725,0005004812,preceding document
e2725,4900000353,subsequent document
e2726,0100953000,subsequent document
e2726,0005004812,preceding document
e2727,0087000953,preceding document
e2727,4900000353,subsequent document
e2728,0087000953,preceding document
e2728,0100953000,subsequent document
e2709,0090040948,subsequent document
e2709,0005004812,preceding document
e2710,0090040948,subsequent document
e2710,0005004812,preceding document
e2711,0087000953,preceding document
e2711,0090040948,subsequent document
e2712,0087000953,preceding document
e2712,0090040948,subsequent document
e2826,4900000354,subsequent document
e2826,0005004813,preceding document
e2827,0100954000,subsequent document
e2827,0005004813,preceding document
e2828,4900000354,subsequent document
e2828,0087000954,preceding document
e2829,0100954000,subsequent document
e2829,0087000954,preceding document
e2713,0090040949,subsequent document
e2713,0005004813,preceding document
e2714,0090040949,subsequent document
e2714,0005004813,preceding document
e2715,0090040949,subsequent document
e2715,0087000954,preceding document
e2716,0090040949,subsequent document
e2716,0087000954,preceding document
e2717,4900000355,subsequent document
e2717,0005004814,preceding document
e2718,0005004814,preceding document
e2718,0100955000,subsequent document
e2719,4900000355,subsequent document
e2719,0087000955,preceding document
e2720,0087000955,preceding document
e2720,0100955000,subsequent document
e2721,0005004814,preceding document
e2721,0090040950,subsequent document
e2722,0005004814,preceding document
e2722,0090040950,subsequent document
e2723,0090040950,subsequent document
e2723,0087000955,preceding document
e2724,0090040950,subsequent document
e2724,0087000955,preceding document
e2729,4900000356,subsequent document
e2729,0005004815,preceding document
e2730,0005004815,preceding document
e2730,0100956000,subsequent document
e2731,4900000356,subsequent document
e2731,0087000956,preceding document
e2732,0087000956,preceding document
e2732,0100956000,subsequent document
e2733,0005004815,preceding document
e2733,0090040951,subsequent document
e2734,0005004815,preceding document
e2734,0090040951,subsequent document
e2735,0087000956,preceding document
e2735,0090040951,subsequent document
e2736,0087000956,preceding document
e2736,0090040951,subsequent document
e2830,4900000357,subsequent document
e2830,0005004816,preceding document
e2831,0100957000,subsequent document
e2831,0005004816,preceding document
e2832,4900000357,subsequent document
e2832,0087000957,preceding document
e2833,0100957000,subsequent document
e2833,0087000957,preceding document
e2737,0090040952,subsequent document
e2737,0005004816,preceding document
e2738,0090040952,subsequent document
e2738,0005004816,preceding document
e2739,0090040952,subsequent document
e2739,0087000957,preceding document
e2740,0090040952,subsequent document
e2740,0087000957,preceding document
e2741,4900000358,subsequent document
e2741,0005004817,preceding document
e2742,0005004817,preceding document
e2742,0100958000,subsequent document
e2743,4900000358,subsequent document
e2743,0087000958,preceding document
e2744,0100958000,subsequent document
e2744,0087000958,preceding document
e2745,0090040953,subsequent document
e2745,0005004817,preceding document
e2746,0090040953,subsequent document
e2746,0005004817,preceding document
e2747,0090040953,subsequent document
e2747,0087000958,preceding document
e2748,0090040953,subsequent document
e2748,0087000958,preceding document
e2749,4900000359,subsequent document
e2749,0005004818,preceding document
e2750,0005004818,preceding document
e2750,0100959000,subsequent document
e2751,4900000359,subsequent document
e2751,0087000959,preceding document
e2752,0087000959,preceding document
e2752,0100959000,subsequent document
e2753,0005004818,preceding document
e2753,0090040954,subsequent document
e2754,0005004818,preceding document
e2754,0090040954,subsequent document
e2755,0087000959,preceding document
e2755,0090040954,subsequent document
e2756,0087000959,preceding document
e2756,0090040954,subsequent document
e2834,4900000360,subsequent document
e2834,0005004819,preceding document
e2835,0100960000,subsequent document
e2835,0005004819,preceding document
e2836,4900000360,subsequent document
e2836,0087000960,preceding document
e2837,0100960000,subsequent document
e2837,0087000960,preceding document
e2838,0005004819,preceding document
e2838,0090040955,subsequent document
e2839,0005004819,preceding document
e2839,0090040955,subsequent document
e2840,0090040955,subsequent document
e2840,0087000960,preceding document
e2841,0090040955,subsequent document
e2841,0087000960,preceding document
e2842,0005004820,preceding document
e2842,4900000361,subsequent document
e2843,0005004820,preceding document
e2843,0100961000,subsequent document
e2844,0087000961,preceding document
e2844,4900000361,subsequent document
e2845,0087000961,preceding document
e2845,0100961000,subsequent document
e2846,0005004820,preceding document
e2846,0090040956,subsequent document
e2847,0005004820,preceding document
e2847,0090040956,subsequent document
e2848,0087000961,preceding document
e2848,0090040956,subsequent document
e2849,0087000961,preceding document
e2849,0090040956,subsequent document
e2850,4900000362,subsequent document
e2850,0005004821,preceding document
e2851,0005004821,preceding document
e2851,0100962000,subsequent document
e2852,4900000362,subsequent document
e2852,0087000962,preceding document
e2853,0087000962,preceding document
e2853,0100962000,subsequent document
e2854,0090040957,subsequent document
e2854,0005004821,preceding document
e2855,0090040957,subsequent document
e2855,0005004821,preceding document
e2856,0090040957,subsequent document
e2856,0087000962,preceding document
e2857,0090040957,subsequent document
e2857,0087000962,preceding document
e4712,4900000363,subsequent document
e4712,0005004822,preceding document
e4713,0005004822,preceding document
e4713,0100963000,subsequent document
e4714,0087000963,preceding document
e4714,4900000363,subsequent document
e4715,0087000963,preceding document
e4715,0100963000,subsequent document
e4122,0090040958,subsequent document
e4122,0005004822,preceding document
e4123,0090040958,subsequent document
e4123,0005004822,preceding document
e4124,0087000963,preceding document
e4124,0090040958,subsequent document
e4125,0087000963,preceding document
e4125,0090040958,subsequent document
e4716,4900000364,subsequent document
e4716,0005004823,preceding document
e4717,0100964000,subsequent document
e4717,0005004823,preceding document
e4718,4900000364,subsequent document
e4718,0087000964,preceding document
e4719,0100964000,subsequent document
e4719,0087000964,preceding document
e4399,0005004823,preceding document
e4399,0090040959,subsequent document
e4400,0005004823,preceding document
e4400,0090040959,subsequent document
e4401,0090040959,subsequent document
e4401,0087000964,preceding document
e4402,0090040959,subsequent document
e4402,0087000964,preceding document
e4126,0090040960,subsequent document
e4126,0005004824,preceding document
e4127,0090040960,subsequent document
e4127,0005004824,preceding document
e4128,0090040960,subsequent document
e4128,0087000965,preceding document
e4129,0090040960,subsequent document
e4129,0087000965,preceding document
e4720,4900000365,subsequent document
e4720,0005004824,preceding document
e4721,0100965000,subsequent document
e4721,0005004824,preceding document
e4722,4900000365,subsequent document
e4722,0087000965,preceding document
e4723,0100965000,subsequent document
e4723,0087000965,preceding document
e3929,4900000366,subsequent document
e3929,0005004825,preceding document
e3930,0100966000,subsequent document
e3930,0005004825,preceding document
e3931,0087000966,preceding document
e3931,4900000366,subsequent document
e3932,0087000966,preceding document
e3932,0100966000,subsequent document
e4130,0090040961,subsequent document
e4130,0005004825,preceding document
e4131,0090040961,subsequent document
e4131,0005004825,preceding document
e4132,0087000966,preceding document
e4132,0090040961,subsequent document
e4133,0087000966,preceding document
e4133,0090040961,subsequent document
e4646,0005004826,preceding document
e4646,4900000367,subsequent document
e4647,0005004826,preceding document
e4647,0100967000,subsequent document
e4648,0087000967,preceding document
e4648,4900000367,subsequent document
e4649,0087000967,preceding document
e4649,0100967000,subsequent document
e4134,0005004826,preceding document
e4134,0090040962,subsequent document
e4135,0005004826,preceding document
e4135,0090040962,subsequent document
e4136,0090040962,subsequent document
e4136,0087000967,preceding document
e4137,0090040962,subsequent document
e4137,0087000967,preceding document
e3977,4900000368,subsequent document
e3977,0005004827,preceding document
e3978,0100968000,subsequent document
e3978,0005004827,preceding document
e3979,4900000368,subsequent document
e3979,0087000968,preceding document
e3980,0100968000,subsequent document
e3980,0087000968,preceding document
e4403,0090040963,subsequent document
e4403,0005004827,preceding document
e4404,0090040963,subsequent document
e4404,0005004827,preceding document
e4405,0090040963,subsequent document
e4405,0087000968,preceding document
e4406,0090040963,subsequent document
e4406,0087000968,preceding document
e4407,0090040964,subsequent document
e4407,0005004828,preceding document
e4408,0090040964,subsequent document
e4408,0005004828,preceding document
e4409,0087000969,preceding document
e4409,0090040964,subsequent document
e4410,0087000969,preceding document
e4410,0090040964,subsequent document
e4776,0005004828,preceding document
e4776,4900000369,subsequent document
e4777,0100969000,subsequent document
e4777,0005004828,preceding document
e4778,0087000969,preceding document
e4778,4900000369,subsequent document
e4779,0100969000,subsequent document
e4779,0087000969,preceding document
e4459,0005004829,preceding document
e4459,4900000370,subsequent document
e4460,0005004829,preceding document
e4460,0100970000,subsequent document
e4461,0087000970,preceding document
e4461,4900000370,subsequent document
e4462,0087000970,preceding document
e4462,0100970000,subsequent document
e4411,0005004829,preceding document
e4411,0090040965,subsequent document
e4412,0005004829,preceding document
e4412,0090040965,subsequent document
e4413,0090040965,subsequent document
e4413,0087000970,preceding document
e4414,0090040965,subsequent document
e4414,0087000970,preceding document
e4415,0090040966,subsequent document
e4415,0005004830,preceding document
e4416,0090040966,subsequent document
e4416,0005004830,preceding document
e4417,0090040966,subsequent document
e4417,0087000971,preceding document
e4418,0090040966,subsequent document
e4418,0087000971,preceding document
e4463,0005004830,preceding document
e4463,4900000371,subsequent document
e4464,0005004830,preceding document
e4464,0100971000,subsequent document
e4465,4900000371,subsequent document
e4465,0087000971,preceding document
e4466,0100971000,subsequent document
e4466,0087000971,preceding document
e4780,0005004831,preceding document
e4780,4900000372,subsequent document
e4781,0005004831,preceding document
e4781,0100972000,subsequent document
e4782,0087000972,preceding document
e4782,4900000372,subsequent document
e4783,0087000972,preceding document
e4783,0100972000,subsequent document
e4419,0005004831,preceding document
e4419,0090040967,subsequent document
e4420,0005004831,preceding document
e4420,0090040967,subsequent document
e4421,0087000972,preceding document
e4421,0090040967,subsequent document
e4422,0087000972,preceding document
e4422,0090040967,subsequent document
e3866,4900000373,subsequent document
e3866,0005004832,preceding document
e3867,0005004832,preceding document
e3867,0100973000,subsequent document
e3868,4900000373,subsequent document
e3868,0087000973,preceding document
e3869,0100973000,subsequent document
e3869,0087000973,preceding document
e4423,0005004832,preceding document
e4423,0090040968,subsequent document
e4424,0005004832,preceding document
e4424,0090040968,subsequent document
e4425,0087000973,preceding document
e4425,0090040968,subsequent document
e4426,0087000973,preceding document
e4426,0090040968,subsequent document
e4650,4900000374,subsequent document
e4650,0005004833,preceding document
e4651,0005004833,preceding document
e4651,0100974000,subsequent document
e4652,0087000974,preceding document
e4652,4900000374,subsequent document
e4653,0087000974,preceding document
e4653,0100974000,subsequent document
e4427,0090040969,subsequent document
e4427,0005004833,preceding document
e4428,0090040969,subsequent document
e4428,0005004833,preceding document
e4429,0087000974,preceding document
e4429,0090040969,subsequent document
e4430,0087000974,preceding document
e4430,0090040969,subsequent document
e4724,4900000375,subsequent document
e4724,0005004834,preceding document
e4725,0100975000,subsequent document
e4725,0005004834,preceding document
e4726,4900000375,subsequent document
e4726,0087000975,preceding document
e4727,0100975000,subsequent document
e4727,0087000975,preceding document
e4431,0005004834,preceding document
e4431,0090040970,subsequent document
e4432,0005004834,preceding document
e4432,0090040970,subsequent document
e4433,0087000975,preceding document
e4433,0090040970,subsequent document
e4434,0087000975,preceding document
e4434,0090040970,subsequent document
e4728,4900000376,subsequent document
e4728,0005004835,preceding document
e4729,0100976000,subsequent document
e4729,0005004835,preceding document
e4730,0087000976,preceding document
e4730,4900000376,subsequent document
e4731,0100976000,subsequent document
e4731,0087000976,preceding document
e4435,0005004835,preceding document
e4435,0090040971,subsequent document
e4436,0005004835,preceding document
e4436,0090040971,subsequent document
e4437,0087000976,preceding document
e4437,0090040971,subsequent document
e4438,0087000976,preceding document
e4438,0090040971,subsequent document
e4439,0090040972,subsequent document
e4439,0005004836,preceding document
e4440,0090040972,subsequent document
e4440,0005004836,preceding document
e4441,0090040972,subsequent document
e4441,0087000977,preceding document
e4442,0090040972,subsequent document
e4442,0087000977,preceding document
e4784,0005004836,preceding document
e4784,4900000377,subsequent document
e4785,0005004836,preceding document
e4785,0100977000,subsequent document
e4786,4900000377,subsequent document
e4786,0087000977,preceding document
e4787,0087000977,preceding document
e4787,0100977000,subsequent document
e3933,0005004837,preceding document
e3933,4900000378,subsequent document
e3934,0005004837,preceding document
e3934,0100978000,subsequent document
e3935,4900000378,subsequent document
e3935,0087000978,preceding document
e3936,0100978000,subsequent document
e3936,0087000978,preceding document
e4443,0005004837,preceding document
e4443,0090040973,subsequent document
e4444,0005004837,preceding document
e4444,0090040973,subsequent document
e4445,0090040973,subsequent document
e4445,0087000978,preceding document
e4446,0090040973,subsequent document
e4446,0087000978,preceding document
e4732,0005004838,preceding document
e4732,4900000379,subsequent document
e4733,0005004838,preceding document
e4733,0100979000,subsequent document
e4734,4900000379,subsequent document
e4734,0087000979,preceding document
e4735,0087000979,preceding document
e4735,0100979000,subsequent document
e4447,0005004838,preceding document
e4447,0090040974,subsequent document
e4448,0005004838,preceding document
e4448,0090040974,subsequent document
e4449,0090040974,subsequent document
e4449,0087000979,preceding document
e4450,0090040974,subsequent document
e4450,0087000979,preceding document
e3870,0005004839,preceding document
e3870,4900000380,subsequent document
e3871,0005004839,preceding document
e3871,0100980000,subsequent document
e3872,0087000980,preceding document
e3872,4900000380,subsequent document
e3873,0087000980,preceding document
e3873,0100980000,subsequent document
e4451,0005004839,preceding document
e4451,0090040975,subsequent document
e4452,0005004839,preceding document
e4452,0090040975,subsequent document
e4453,0087000980,preceding document
e4453,0090040975,subsequent document
e4454,0087000980,preceding document
e4454,0090040975,subsequent document
e3874,4900000381,subsequent document
e3874,0005004840,preceding document
e3875,0100981000,subsequent document
e3875,0005004840,preceding document
e3876,4900000381,subsequent document
e3876,0087000981,preceding document
e3877,0100981000,subsequent document
e3877,0087000981,preceding document
e4138,0090040976,subsequent document
e4138,0005004840,preceding document
e4139,0090040976,subsequent document
e4139,0005004840,preceding document
e4140,0090040976,subsequent document
e4140,0087000981,preceding document
e4141,0090040976,subsequent document
e4141,0087000981,preceding document
e3981,0005004841,preceding document
e3981,4900000382,subsequent document
e3982,0005004841,preceding document
e3982,0100982000,subsequent document
e3983,4900000382,subsequent document
e3983,0087000982,preceding document
e3984,0100982000,subsequent document
e3984,0087000982,preceding document
e4142,0005004841,preceding document
e4142,0090040977,subsequent document
e4143,0005004841,preceding document
e4143,0090040977,subsequent document
e4144,0090040977,subsequent document
e4144,0087000982,preceding document
e4145,0090040977,subsequent document
e4145,0087000982,preceding document
e3985,0005004842,preceding document
e3985,4900000383,subsequent document
e3986,0005004842,preceding document
e3986,0100983000,subsequent document
e3987,0087000983,preceding document
e3987,4900000383,subsequent document
e3988,0100983000,subsequent document
e3988,0087000983,preceding document
e4455,0090040978,subsequent document
e4455,0005004842,preceding document
e4456,0090040978,subsequent document
e4456,0005004842,preceding document
e4457,0090040978,subsequent document
e4457,0087000983,preceding document
e4458,0090040978,subsequent document
e4458,0087000983,preceding document
e3937,4900000384,subsequent document
e3937,0005004843,preceding document
e3938,0100984000,subsequent document
e3938,0005004843,preceding document
e3939,4900000384,subsequent document
e3939,0087000984,preceding document
e3940,0100984000,subsequent document
e3940,0087000984,preceding document
e4492,0090040979,subsequent document
e4492,0005004843,preceding document
e4493,0090040979,subsequent document
e4493,0005004843,preceding document
e4494,0090040979,subsequent document
e4494,0087000984,preceding document
e4495,0090040979,subsequent document
e4495,0087000984,preceding document
e4736,0005004844,preceding document
e4736,4900000385,subsequent document
e4737,0005004844,preceding document
e4737,0100985000,subsequent document
e4738,0087000985,preceding document
e4738,4900000385,subsequent document
e4739,0087000985,preceding document
e4739,0100985000,subsequent document
e4146,0005004844,preceding document
e4146,0090040980,subsequent document
e4147,0005004844,preceding document
e4147,0090040980,subsequent document
e4148,0090040980,subsequent document
e4148,0087000985,preceding document
e4149,0090040980,subsequent document
e4149,0087000985,preceding document
e4467,0005004845,preceding document
e4467,4900000386,subsequent document
e4468,0005004845,preceding document
e4468,0100986000,subsequent document
e4469,0087000986,preceding document
e4469,4900000386,subsequent document
e4470,0100986000,subsequent document
e4470,0087000986,preceding document
e4150,0005004845,preceding document
e4150,0090040981,subsequent document
e4151,0005004845,preceding document
e4151,0090040981,subsequent document
e4152,0090040981,subsequent document
e4152,0087000986,preceding document
e4153,0090040981,subsequent document
e4153,0087000986,preceding document
e3878,0005004846,preceding document
e3878,4900000387,subsequent document
e3879,0005004846,preceding document
e3879,0100987000,subsequent document
e3880,4900000387,subsequent document
e3880,0087000987,preceding document
e3881,0100987000,subsequent document
e3881,0087000987,preceding document
e4157,0090040982,subsequent document
e4157,0005004846,preceding document
e4158,0090040982,subsequent document
e4158,0005004846,preceding document
e4159,0090040982,subsequent document
e4159,0087000987,preceding document
e4160,0090040982,subsequent document
e4160,0087000987,preceding document
e4740,0005004847,preceding document
e4740,4900000388,subsequent document
e4741,0005004847,preceding document
e4741,0100988000,subsequent document
e4742,0087000988,preceding document
e4742,4900000388,subsequent document
e4743,0100988000,subsequent document
e4743,0087000988,preceding document
e4161,0005004847,preceding document
e4161,0090040983,subsequent document
e4162,0005004847,preceding document
e4162,0090040983,subsequent document
e4163,0087000988,preceding document
e4163,0090040983,subsequent document
e4164,0087000988,preceding document
e4164,0090040983,subsequent document
e3989,0005004848,preceding document
e3989,4900000389,subsequent document
e3990,0005004848,preceding document
e3990,0100989000,subsequent document
e3991,0087000989,preceding document
e3991,4900000389,subsequent document
e3992,0087000989,preceding document
e3992,0100989000,subsequent document
e4496,0005004848,preceding document
e4496,0090040984,subsequent document
e4497,0005004848,preceding document
e4497,0090040984,subsequent document
e4498,0087000989,preceding document
e4498,0090040984,subsequent document
e4499,0087000989,preceding document
e4499,0090040984,subsequent document
e4654,4900000390,subsequent document
e4654,0005004849,preceding document
e4655,0100990000,subsequent document
e4655,0005004849,preceding document
e4656,4900000390,subsequent document
e4656,0087000990,preceding document
e4657,0100990000,subsequent document
e4657,0087000990,preceding document
e4500,0090040985,subsequent document
e4500,0005004849,preceding document
e4501,0090040985,subsequent document
e4501,0005004849,preceding document
e4502,0090040985,subsequent document
e4502,0087000990,preceding document
e4503,0090040985,subsequent document
e4503,0087000990,preceding document
e3993,4900000391,subsequent document
e3993,0005004850,preceding document
e3994,0100991000,subsequent document
e3994,0005004850,preceding document
e3995,4900000391,subsequent document
e3995,0087000991,preceding document
e3996,0100991000,subsequent document
e3996,0087000991,preceding document
e4504,0090040986,subsequent document
e4504,0005004850,preceding document
e4505,0090040986,subsequent document
e4505,0005004850,preceding document
e4506,0090040986,subsequent document
e4506,0087000991,preceding document
e4507,0090040986,subsequent document
e4507,0087000991,preceding document
e3997,4900000392,subsequent document
e3997,0005004851,preceding document
e3998,0100992000,subsequent document
e3998,0005004851,preceding document
e3999,0087000992,preceding document
e3999,4900000392,subsequent document
e4000,0087000992,preceding document
e4000,0100992000,subsequent document
e4165,0090040987,subsequent document
e4165,0005004851,preceding document
e4166,0090040987,subsequent document
e4166,0005004851,preceding document
e4167,0087000992,preceding document
e4167,0090040987,subsequent document
e4168,0087000992,preceding document
e4168,0090040987,subsequent document
e4169,0005004852,preceding document
e4169,0090040988,subsequent document
e4170,0005004852,preceding document
e4170,0090040988,subsequent document
e4171,0087000993,preceding document
e4171,0090040988,subsequent document
e4172,0087000993,preceding document
e4172,0090040988,subsequent document
e4371,0005004852,preceding document
e4371,4900000393,subsequent document
e4372,0100993000,subsequent document
e4372,0005004852,preceding document
e4373,4900000393,subsequent document
e4373,0087000993,preceding document
e4374,0100993000,subsequent document
e4374,0087000993,preceding document
e4471,4900000394,subsequent document
e4471,0005004853,preceding document
e4472,0005004853,preceding document
e4472,0100994000,subsequent document
e4473,0087000994,preceding document
e4473,4900000394,subsequent document
e4474,0087000994,preceding document
e4474,0100994000,subsequent document
e4173,0005004853,preceding document
e4173,0090040989,subsequent document
e4174,0005004853,preceding document
e4174,0090040989,subsequent document
e4175,0087000994,preceding document
e4175,0090040989,subsequent document
e4176,0087000994,preceding document
e4176,0090040989,subsequent document
e4177,0005004854,preceding document
e4177,0090040990,subsequent document
e4178,0005004854,preceding document
e4178,0090040990,subsequent document
e4179,0087000995,preceding document
e4179,0090040990,subsequent document
e4180,0087000995,preceding document
e4180,0090040990,subsequent document
e4375,0005004854,preceding document
e4375,4900000395,subsequent document
e4376,0100995000,subsequent document
e4376,0005004854,preceding document
e4377,0087000995,preceding document
e4377,4900000395,subsequent document
e4378,0100995000,subsequent document
e4378,0087000995,preceding document
e4788,0005004855,preceding document
e4788,4900000396,subsequent document
e4789,0100996000,subsequent document
e4789,0005004855,preceding document
e4790,0087000996,preceding document
e4790,4900000396,subsequent document
e4791,0100996000,subsequent document
e4791,0087000996,preceding document
e4181,0005004855,preceding document
e4181,0090040991,subsequent document
e4182,0005004855,preceding document
e4182,0090040991,subsequent document
e4183,0087000996,preceding document
e4183,0090040991,subsequent document
e4184,0087000996,preceding document
e4184,0090040991,subsequent document
e4792,0005004856,preceding document
e4792,4900000397,subsequent document
e4793,0100997000,subsequent document
e4793,0005004856,preceding document
e4794,0087000997,preceding document
e4794,4900000397,subsequent document
e4795,0100997000,subsequent document
e4795,0087000997,preceding document
e4185,0005004856,preceding document
e4185,0090040992,subsequent document
e4186,0005004856,preceding document
e4186,0090040992,subsequent document
e4187,0087000997,preceding document
e4187,0090040992,subsequent document
e4188,0087000997,preceding document
e4188,0090040992,subsequent document
e4475,0005004857,preceding document
e4475,4900000398,subsequent document
e4476,0100998000,subsequent document
e4476,0005004857,preceding document
e4477,0087000998,preceding document
e4477,4900000398,subsequent document
e4478,0100998000,subsequent document
e4478,0087000998,preceding document
e4508,0090040993,subsequent document
e4508,0005004857,preceding document
e4509,0090040993,subsequent document
e4509,0005004857,preceding document
e4510,0090040993,subsequent document
e4510,0087000998,preceding document
e4511,0090040993,subsequent document
e4511,0087000998,preceding document
e4001,0005004858,preceding document
e4001,4900000399,subsequent document
e4002,0005004858,preceding document
e4002,0100999000,subsequent document
e4003,4900000399,subsequent document
e4003,0087000999,preceding document
e4004,0100999000,subsequent document
e4004,0087000999,preceding document
e4512,0005004858,preceding document
e4512,0090040994,subsequent document
e4513,0005004858,preceding document
e4513,0090040994,subsequent document
e4514,0090040994,subsequent document
e4514,0087000999,preceding document
e4515,0090040994,subsequent document
e4515,0087000999,preceding document
e4005,4900000400,subsequent document
e4005,0005004859,preceding document
e4006,0101000000,subsequent document
e4006,0005004859,preceding document
e4007,4900000400,subsequent document
e4007,0087001000,preceding document
e4008,0101000000,subsequent document
e4008,0087001000,preceding document
e4516,0005004859,preceding document
e4516,0090040995,subsequent document
e4517,0005004859,preceding document
e4517,0090040995,subsequent document
e4518,0087001000,preceding document
e4518,0090040995,subsequent document
e4519,0087001000,preceding document
e4519,0090040995,subsequent document
e4796,4900000401,subsequent document
e4796,0005004860,preceding document
e4797,0101001000,subsequent document
e4797,0005004860,preceding document
e4798,4900000401,subsequent document
e4798,0087001001,preceding document
e4799,0087001001,preceding document
e4799,0101001000,subsequent document
e4520,0090040996,subsequent document
e4520,0005004860,preceding document
e4521,0090040996,subsequent document
e4521,0005004860,preceding document
e4522,0090040996,subsequent document
e4522,0087001001,preceding document
e4523,0090040996,subsequent document
e4523,0087001001,preceding document
e4479,4900000402,subsequent document
e4479,0005004861,preceding document
e4480,0101002000,subsequent document
e4480,0005004861,preceding document
e4481,4900000402,subsequent document
e4481,0087001002,preceding document
e4482,0101002000,subsequent document
e4482,0087001002,preceding document
e4555,0005004861,preceding document
e4555,0090040997,subsequent document
e4556,0005004861,preceding document
e4556,0090040997,subsequent document
e4557,0087001002,preceding document
e4557,0090040997,subsequent document
e4558,0087001002,preceding document
e4558,0090040997,subsequent document
e4379,4900000403,subsequent document
e4379,0005004862,preceding document
e4380,0005004862,preceding document
e4380,0101003000,subsequent document
e4381,4900000403,subsequent document
e4381,0087001003,preceding document
e4382,0087001003,preceding document
e4382,0101003000,subsequent document
e4189,0090040998,subsequent document
e4189,0005004862,preceding document
e4190,0090040998,subsequent document
e4190,0005004862,preceding document
e4191,0087001003,preceding document
e4191,0090040998,subsequent document
e4192,0087001003,preceding document
e4192,0090040998,subsequent document
e4800,4900000404,subsequent document
e4800,0005004863,preceding document
e4801,0101004000,subsequent document
e4801,0005004863,preceding document
e4802,4900000404,subsequent document
e4802,0087001004,preceding document
e4803,0101004000,subsequent document
e4803,0087001004,preceding document
e4193,0005004863,preceding document
e4193,0090040999,subsequent document
e4194,0005004863,preceding document
e4194,0090040999,subsequent document
e4195,0087001004,preceding document
e4195,0090040999,subsequent document
e4196,0087001004,preceding document
e4196,0090040999,subsequent document
e4009,4900000405,subsequent document
e4009,0005004864,preceding document
e4010,0005004864,preceding document
e4010,0101005000,subsequent document
e4011,0087001005,preceding document
e4011,4900000405,subsequent document
e4012,0087001005,preceding document
e4012,0101005000,subsequent document
e4197,0090041000,subsequent document
e4197,0005004864,preceding document
e4198,0090041000,subsequent document
e4198,0005004864,preceding document
e4199,0087001005,preceding document
e4199,0090041000,subsequent document
e4200,0087001005,preceding document
e4200,0090041000,subsequent document
e4483,0005004865,preceding document
e4483,4900000406,subsequent document
e4484,0005004865,preceding document
e4484,0101006000,subsequent document
e4485,0087001006,preceding document
e4485,4900000406,subsequent document
e4486,0101006000,subsequent document
e4486,0087001006,preceding document
e4201,0005004865,preceding document
e4201,0090041001,subsequent document
e4202,0005004865,preceding document
e4202,0090041001,subsequent document
e4203,0087001006,preceding document
e4203,0090041001,subsequent document
e4204,0087001006,preceding document
e4204,0090041001,subsequent document
e4487,4900000407,subsequent document
e4487,0005004866,preceding document
e4488,0101007000,subsequent document
e4488,0005004866,preceding document
e4489,4900000407,subsequent document
e4489,0087001007,preceding document
e4490,0101007000,subsequent document
e4490,0087001007,preceding document
e4205,0090041002,subsequent document
e4205,0005004866,preceding document
e4206,0090041002,subsequent document
e4206,0005004866,preceding document
e4207,0090041002,subsequent document
e4207,0087001007,preceding document
e4208,0090041002,subsequent document
e4208,0087001007,preceding document
e4013,4900000408,subsequent document
e4013,0005004867,preceding document
e4014,0005004867,preceding document
e4014,0101008000,subsequent document
e4015,4900000408,subsequent document
e4015,0087001008,preceding document
e4016,0087001008,preceding document
e4016,0101008000,subsequent document
e4209,0090041003,subsequent document
e4209,0005004867,preceding document
e4210,0090041003,subsequent document
e4210,0005004867,preceding document
e4211,0090041003,subsequent document
e4211,0087001008,preceding document
e4212,0090041003,subsequent document
e4212,0087001008,preceding document
e4017,4900000409,subsequent document
e4017,0005004868,preceding document
e4018,0101009000,subsequent document
e4018,0005004868,preceding document
e4019,4900000409,subsequent document
e4019,0087001009,preceding document
e4020,0101009000,subsequent document
e4020,0087001009,preceding document
e4213,0090041004,subsequent document
e4213,0005004868,preceding document
e4214,0090041004,subsequent document
e4214,0005004868,preceding document
e4215,0090041004,subsequent document
e4215,0087001009,preceding document
e4216,0090041004,subsequent document
e4216,0087001009,preceding document
e3882,4900000410,subsequent document
e3882,0005004869,preceding document
e3883,0101010000,subsequent document
e3883,0005004869,preceding document
e3884,0087001010,preceding document
e3884,4900000410,subsequent document
e3885,0101010000,subsequent document
e3885,0087001010,preceding document
e4559,0090041005,subsequent document
e4559,0005004869,preceding document
e4560,0090041005,subsequent document
e4560,0005004869,preceding document
e4561,0087001010,preceding document
e4561,0090041005,subsequent document
e4562,0087001010,preceding document
e4562,0090041005,subsequent document
e4804,0005004870,preceding document
e4804,4900000411,subsequent document
e4805,0005004870,preceding document
e4805,0101011000,subsequent document
e4806,0087001011,preceding document
e4806,4900000411,subsequent document
e4807,0101011000,subsequent document
e4807,0087001011,preceding document
e4563,0005004870,preceding document
e4563,0090041006,subsequent document
e4564,0005004870,preceding document
e4564,0090041006,subsequent document
e4565,0090041006,subsequent document
e4565,0087001011,preceding document
e4566,0090041006,subsequent document
e4566,0087001011,preceding document
e4056,0005004871,preceding document
e4056,4900000412,subsequent document
e4057,0005004871,preceding document
e4057,0101012000,subsequent document
e4058,0087001012,preceding document
e4058,4900000412,subsequent document
e4059,0087001012,preceding document
e4059,0101012000,subsequent document
e4217,0005004871,preceding document
e4217,0090041007,subsequent document
e4218,0005004871,preceding document
e4218,0090041007,subsequent document
e4219,0087001012,preceding document
e4219,0090041007,subsequent document
e4220,0087001012,preceding document
e4220,0090041007,subsequent document
e4491,4900000413,subsequent document
e4491,0005004872,preceding document
e4524,0005004872,preceding document
e4524,0101013000,subsequent document
e4525,4900000413,subsequent document
e4525,0087001013,preceding document
e4526,0101013000,subsequent document
e4526,0087001013,preceding document
e4221,0005004872,preceding document
e4221,0090041008,subsequent document
e4222,0005004872,preceding document
e4222,0090041008,subsequent document
e4223,0090041008,subsequent document
e4223,0087001013,preceding document
e4224,0090041008,subsequent document
e4224,0087001013,preceding document
e4808,0005004873,preceding document
e4808,4900000414,subsequent document
e4809,0101014000,subsequent document
e4809,0005004873,preceding document
e4810,4900000414,subsequent document
e4810,0087001014,preceding document
e4811,0101014000,subsequent document
e4811,0087001014,preceding document
e4225,0090041009,subsequent document
e4225,0005004873,preceding document
e4226,0090041009,subsequent document
e4226,0005004873,preceding document
e4227,0090041009,subsequent document
e4227,0087001014,preceding document
e4228,0090041009,subsequent document
e4228,0087001014,preceding document
e4327,4900000415,subsequent document
e4327,0005004874,preceding document
e4328,0101015000,subsequent document
e4328,0005004874,preceding document
e4329,0087001015,preceding document
e4329,4900000415,subsequent document
e4330,0087001015,preceding document
e4330,0101015000,subsequent document
e4229,0090041010,subsequent document
e4229,0005004874,preceding document
e4230,0090041010,subsequent document
e4230,0005004874,preceding document
e4231,0087001015,preceding document
e4231,0090041010,subsequent document
e4232,0087001015,preceding document
e4232,0090041010,subsequent document
e4331,4900000416,subsequent document
e4331,0005004875,preceding document
e4332,0101016000,subsequent document
e4332,0005004875,preceding document
e4333,4900000416,subsequent document
e4333,0087001016,preceding document
e4334,0101016000,subsequent document
e4334,0087001016,preceding document
e4567,0090041011,subsequent document
e4567,0005004875,preceding document
e4568,0090041011,subsequent document
e4568,0005004875,preceding document
e4569,0090041011,subsequent document
e4569,0087001016,preceding document
e4570,0090041011,subsequent document
e4570,0087001016,preceding document
e4335,0005004876,preceding document
e4335,4900000417,subsequent document
e4336,0005004876,preceding document
e4336,0101017000,subsequent document
e4337,0087001017,preceding document
e4337,4900000417,subsequent document
e4338,0087001017,preceding document
e4338,0101017000,subsequent document
e4571,0005004876,preceding document
e4571,0090041012,subsequent document
e4572,0005004876,preceding document
e4572,0090041012,subsequent document
e4573,0087001017,preceding document
e4573,0090041012,subsequent document
e4574,0087001017,preceding document
e4574,0090041012,subsequent document
e3941,0005004877,preceding document
e3941,4900000418,subsequent document
e3942,0101018000,subsequent document
e3942,0005004877,preceding document
e3943,0087001018,preceding document
e3943,4900000418,subsequent document
e3944,0101018000,subsequent document
e3944,0087001018,preceding document
e4575,0090041013,subsequent document
e4575,0005004877,preceding document
e4576,0090041013,subsequent document
e4576,0005004877,preceding document
e4577,0090041013,subsequent document
e4577,0087001018,preceding document
e4578,0090041013,subsequent document
e4578,0087001018,preceding document
e4060,4900000419,subsequent document
e4060,0005004878,preceding document
e4061,0005004878,preceding document
e4061,0101019000,subsequent document
e4062,0087001019,preceding document
e4062,4900000419,subsequent document
e4063,0087001019,preceding document
e4063,0101019000,subsequent document
e4579,0090041014,subsequent document
e4579,0005004878,preceding document
e4580,0090041014,subsequent document
e4580,0005004878,preceding document
e4581,0087001019,preceding document
e4581,0090041014,subsequent document
e4582,0087001019,preceding document
e4582,0090041014,subsequent document
e4064,4900000420,subsequent document
e4064,0005004879,preceding document
e4065,0101020000,subsequent document
e4065,0005004879,preceding document
e4066,4900000420,subsequent document
e4066,0087001020,preceding document
e4067,0101020000,subsequent document
e4067,0087001020,preceding document
e4583,0005004879,preceding document
e4583,0090041015,subsequent document
e4584,0005004879,preceding document
e4584,0090041015,subsequent document
e4616,0087001020,preceding document
e4616,0090041015,subsequent document
e4617,0087001020,preceding document
e4617,0090041015,subsequent document
e4021,4900000421,subsequent document
e4021,0005004880,preceding document
e4022,0101021000,subsequent document
e4022,0005004880,preceding document
e4023,4900000421,subsequent document
e4023,0087001021,preceding document
e4024,0101021000,subsequent document
e4024,0087001021,preceding document
e3774,0090041016,subsequent document
e3774,0005004880,preceding document
e3775,0090041016,subsequent document
e3775,0005004880,preceding document
e3776,0090041016,subsequent document
e3776,0087001021,preceding document
e3777,0090041016,subsequent document
e3777,0087001021,preceding document
e3886,0005004881,preceding document
e3886,4900000422,subsequent document
e3887,0005004881,preceding document
e3887,0101022000,subsequent document
e3888,0087001022,preceding document
e3888,4900000422,subsequent document
e3889,0087001022,preceding document
e3889,0101022000,subsequent document
e3778,0005004881,preceding document
e3778,0090041017,subsequent document
e3779,0005004881,preceding document
e3779,0090041017,subsequent document
e3780,0087001022,preceding document
e3780,0090041017,subsequent document
e3781,0087001022,preceding document
e3781,0090041017,subsequent document
e4383,0005004882,preceding document
e4383,4900000423,subsequent document
e4384,0005004882,preceding document
e4384,0101023000,subsequent document
e4385,0087001023,preceding document
e4385,4900000423,subsequent document
e4386,0101023000,subsequent document
e4386,0087001023,preceding document
e3782,0005004882,preceding document
e3782,0090041018,subsequent document
e3783,0005004882,preceding document
e3783,0090041018,subsequent document
e3784,0090041018,subsequent document
e3784,0087001023,preceding document
e3785,0090041018,subsequent document
e3785,0087001023,preceding document
e3890,4900000424,subsequent document
e3890,0005004883,preceding document
e3891,0101024000,subsequent document
e3891,0005004883,preceding document
e3892,0087001024,preceding document
e3892,4900000424,subsequent document
e3893,0101024000,subsequent document
e3893,0087001024,preceding document
e4618,0005004883,preceding document
e4618,0090041019,subsequent document
e4619,0005004883,preceding document
e4619,0090041019,subsequent document
e4620,0087001024,preceding document
e4620,0090041019,subsequent document
e4621,0087001024,preceding document
e4621,0090041019,subsequent document
e4744,0005004884,preceding document
e4744,4900000425,subsequent document
e4745,0101025000,subsequent document
e4745,0005004884,preceding document
e4746,0087001025,preceding document
e4746,4900000425,subsequent document
e4747,0087001025,preceding document
e4747,0101025000,subsequent document
e3786,0090041020,subsequent document
e3786,0005004884,preceding document
e3787,0090041020,subsequent document
e3787,0005004884,preceding document
e3788,0087001025,preceding document
e3788,0090041020,subsequent document
e3789,0087001025,preceding document
e3789,0090041020,subsequent document
e3945,4900000426,subsequent document
e3945,0005004885,preceding document
e3946,0101026000,subsequent document
e3946,0005004885,preceding document
e3947,4900000426,subsequent document
e3947,0087001026,preceding document
e3948,0101026000,subsequent document
e3948,0087001026,preceding document
e3790,0005004885,preceding document
e3790,0090041021,subsequent document
e3791,0005004885,preceding document
e3791,0090041021,subsequent document
e3792,0090041021,subsequent document
e3792,0087001026,preceding document
e3793,0090041021,subsequent document
e3793,0087001026,preceding document
e4658,0005004886,preceding document
e4658,4900000427,subsequent document
e4659,0101027000,subsequent document
e4659,0005004886,preceding document
e4660,4900000427,subsequent document
e4660,0087001027,preceding document
e4661,0101027000,subsequent document
e4661,0087001027,preceding document
e3794,0090041022,subsequent document
e3794,0005004886,preceding document
e3795,0090041022,subsequent document
e3795,0005004886,preceding document
e3796,0090041022,subsequent document
e3796,0087001027,preceding document
e3797,0090041022,subsequent document
e3797,0087001027,preceding document
e3798,0005004887,preceding document
e3798,0090041023,subsequent document
e3799,0005004887,preceding document
e3799,0090041023,subsequent document
e3800,0087001028,preceding document
e3800,0090041023,subsequent document
e3801,0087001028,preceding document
e3801,0090041023,subsequent document
e4339,0005004887,preceding document
e4339,4900000428,subsequent document
e4340,0005004887,preceding document
e4340,0101028000,subsequent document
e4341,4900000428,subsequent document
e4341,0087001028,preceding document
e4342,0101028000,subsequent document
e4342,0087001028,preceding document
e4068,4900000429,subsequent document
e4068,0005004888,preceding document
e4069,0101029000,subsequent document
e4069,0005004888,preceding document
e4070,4900000429,subsequent document
e4070,0087001029,preceding document
e4071,0101029000,subsequent document
e4071,0087001029,preceding document
e3802,0090041024,subsequent document
e3802,0005004888,preceding document
e3803,0090041024,subsequent document
e3803,0005004888,preceding document
e3804,0090041024,subsequent document
e3804,0087001029,preceding document
e3805,0090041024,subsequent document
e3805,0087001029,preceding document
e4387,0005004889,preceding document
e4387,4900000430,subsequent document
e4388,0005004889,preceding document
e4388,0101030000,subsequent document
e4389,0087001030,preceding document
e4389,4900000430,subsequent document
e4390,0087001030,preceding document
e4390,0101030000,subsequent document
e3806,0005004889,preceding document
e3806,0090041025,subsequent document
e3807,0005004889,preceding document
e3807,0090041025,subsequent document
e3808,0087001030,preceding document
e3808,0090041025,subsequent document
e3809,0087001030,preceding document
e3809,0090041025,subsequent document
e4025,0005004890,preceding document
e4025,4900000431,subsequent document
e4026,0101031000,subsequent document
e4026,0005004890,preceding document
e4027,0087001031,preceding document
e4027,4900000431,subsequent document
e4028,0101031000,subsequent document
e4028,0087001031,preceding document
e3810,0005004890,preceding document
e3810,0090041026,subsequent document
e3811,0005004890,preceding document
e3811,0090041026,subsequent document
e3812,0090041026,subsequent document
e3812,0087001031,preceding document
e3813,0090041026,subsequent document
e3813,0087001031,preceding document
e3949,4900000432,subsequent document
e3949,0005004891,preceding document
e3950,0005004891,preceding document
e3950,0101032000,subsequent document
e3951,4900000432,subsequent document
e3951,0087001032,preceding document
e3952,0101032000,subsequent document
e3952,0087001032,preceding document
e3814,0005004891,preceding document
e3814,0090041027,subsequent document
e3815,0005004891,preceding document
e3815,0090041027,subsequent document
e3816,0090041027,subsequent document
e3816,0087001032,preceding document
e3817,0090041027,subsequent document
e3817,0087001032,preceding document
e4343,4900000433,subsequent document
e4343,0005004892,preceding document
e4344,0101033000,subsequent document
e4344,0005004892,preceding document
e4345,4900000433,subsequent document
e4345,0087001033,preceding document
e4346,0101033000,subsequent document
e4346,0087001033,preceding document
e3818,0090041028,subsequent document
e3818,0005004892,preceding document
e3819,0090041028,subsequent document
e3819,0005004892,preceding document
e3820,0090041028,subsequent document
e3820,0087001033,preceding document
e3821,0090041028,subsequent document
e3821,0087001033,preceding document
e4391,4900000434,subsequent document
e4391,0005004893,preceding document
e4392,0101034000,subsequent document
e4392,0005004893,preceding document
e4393,4900000434,subsequent document
e4393,0087001034,preceding document
e4394,0101034000,subsequent document
e4394,0087001034,preceding document
e3822,0005004893,preceding document
e3822,0090041029,subsequent document
e3823,0005004893,preceding document
e3823,0090041029,subsequent document
e3824,0087001034,preceding document
e3824,0090041029,subsequent document
e3825,0087001034,preceding document
e3825,0090041029,subsequent document
e4748,0005004894,preceding document
e4748,4900000435,subsequent document
e4749,0005004894,preceding document
e4749,0101035000,subsequent document
e4750,4900000435,subsequent document
e4750,0087001035,preceding document
e4751,0101035000,subsequent document
e4751,0087001035,preceding document
e3826,0005004894,preceding document
e3826,0090041030,subsequent document
e3827,0005004894,preceding document
e3827,0090041030,subsequent document
e3828,0090041030,subsequent document
e3828,0087001035,preceding document
e3829,0090041030,subsequent document
e3829,0087001035,preceding document
e4527,4900000436,subsequent document
e4527,0005004895,preceding document
e4528,0005004895,preceding document
e4528,0101036000,subsequent document
e4529,4900000436,subsequent document
e4529,0087001036,preceding document
e4530,0087001036,preceding document
e4530,0101036000,subsequent document
e3830,0005004895,preceding document
e3830,0090041031,subsequent document
e3831,0005004895,preceding document
e3831,0090041031,subsequent document
e3832,0087001036,preceding document
e3832,0090041031,subsequent document
e3833,0087001036,preceding document
e3833,0090041031,subsequent document
e4662,0005004896,preceding document
e4662,4900000437,subsequent document
e4663,0005004896,preceding document
e4663,0101037000,subsequent document
e4664,4900000437,subsequent document
e4664,0087001037,preceding document
e4665,0101037000,subsequent document
e4665,0087001037,preceding document
e3834,0090041032,subsequent document
e3834,0005004896,preceding document
e3835,0090041032,subsequent document
e3835,0005004896,preceding document
e3836,0090041032,subsequent document
e3836,0087001037,preceding document
e3837,0090041032,subsequent document
e3837,0087001037,preceding document
e4531,0005004897,preceding document
e4531,4900000438,subsequent document
e4532,0005004897,preceding document
e4532,0101038000,subsequent document
e4533,0087001038,preceding document
e4533,4900000438,subsequent document
e4534,0087001038,preceding document
e4534,0101038000,subsequent document
e4622,0090041033,subsequent document
e4622,0005004897,preceding document
e4623,0090041033,subsequent document
e4623,0005004897,preceding document
e4624,0090041033,subsequent document
e4624,0087001038,preceding document
e4625,0090041033,subsequent document
e4625,0087001038,preceding document
e4535,0005004898,preceding document
e4535,4900000439,subsequent document
e4536,0101039000,subsequent document
e4536,0005004898,preceding document
e4537,0087001039,preceding document
e4537,4900000439,subsequent document
e4538,0101039000,subsequent document
e4538,0087001039,preceding document
e4626,0090041034,subsequent document
e4626,0005004898,preceding document
e4627,0090041034,subsequent document
e4627,0005004898,preceding document
e4628,0090041034,subsequent document
e4628,0087001039,preceding document
e4629,0090041034,subsequent document
e4629,0087001039,preceding document
e4029,0005004899,preceding document
e4029,4900000440,subsequent document
e4030,0101040000,subsequent document
e4030,0005004899,preceding document
e4031,0087001040,preceding document
e4031,4900000440,subsequent document
e4032,0087001040,preceding document
e4032,0101040000,subsequent document
e3838,0005004899,preceding document
e3838,0090041035,subsequent document
e3839,0005004899,preceding document
e3839,0090041035,subsequent document
e3840,0087001040,preceding document
e3840,0090041035,subsequent document
e3841,0087001040,preceding document
e3841,0090041035,subsequent document
e4752,0005004900,preceding document
e4752,4900000441,subsequent document
e4753,0101041000,subsequent document
e4753,0005004900,preceding document
e4754,4900000441,subsequent document
e4754,0087001041,preceding document
e4755,0101041000,subsequent document
e4755,0087001041,preceding document
e3842,0090041036,subsequent document
e3842,0005004900,preceding document
e3843,0090041036,subsequent document
e3843,0005004900,preceding document
e3844,0090041036,subsequent document
e3844,0087001041,preceding document
e3845,0090041036,subsequent document
e3845,0087001041,preceding document
e4539,0005004901,preceding document
e4539,4900000442,subsequent document
e4540,0005004901,preceding document
e4540,0101042000,subsequent document
e4541,0087001042,preceding document
e4541,4900000442,subsequent document
e4542,0087001042,preceding document
e4542,0101042000,subsequent document
e3846,0005004901,preceding document
e3846,0090041037,subsequent document
e3847,0005004901,preceding document
e3847,0090041037,subsequent document
e3848,0087001042,preceding document
e3848,0090041037,subsequent document
e3849,0087001042,preceding document
e3849,0090041037,subsequent document
e3850,0090041038,subsequent document
e3850,0005004902,preceding document
e3851,0090041038,subsequent document
e3851,0005004902,preceding document
e3852,0090041038,subsequent document
e3852,0087001043,preceding document
e3853,0090041038,subsequent document
e3853,0087001043,preceding document
e3894,4900000443,subsequent document
e3894,0005004902,preceding document
e3895,0005004902,preceding document
e3895,0101043000,subsequent document
e3896,4900000443,subsequent document
e3896,0087001043,preceding document
e3897,0101043000,subsequent document
e3897,0087001043,preceding document
e3898,0005004903,preceding document
e3898,4900000444,subsequent document
e3899,0101044000,subsequent document
e3899,0005004903,preceding document
e3900,0087001044,preceding document
e3900,4900000444,subsequent document
e3901,0087001044,preceding document
e3901,0101044000,subsequent document
e4630,0005004903,preceding document
e4630,0090041039,subsequent document
e4631,0005004903,preceding document
e4631,0090041039,subsequent document
e4632,0087001044,preceding document
e4632,0090041039,subsequent document
e4633,0087001044,preceding document
e4633,0090041039,subsequent document
e4347,4900000445,subsequent document
e4347,0005004904,preceding document
e4348,0101045000,subsequent document
e4348,0005004904,preceding document
e4349,0087001045,preceding document
e4349,4900000445,subsequent document
e4350,0087001045,preceding document
e4350,0101045000,subsequent document
e3854,0090041040,subsequent document
e3854,0005004904,preceding document
e3855,0090041040,subsequent document
e3855,0005004904,preceding document
e3856,0090041040,subsequent document
e3856,0087001045,preceding document
e3857,0090041040,subsequent document
e3857,0087001045,preceding document
e3858,0005004905,preceding document
e3858,0090041041,subsequent document
e3859,0005004905,preceding document
e3859,0090041041,subsequent document
e3860,0087001046,preceding document
e3860,0090041041,subsequent document
e3861,0087001046,preceding document
e3861,0090041041,subsequent document
e4543,0005004905,preceding document
e4543,4900000446,subsequent document
e4544,0005004905,preceding document
e4544,0101046000,subsequent document
e4545,0087001046,preceding document
e4545,4900000446,subsequent document
e4546,0087001046,preceding document
e4546,0101046000,subsequent document
e4547,4900000447,subsequent document
e4547,0005004906,preceding document
e4548,0005004906,preceding document
e4548,0101047000,subsequent document
e4549,0087001047,preceding document
e4549,4900000447,subsequent document
e4550,0087001047,preceding document
e4550,0101047000,subsequent document
e4634,0005004906,preceding document
e4634,0090041042,subsequent document
e4635,0005004906,preceding document
e4635,0090041042,subsequent document
e4636,0087001047,preceding document
e4636,0090041042,subsequent document
e4637,0087001047,preceding document
e4637,0090041042,subsequent document
e3953,0005004907,preceding document
e3953,4900000448,subsequent document
e3954,0005004907,preceding document
e3954,0101048000,subsequent document
e3955,4900000448,subsequent document
e3955,0087001048,preceding document
e3956,0087001048,preceding document
e3956,0101048000,subsequent document
e4638,0005004907,preceding document
e4638,0090041043,subsequent document
e4639,0005004907,preceding document
e4639,0090041043,subsequent document
e4640,0087001048,preceding document
e4640,0090041043,subsequent document
e4641,0087001048,preceding document
e4641,0090041043,subsequent document
e4642,0090041044,subsequent document
e4642,0005004908,preceding document
e4643,0090041044,subsequent document
e4643,0005004908,preceding document
e4644,0090041044,subsequent document
e4644,0087001049,preceding document
e4645,0090041044,subsequent document
e4645,0087001049,preceding document
e4666,0005004908,preceding document
e4666,4900000449,subsequent document
e4667,0101049000,subsequent document
e4667,0005004908,preceding document
e4668,0087001049,preceding document
e4668,4900000449,subsequent document
e4669,0087001049,preceding document
e4669,0101049000,subsequent document
e4756,4900000450,subsequent document
e4756,0005004909,preceding document
e4757,0005004909,preceding document
e4757,0101050000,subsequent document
e4758,4900000450,subsequent document
e4758,0087001050,preceding document
e4759,0087001050,preceding document
e4759,0101050000,subsequent document
e3862,0005004909,preceding document
e3862,0090041045,subsequent document
e3863,0005004909,preceding document
e3863,0090041045,subsequent document
e3864,0087001050,preceding document
e3864,0090041045,subsequent document
e3865,0087001050,preceding document
e3865,0090041045,subsequent document
e4033,0005004910,preceding document
e4033,4900000451,subsequent document
e4034,0005004910,preceding document
e4034,0101051000,subsequent document
e4035,4900000451,subsequent document
e4035,0087001051,preceding document
e4036,0087001051,preceding document
e4036,0101051000,subsequent document
e3902,0005004910,preceding document
e3902,0090041046,subsequent document
e3903,0005004910,preceding document
e3903,0090041046,subsequent document
e3904,0090041046,subsequent document
e3904,0087001051,preceding document
e3905,0090041046,subsequent document
e3905,0087001051,preceding document
e3922,4900000452,subsequent document
e3922,0005004911,preceding document
e3923,0005004911,preceding document
e3923,0101052000,subsequent document
e3924,0087001052,preceding document
e3924,4900000452,subsequent document
e3925,0087001052,preceding document
e3925,0101052000,subsequent document
e4680,0090041047,subsequent document
e4680,0005004911,preceding document
e4681,0090041047,subsequent document
e4681,0005004911,preceding document
e4682,0090041047,subsequent document
e4682,0087001052,preceding document
e4683,0090041047,subsequent document
e4683,0087001052,preceding document
e4760,0005004912,preceding document
e4760,4900000453,subsequent document
e4761,0005004912,preceding document
e4761,0101053000,subsequent document
e4762,0087001053,preceding document
e4762,4900000453,subsequent document
e4763,0101053000,subsequent document
e4763,0087001053,preceding document
e4233,0005004912,preceding document
e4233,0090041048,subsequent document
e4234,0005004912,preceding document
e4234,0090041048,subsequent document
e4235,0090041048,subsequent document
e4235,0087001053,preceding document
e4236,0090041048,subsequent document
e4236,0087001053,preceding document
e4395,0005004913,preceding document
e4395,4900000454,subsequent document
e4396,0101054000,subsequent document
e4396,0005004913,preceding document
e4397,4900000454,subsequent document
e4397,0087001054,preceding document
e4398,0101054000,subsequent document
e4398,0087001054,preceding document
e4237,0005004913,preceding document
e4237,0090041049,subsequent document
e4238,0005004913,preceding document
e4238,0090041049,subsequent document
e4239,0090041049,subsequent document
e4239,0087001054,preceding document
e4240,0090041049,subsequent document
e4240,0087001054,preceding document
e4241,0000005086,preceding document
e4241,4900000464,subsequent document
e4242,0080019017,preceding document
e4242,4900000464,subsequent document
e4551,0000019254,preceding document
e4551,4900000473,subsequent document
e4552,0080019018,preceding document
e4552,4900000473,subsequent document
e4553,0090041050,subsequent document
e4553,0000019254,preceding document
e4554,0090041050,subsequent document
e4554,0080019018,preceding document
e3968,0005004914,preceding document
e3968,4900000474,subsequent document
e3969,0511055000,subsequent document
e3969,0005004914,preceding document
e3970,0087001055,preceding document
e3970,4900000474,subsequent document
e3971,0511055000,subsequent document
e3971,0087001055,preceding document
e4040,0005004914,preceding document
e4040,0090041051,subsequent document
e4041,0005004914,preceding document
e4041,0090041051,subsequent document
e4042,0087001055,preceding document
e4042,0090041051,subsequent document
e4043,0087001055,preceding document
e4043,0090041051,subsequent document
e4084,0005004915,preceding document
e4084,4900000475,subsequent document
e4085,0005004915,preceding document
e4085,0511056000,subsequent document
e4086,4900000475,subsequent document
e4086,0087001056,preceding document
e4087,0087001056,preceding document
e4087,0511056000,subsequent document
e4044,0005004915,preceding document
e4044,0090041052,subsequent document
e4045,0005004915,preceding document
e4045,0090041052,subsequent document
e4046,0090041052,subsequent document
e4046,0087001056,preceding document
e4047,0090041052,subsequent document
e4047,0087001056,preceding document
e4670,4900000476,subsequent document
e4670,0005004916,preceding document
e4671,0511057000,subsequent document
e4671,0005004916,preceding document
e4672,4900000476,subsequent document
e4672,0087001057,preceding document
e4673,0511057000,subsequent document
e4673,0087001057,preceding document
e4048,0090041053,subsequent document
e4048,0005004916,preceding document
e4049,0090041053,subsequent document
e4049,0005004916,preceding document
e4050,0090041053,subsequent document
e4050,0087001057,preceding document
e4051,0090041053,subsequent document
e4051,0087001057,preceding document
e4052,0090041054,subsequent document
e4052,0005004917,preceding document
e4053,0090041054,subsequent document
e4053,0005004917,preceding document
e4054,0090041054,subsequent document
e4054,0087001058,preceding document
e4055,0090041054,subsequent document
e4055,0087001058,preceding document
e4684,4900000477,subsequent document
e4684,0005004917,preceding document
e4685,0005004917,preceding document
e4685,0511058000,subsequent document
e4686,4900000477,subsequent document
e4686,0087001058,preceding document
e4687,0087001058,preceding document
e4687,0511058000,subsequent document
e3957,4900000478,subsequent document
e3957,0005004918,preceding document
e3958,0511059000,subsequent document
e3958,0005004918,preceding document
e3959,4900000478,subsequent document
e3959,0087001059,preceding document
e3960,0511059000,subsequent document
e3960,0087001059,preceding document
e4243,0090041055,subsequent document
e4243,0005004918,preceding document
e4244,0090041055,subsequent document
e4244,0005004918,preceding document
e4245,0087001059,preceding document
e4245,0090041055,subsequent document
e4246,0087001059,preceding document
e4246,0090041055,subsequent document
e4674,0005004919,preceding document
e4674,4900000479,subsequent document
e4675,0511060000,subsequent document
e4675,0005004919,preceding document
e4676,0087001060,preceding document
e4676,4900000479,subsequent document
e4677,0511060000,subsequent document
e4677,0087001060,preceding document
e4247,0005004919,preceding document
e4247,0090041056,subsequent document
e4248,0005004919,preceding document
e4248,0090041056,subsequent document
e4249,0090041056,subsequent document
e4249,0087001060,preceding document
e4250,0090041056,subsequent document
e4250,0087001060,preceding document
e4072,0005004920,preceding document
e4072,4900000480,subsequent document
e4073,0005004920,preceding document
e4073,0511061000,subsequent document
e4074,0087001061,preceding document
e4074,4900000480,subsequent document
e4075,0087001061,preceding document
e4075,0511061000,subsequent document
e4251,0005004920,preceding document
e4251,0090041057,subsequent document
e4252,0005004920,preceding document
e4252,0090041057,subsequent document
e4253,0087001061,preceding document
e4253,0090041057,subsequent document
e4254,0087001061,preceding document
e4254,0090041057,subsequent document
e3961,0005004921,preceding document
e3961,4900000481,subsequent document
e3962,0005004921,preceding document
e3962,0511062000,subsequent document
e3963,0087001062,preceding document
e3963,4900000481,subsequent document
e3964,0511062000,subsequent document
e3964,0087001062,preceding document
e4255,0005004921,preceding document
e4255,0090041058,subsequent document
e4256,0005004921,preceding document
e4256,0090041058,subsequent document
e4257,0087001062,preceding document
e4257,0090041058,subsequent document
e4258,0087001062,preceding document
e4258,0090041058,subsequent document
e4259,0005004922,preceding document
e4259,0090041059,subsequent document
e4260,0005004922,preceding document
e4260,0090041059,subsequent document
e4261,0087001063,preceding document
e4261,0090041059,subsequent document
e4262,0087001063,preceding document
e4262,0090041059,subsequent document
e4678,4900000482,subsequent document
e4678,0005004922,preceding document
e4679,0005004922,preceding document
e4679,0511063000,subsequent document
e4690,0087001063,preceding document
e4690,4900000482,subsequent document
e4691,0087001063,preceding document
e4691,0511063000,subsequent document
e4351,0005004923,preceding document
e4351,4900000483,subsequent document
e4352,0511064000,subsequent document
e4352,0005004923,preceding document
e4353,0087001064,preceding document
e4353,4900000483,subsequent document
e4354,0511064000,subsequent document
e4354,0087001064,preceding document
e4263,0005004923,preceding document
e4263,0090041060,subsequent document
e4264,0005004923,preceding document
e4264,0090041060,subsequent document
e4265,0087001064,preceding document
e4265,0090041060,subsequent document
e4266,0087001064,preceding document
e4266,0090041060,subsequent document
e3965,4900000484,subsequent document
e3965,0005004924,preceding document
e3966,0005004924,preceding document
e3966,0511065000,subsequent document
e3967,4900000484,subsequent document
e3967,0087001065,preceding document
e3972,0511065000,subsequent document
e3972,0087001065,preceding document
e4267,0005004924,preceding document
e4267,0090041061,subsequent document
e4268,0005004924,preceding document
e4268,0090041061,subsequent document
e4269,0087001065,preceding document
e4269,0090041061,subsequent document
e4270,0087001065,preceding document
e4270,0090041061,subsequent document
e4311,0005004925,preceding document
e4311,4900000485,subsequent document
e4312,0511066000,subsequent document
e4312,0005004925,preceding document
e4313,0087001066,preceding document
e4313,4900000485,subsequent document
e4314,0087001066,preceding document
e4314,0511066000,subsequent document
e4271,0090041062,subsequent document
e4271,0005004925,preceding document
e4272,0090041062,subsequent document
e4272,0005004925,preceding document
e4273,0087001066,preceding document
e4273,0090041062,subsequent document
e4274,0087001066,preceding document
e4274,0090041062,subsequent document
e4275,0090041063,subsequent document
e4275,0005004926,preceding document
e4276,0090041063,subsequent document
e4276,0005004926,preceding document
e4277,0087001067,preceding document
e4277,0090041063,subsequent document
e4278,0087001067,preceding document
e4278,0090041063,subsequent document
e4355,4900000486,subsequent document
e4355,0005004926,preceding document
e4356,0511067000,subsequent document
e4356,0005004926,preceding document
e4357,4900000486,subsequent document
e4357,0087001067,preceding document
e4358,0511067000,subsequent document
e4358,0087001067,preceding document
e4279,0005004927,preceding document
e4279,0090041064,subsequent document
e4280,0005004927,preceding document
e4280,0090041064,subsequent document
e4281,0087001068,preceding document
e4281,0090041064,subsequent document
e4282,0087001068,preceding document
e4282,0090041064,subsequent document
e4359,4900000487,subsequent document
e4359,0005004927,preceding document
e4360,0005004927,preceding document
e4360,0511068000,subsequent document
e4361,0087001068,preceding document
e4361,4900000487,subsequent document
e4362,0087001068,preceding document
e4362,0511068000,subsequent document
e4076,0005004928,preceding document
e4076,4900000488,subsequent document
e4077,0511069000,subsequent document
e4077,0005004928,preceding document
e4078,0087001069,preceding document
e4078,4900000488,subsequent document
e4079,0087001069,preceding document
e4079,0511069000,subsequent document
e4283,0090041065,subsequent document
e4283,0005004928,preceding document
e4284,0090041065,subsequent document
e4284,0005004928,preceding document
e4285,0087001069,preceding document
e4285,0090041065,subsequent document
e4286,0087001069,preceding document
e4286,0090041065,subsequent document
e4080,4900000489,subsequent document
e4080,0005004929,preceding document
e4081,0511070000,subsequent document
e4081,0005004929,preceding document
e4082,4900000489,subsequent document
e4082,0087001070,preceding document
e4083,0087001070,preceding document
e4083,0511070000,subsequent document
e4585,0090041066,subsequent document
e4585,0005004929,preceding document
e4586,0090041066,subsequent document
e4586,0005004929,preceding document
e4587,0087001070,preceding document
e4587,0090041066,subsequent document
e4588,0087001070,preceding document
e4588,0090041066,subsequent document
e4315,0005004930,preceding document
e4315,4900000490,subsequent document
e4316,0005004930,preceding document
e4316,0511071000,subsequent document
e4317,0087001071,preceding document
e4317,4900000490,subsequent document
e4318,0087001071,preceding document
e4318,0511071000,subsequent document
e4589,0090041067,subsequent document
e4589,0005004930,preceding document
e4590,0090041067,subsequent document
e4590,0005004930,preceding document
e4591,0090041067,subsequent document
e4591,0087001071,preceding document
e4592,0090041067,subsequent document
e4592,0087001071,preceding document
e4088,4900000491,subsequent document
e4088,0005004931,preceding document
e4089,0511072000,subsequent document
e4089,0005004931,preceding document
e4090,0087001072,preceding document
e4090,4900000491,subsequent document
e4091,0087001072,preceding document
e4091,0511072000,subsequent document
e4593,0090041068,subsequent document
e4593,0005004931,preceding document
e4594,0090041068,subsequent document
e4594,0005004931,preceding document
e4595,0087001072,preceding document
e4595,0090041068,subsequent document
e4596,0087001072,preceding document
e4596,0090041068,subsequent document
e4363,4900000492,subsequent document
e4363,0005004932,preceding document
e4364,0005004932,preceding document
e4364,0511073000,subsequent document
e4365,4900000492,subsequent document
e4365,0087001073,preceding document
e4366,0087001073,preceding document
e4366,0511073000,subsequent document
e4597,0005004932,preceding document
e4597,0090041069,subsequent document
e4598,0005004932,preceding document
e4598,0090041069,subsequent document
e4599,0087001073,preceding document
e4599,0090041069,subsequent document
e4600,0087001073,preceding document
e4600,0090041069,subsequent document
e4601,4900000493,subsequent document
e4601,0005004933,preceding document
e4602,0005004933,preceding document
e4602,0511074000,subsequent document
e4603,4900000493,subsequent document
e4603,0087001074,preceding document
e4604,0087001074,preceding document
e4604,0511074000,subsequent document
e4605,0005004933,preceding document
e4605,0090041070,subsequent document
e4606,0005004933,preceding document
e4606,0090041070,subsequent document
e4607,0087001074,preceding document
e4607,0090041070,subsequent document
e4608,0087001074,preceding document
e4608,0090041070,subsequent document
e4764,0005004934,preceding document
e4764,4900000494,subsequent document
e4765,0005004934,preceding document
e4765,0511075000,subsequent document
e4766,0087001075,preceding document
e4766,4900000494,subsequent document
e4767,0087001075,preceding document
e4767,0511075000,subsequent document
e4287,0090041071,subsequent document
e4287,0005004934,preceding document
e4288,0090041071,subsequent document
e4288,0005004934,preceding document
e4289,0090041071,subsequent document
e4289,0087001075,preceding document
e4290,0090041071,subsequent document
e4290,0087001075,preceding document
e4092,4900000495,subsequent document
e4092,0005004935,preceding document
e4093,0511076000,subsequent document
e4093,0005004935,preceding document
e4094,4900000495,subsequent document
e4094,0087001076,preceding document
e4095,0511076000,subsequent document
e4095,0087001076,preceding document
e4291,0005004935,preceding document
e4291,0090041072,subsequent document
e4292,0005004935,preceding document
e4292,0090041072,subsequent document
e4293,0087001076,preceding document
e4293,0090041072,subsequent document
e4294,0087001076,preceding document
e4294,0090041072,subsequent document
e3973,4900000496,subsequent document
e3973,0005004936,preceding document
e3974,0511077000,subsequent document
e3974,0005004936,preceding document
e3975,0087001077,preceding document
e3975,4900000496,subsequent document
e3976,0087001077,preceding document
e3976,0511077000,subsequent document
e4295,0090041073,subsequent document
e4295,0005004936,preceding document
e4296,0090041073,subsequent document
e4296,0005004936,preceding document
e4297,0087001077,preceding document
e4297,0090041073,subsequent document
e4298,0087001077,preceding document
e4298,0090041073,subsequent document
e4096,4900000497,subsequent document
e4096,0005004937,preceding document
e4097,0511078000,subsequent document
e4097,0005004937,preceding document
e4098,4900000497,subsequent document
e4098,0087001078,preceding document
e4099,0511078000,subsequent document
e4099,0087001078,preceding document
e4609,0090041074,subsequent document
e4609,0005004937,preceding document
e4610,0090041074,subsequent document
e4610,0005004937,preceding document
e4611,0090041074,subsequent document
e4611,0087001078,preceding document
e4612,0090041074,subsequent document
e4612,0087001078,preceding document
e4768,0005004938,preceding document
e4768,4900000498,subsequent document
e4769,0511079000,subsequent document
e4769,0005004938,preceding document
e4770,0087001079,preceding document
e4770,4900000498,subsequent document
e4771,0511079000,subsequent document
e4771,0087001079,preceding document
e4613,0090041075,subsequent document
e4613,0005004938,preceding document
e4614,0090041075,subsequent document
e4614,0005004938,preceding document
e4615,0087001079,preceding document
e4615,0090041075,subsequent document
e4692,0087001079,preceding document
e4692,0090041075,subsequent document
e4100,4900000499,subsequent document
e4100,0005004939,preceding document
e4101,0005004939,preceding document
e4101,0511080000,subsequent document
e4102,4900000499,subsequent document
e4102,0087001080,preceding document
e4103,0087001080,preceding document
e4103,0511080000,subsequent document
e3906,0090041076,subsequent document
e3906,0005004939,preceding document
e3907,0090041076,subsequent document
e3907,0005004939,preceding document
e3908,0090041076,subsequent document
e3908,0087001080,preceding document
e3909,0090041076,subsequent document
e3909,0087001080,preceding document
e3910,0005004940,preceding document
e3910,0090041077,subsequent document
e3911,0005004940,preceding document
e3911,0090041077,subsequent document
e3912,0087001081,preceding document
e3912,0090041077,subsequent document
e3913,0087001081,preceding document
e3913,0090041077,subsequent document
e4319,0005004940,preceding document
e4319,4900000500,subsequent document
e4320,0511081000,subsequent document
e4320,0005004940,preceding document
e4321,0087001081,preceding document
e4321,4900000500,subsequent document
e4322,0511081000,subsequent document
e4322,0087001081,preceding document
e4104,4900000501,subsequent document
e4104,0005004941,preceding document
e4105,0511082000,subsequent document
e4105,0005004941,preceding document
e4106,0087001082,preceding document
e4106,4900000501,subsequent document
e4107,0511082000,subsequent document
e4107,0087001082,preceding document
e3914,0090041078,subsequent document
e3914,0005004941,preceding document
e3915,0090041078,subsequent document
e3915,0005004941,preceding document
e3916,0090041078,subsequent document
e3916,0087001082,preceding document
e3917,0090041078,subsequent document
e3917,0087001082,preceding document
e4772,4900000502,subsequent document
e4772,0005004942,preceding document
e4773,0511083000,subsequent document
e4773,0005004942,preceding document
e4774,4900000502,subsequent document
e4774,0087001083,preceding document
e4775,0511083000,subsequent document
e4775,0087001083,preceding document
e3918,0090041079,subsequent document
e3918,0005004942,preceding document
e3919,0090041079,subsequent document
e3919,0005004942,preceding document
e3920,0087001083,preceding document
e3920,0090041079,subsequent document
e3921,0087001083,preceding document
e3921,0090041079,subsequent document
e4323,0005004943,preceding document
e4323,4900000503,subsequent document
e4324,0005004943,preceding document
e4324,0511084000,subsequent document
e4325,4900000503,subsequent document
e4325,0087001084,preceding document
e4326,0087001084,preceding document
e4326,0511084000,subsequent document
e4299,0005004943,preceding document
e4299,0090041080,subsequent document
e4300,0005004943,preceding document
e4300,0090041080,subsequent document
e4301,0087001084,preceding document
e4301,0090041080,subsequent document
e4302,0087001084,preceding document
e4302,0090041080,subsequent document
e4108,4900000504,subsequent document
e4108,0005004944,preceding document
e4109,0511085000,subsequent document
e4109,0005004944,preceding document
e4110,4900000504,subsequent document
e4110,0087001085,preceding document
e4111,0511085000,subsequent document
e4111,0087001085,preceding document
e4303,0090041081,subsequent document
e4303,0005004944,preceding document
e4304,0090041081,subsequent document
e4304,0005004944,preceding document
e4305,0090041081,subsequent document
e4305,0087001085,preceding document
e4306,0090041081,subsequent document
e4306,0087001085,preceding document
e4112,4900000505,subsequent document
e4112,0005004945,preceding document
e4113,0005004945,preceding document
e4113,0511086000,subsequent document
e4114,4900000505,subsequent document
e4114,0087001086,preceding document
e4115,0087001086,preceding document
e4115,0511086000,subsequent document
e4693,0005004945,preceding document
e4693,0090041082,subsequent document
e4694,0005004945,preceding document
e4694,0090041082,subsequent document
e4695,0087001086,preceding document
e4695,0090041082,subsequent document
e4696,0087001086,preceding document
e4696,0090041082,subsequent document
e4697,0005004946,preceding document
e4697,4900000506,subsequent document
e4698,0005004946,preceding document
e4698,0511087000,subsequent document
e4699,0087001087,preceding document
e4699,4900000506,subsequent document
e4700,0087001087,preceding document
e4700,0511087000,subsequent document
e4701,0005004946,preceding document
e4701,0090041083,subsequent document
e4702,0005004946,preceding document
e4702,0090041083,subsequent document
e4703,0087001087,preceding document
e4703,0090041083,subsequent document
e4704,0087001087,preceding document
e4704,0090041083,subsequent document
e4367,4900000507,subsequent document
e4367,0005004947,preceding document
e4368,0511088000,subsequent document
e4368,0005004947,preceding document
e4369,0087001088,preceding document
e4369,4900000507,subsequent document
e4370,0511088000,subsequent document
e4370,0087001088,preceding document
e4705,0090041084,subsequent document
e4705,0005004947,preceding document
e4706,0090041084,subsequent document
e4706,0005004947,preceding document
e4707,0090041084,subsequent document
e4707,0087001088,preceding document
e4708,0090041084,subsequent document
e4708,0087001088,preceding document
e4307,4900000513,subsequent document
e4307,0000019260,preceding document
e4308,4900000513,subsequent document
e4308,0080019020,preceding document
e4309,0000019260,preceding document
e4309,0090041085,subsequent document
e4310,0080019020,preceding document
e4310,0090041085,subsequent document
e4709,0015000359,preceding document
e4709,0005001467,subsequent document
e4154,0005004948,subsequent document
e4154,0005001467,preceding document
e4710,0005004948,preceding document
e4710,4900000517,subsequent document
e4711,0087001089,preceding document
e4711,4900000517,subsequent document
e4155,0005004948,preceding document
e4155,0090041086,subsequent document
e4156,0087001089,preceding document
e4156,0090041086,subsequent document
e4037,4900000530,subsequent document
e4037,0000019263,preceding document
e4038,4900000530,subsequent document
e4038,0080019022,preceding document
e4116,0010000103,preceding document
e4116,0020000291,subsequent document
e4117,0010000103,preceding document
e4117,0020000291,subsequent document
e4039,5000004699,subsequent document
e4039,0180000402,preceding document
e3926,0180000402,preceding document
e3926,5000004700,subsequent document
e3927,0180000402,preceding document
e3927,5000004701,subsequent document
e3928,0180000402,preceding document
e3928,5000004701,subsequent document
e4118,0000005037,preceding document
e4118,0060000166,subsequent document
e4119,0000005037,preceding document
e4119,0060000166,subsequent document
e4120,0010000104,preceding document
e4120,0020000292,subsequent document
e4121,0010000104,preceding document
e4121,0020000292,subsequent document
e4688,0180000404,preceding document
e4688,5000004840,subsequent document
e4689,0180000404,preceding document
e4689,5000004841,subsequent document
